2026-10-05T10:07:41.614389+00:00 WARNING 'ansible_navigator.image_manager.puller._log_message' Image inspection failed, image assumed to be corrupted or missing
2026-10-05T10:07:41.614735+00:00 WARNING 'ansible_navigator.image_manager.puller._log_message' stdout: []

2026-10-05T10:07:41.614792+00:00 WARNING 'ansible_navigator.image_manager.puller._log_message' stderr: Error: registry.redhat.io/ansible-automation-platform-26/ee-supported-rhel9:latest: image not known

2026-10-05T10:07:42.364970+00:00 ERROR 'ansible_navigator.image_manager.puller._log_message' Execution environment pull failed
2026-10-05T10:13:07.103819+00:00 INFO 'ansible_navigator.setup_logger' New ansible-navigator instance, logging initialized
2026-10-05T10:13:07.104174+00:00 INFO 'ansible_navigator.setup_logger' New ansible-runner instance, logging initialized
2026-10-05T10:13:07.104228+00:00 DEBUG 'ansible_navigator.main' MarkupSafe==2.1.5 
2026-10-05T10:13:07.104258+00:00 DEBUG 'ansible_navigator.main' Parsley==1.3 
2026-10-05T10:13:07.104287+00:00 DEBUG 'ansible_navigator.main' PyYAML==6.0 
2026-10-05T10:13:07.104313+00:00 DEBUG 'ansible_navigator.main' ansible-builder==3.1.1 
2026-10-05T10:13:07.104337+00:00 DEBUG 'ansible_navigator.main' ansible-compat==25.12.0 
2026-10-05T10:13:07.104368+00:00 DEBUG 'ansible_navigator.main' ansible-core==2.16.15 
2026-10-05T10:13:07.104430+00:00 DEBUG 'ansible_navigator.main' ansible-creator==25.12.0 
2026-10-05T10:13:07.104460+00:00 DEBUG 'ansible_navigator.main' ansible-dev-environment==25.12.2 
2026-10-05T10:13:07.104482+00:00 DEBUG 'ansible_navigator.main' ansible-dev-tools==26.1.0 
2026-10-05T10:13:07.104501+00:00 DEBUG 'ansible_navigator.main' ansible-lint==26.1.0 
2026-10-05T10:13:07.104521+00:00 DEBUG 'ansible_navigator.main' ansible-navigator==26.1.1 
2026-10-05T10:13:07.104539+00:00 DEBUG 'ansible_navigator.main' ansible-runner==2.4.2 
2026-10-05T10:13:07.104557+00:00 DEBUG 'ansible_navigator.main' ansible-sign==0.1.4 
2026-10-05T10:13:07.104574+00:00 DEBUG 'ansible_navigator.main' attrs==22.2.0 /usr/lib/python3.11/site-packages/attrs/__init__.py
2026-10-05T10:13:07.104591+00:00 DEBUG 'ansible_navigator.main' bindep==2.13.0 /usr/lib/python3.11/site-packages/bindep/__init__.py
2026-10-05T10:13:07.104609+00:00 DEBUG 'ansible_navigator.main' cachetools==5.3.2 /usr/lib/python3.11/site-packages/cachetools/__init__.py
2026-10-05T10:13:07.104627+00:00 DEBUG 'ansible_navigator.main' cffi==1.15.1 /usr/lib64/python3.11/site-packages/cffi/__init__.py
2026-10-05T10:13:07.104645+00:00 DEBUG 'ansible_navigator.main' chardet==5.2.0 /usr/lib/python3.11/site-packages/chardet/__init__.py
2026-10-05T10:13:07.104662+00:00 DEBUG 'ansible_navigator.main' click-help-colors==0.9.4 
2026-10-05T10:13:07.104679+00:00 DEBUG 'ansible_navigator.main' click==8.1.7 /usr/lib/python3.11/site-packages/click/__init__.py
2026-10-05T10:13:07.104696+00:00 DEBUG 'ansible_navigator.main' commonmark==0.9.1 /usr/lib/python3.11/site-packages/commonmark/__init__.py
2026-10-05T10:13:07.104713+00:00 DEBUG 'ansible_navigator.main' cryptography==42.0.5 /usr/lib64/python3.11/site-packages/cryptography/__init__.py
2026-10-05T10:13:07.104730+00:00 DEBUG 'ansible_navigator.main' distlib==0.4.0 /usr/lib/python3.11/site-packages/distlib/__init__.py
2026-10-05T10:13:07.104747+00:00 DEBUG 'ansible_navigator.main' distro==1.9.0 /usr/lib/python3.11/site-packages/distro/__init__.py
2026-10-05T10:13:07.104764+00:00 DEBUG 'ansible_navigator.main' docutils==0.20.1 /usr/lib/python3.11/site-packages/docutils/__init__.py
2026-10-05T10:13:07.104781+00:00 DEBUG 'ansible_navigator.main' enrich==1.2.7 /usr/lib/python3.11/site-packages/enrich/__init__.py
2026-10-05T10:13:07.104798+00:00 DEBUG 'ansible_navigator.main' lockfile==0.12.2 /usr/lib/python3.11/site-packages/lockfile/__init__.py
2026-10-05T10:13:07.104815+00:00 DEBUG 'ansible_navigator.main' molecule==25.12.0 /usr/lib/python3.11/site-packages/molecule/__init__.py
2026-10-05T10:13:07.104832+00:00 DEBUG 'ansible_navigator.main' mypy-extensions==1.0.0 
2026-10-05T10:13:07.104849+00:00 DEBUG 'ansible_navigator.main' onigurumacffi==1.3.0 /usr/lib64/python3.11/site-packages/onigurumacffi.py
2026-10-05T10:13:07.104877+00:00 DEBUG 'ansible_navigator.main' pbr==6.0.0 /usr/lib/python3.11/site-packages/pbr/__init__.py
2026-10-05T10:13:07.104895+00:00 DEBUG 'ansible_navigator.main' pexpect==4.9.0 /usr/lib/python3.11/site-packages/pexpect/__init__.py
2026-10-05T10:13:07.104913+00:00 DEBUG 'ansible_navigator.main' pluggy==1.6.0 /usr/lib/python3.11/site-packages/pluggy/__init__.py
2026-10-05T10:13:07.104929+00:00 DEBUG 'ansible_navigator.main' ply==3.11 /usr/lib/python3.11/site-packages/ply/__init__.py
2026-10-05T10:13:07.104946+00:00 DEBUG 'ansible_navigator.main' pycparser==2.20 /usr/lib/python3.11/site-packages/pycparser/__init__.py
2026-10-05T10:13:07.104963+00:00 DEBUG 'ansible_navigator.main' pytest-ansible==25.12.0 
2026-10-05T10:13:07.104980+00:00 DEBUG 'ansible_navigator.main' pytest-plus==0.8.1 
2026-10-05T10:13:07.104997+00:00 DEBUG 'ansible_navigator.main' pytest-sugar==1.1.1 
2026-10-05T10:13:07.105013+00:00 DEBUG 'ansible_navigator.main' pytest-xdist==3.8.0 
2026-10-05T10:13:07.105029+00:00 DEBUG 'ansible_navigator.main' pytest==9.0.1 /usr/lib/python3.11/site-packages/pytest/__init__.py
2026-10-05T10:13:07.105059+00:00 DEBUG 'ansible_navigator.main' python-daemon==3.1.2 
2026-10-05T10:13:07.105077+00:00 DEBUG 'ansible_navigator.main' python-gnupg==0.5.2 
2026-10-05T10:13:07.105094+00:00 DEBUG 'ansible_navigator.main' resolvelib==1.0.1 /usr/lib/python3.11/site-packages/resolvelib/__init__.py
2026-10-05T10:13:07.105111+00:00 DEBUG 'ansible_navigator.main' ruamel.yaml.clib==0.2.15 
2026-10-05T10:13:07.105128+00:00 DEBUG 'ansible_navigator.main' ruamel.yaml==0.18.15 /usr/lib/python3.11/site-packages/ruamel/yaml/__init__.py
2026-10-05T10:13:07.105144+00:00 DEBUG 'ansible_navigator.main' setuptools==65.5.1 /usr/lib/python3.11/site-packages/setuptools/__init__.py
2026-10-05T10:13:07.105161+00:00 DEBUG 'ansible_navigator.main' subprocess-tee==0.4.2 
2026-10-05T10:13:07.105178+00:00 DEBUG 'ansible_navigator.main' tox-ansible==25.12.0 
2026-10-05T10:13:07.105194+00:00 DEBUG 'ansible_navigator.main' yamllint==1.35.1 /usr/lib/python3.11/site-packages/yamllint/__init__.py
2026-10-05T10:13:07.105211+00:00 DEBUG 'ansible_navigator.main' Default collection_doc_cache_path set to: /home/student/.cache/ansible-navigator/collection_doc_cache.db
2026-10-05T10:13:07.105228+00:00 DEBUG 'ansible_navigator.main' EDITOR environment variable not set
2026-10-05T10:13:07.105245+00:00 DEBUG 'ansible_navigator.main' Default editor_command set to: vi +{line_number} {filename}
2026-10-05T10:13:07.105262+00:00 DEBUG 'ansible_navigator.main' No config file set by ANSIBLE_NAVIGATOR_CONFIG
2026-10-05T10:13:07.105278+00:00 DEBUG 'ansible_navigator.main' Looking in /home/student/.ansible-navigator
2026-10-05T10:13:07.105295+00:00 DEBUG 'ansible_navigator.main' Looking for '/home/student/.ansible-navigator.yml', '/home/student/.ansible-navigator.yaml' and '/home/student/.ansible-navigator.json'
2026-10-05T10:13:07.105313+00:00 DEBUG 'ansible_navigator.main' Found 0: 
2026-10-05T10:13:07.105329+00:00 DEBUG 'ansible_navigator.main' Looking in /home/student/cmc/ansible-navigator
2026-10-05T10:13:07.105345+00:00 DEBUG 'ansible_navigator.main' Looking for '/home/student/cmc/ansible-navigator.yml', '/home/student/cmc/ansible-navigator.yaml' and '/home/student/cmc/ansible-navigator.json'
2026-10-05T10:13:07.105362+00:00 DEBUG 'ansible_navigator.main' Found 0: 
2026-10-05T10:13:07.105379+00:00 DEBUG 'ansible_navigator.main' All found 0: 
2026-10-05T10:13:07.105395+00:00 DEBUG 'ansible_navigator.main' Using: None
2026-10-05T10:13:07.105418+00:00 DEBUG 'ansible_navigator.main' No valid settings file found, using all default values for settings.
2026-10-05T10:13:07.105436+00:00 DEBUG 'ansible_navigator.main' Command provided: 'run convert_cisco.yml -i jp_inventory --pp missing -m stdut --eei aap.lab.example.com/ee-supported-rhel9:latest --pae false'
2026-10-05T10:13:07.105453+00:00 DEBUG 'ansible_navigator.main' EE support enabled: using current working directory for 'ansible.cfg'
2026-10-05T10:13:07.105474+00:00 INFO 'ansible_navigator.main' EE support enabled: found 'ansible.cfg' in current working directory.
2026-10-05T10:13:07.105492+00:00 DEBUG 'ansible_navigator.main' Completed post processing for ansible_runner_artifact_dir. (changed=False)
2026-10-05T10:13:07.105508+00:00 DEBUG 'ansible_navigator.main' Completed post processing for ansible_runner_rotate_artifacts_count. (changed=False)
2026-10-05T10:13:07.105525+00:00 DEBUG 'ansible_navigator.main' Completed post processing for ansible_runner_timeout. (changed=False)
2026-10-05T10:13:07.105541+00:00 DEBUG 'ansible_navigator.main' Completed post processing for cmdline. (changed=False)
2026-10-05T10:13:07.105558+00:00 DEBUG 'ansible_navigator.main' Completed post processing for collection_doc_cache_path. (changed=False)
2026-10-05T10:13:07.105574+00:00 DEBUG 'ansible_navigator.main' Completed post processing for config. (changed=False)
2026-10-05T10:13:07.105591+00:00 DEBUG 'ansible_navigator.main' Completed post processing for config. (changed=False)
2026-10-05T10:13:07.105608+00:00 DEBUG 'ansible_navigator.main' Completed post processing for container_engine. (changed=True)
2026-10-05T10:13:07.105625+00:00 DEBUG 'ansible_navigator.main'  before: 'auto'
2026-10-05T10:13:07.105642+00:00 DEBUG 'ansible_navigator.main'  after: 'podman'
2026-10-05T10:13:07.105659+00:00 DEBUG 'ansible_navigator.main' Completed post processing for container_options. (changed=False)
2026-10-05T10:13:07.105675+00:00 DEBUG 'ansible_navigator.main' Completed post processing for display_color. (changed=False)
2026-10-05T10:13:07.105692+00:00 DEBUG 'ansible_navigator.main' Completed post processing for enable_prompts. (changed=False)
2026-10-05T10:13:07.105709+00:00 DEBUG 'ansible_navigator.main' Completed post processing for execution_environment. (changed=False)
2026-10-05T10:13:07.105726+00:00 DEBUG 'ansible_navigator.main' Completed post processing for execution_environment_image. (changed=False)
2026-10-05T10:13:07.105742+00:00 DEBUG 'ansible_navigator.main' Completed post processing for help_builder. (changed=False)
2026-10-05T10:13:07.105759+00:00 DEBUG 'ansible_navigator.main' Completed post processing for help_config. (changed=False)
2026-10-05T10:13:07.105776+00:00 DEBUG 'ansible_navigator.main' Completed post processing for help_doc. (changed=False)
2026-10-05T10:13:07.105793+00:00 DEBUG 'ansible_navigator.main' Completed post processing for help_inventory. (changed=False)
2026-10-05T10:13:07.105809+00:00 DEBUG 'ansible_navigator.main' Completed post processing for help_playbook. (changed=False)
2026-10-05T10:13:07.105825+00:00 DEBUG 'ansible_navigator.main' Completed post processing for images_details. (changed=False)
2026-10-05T10:13:07.105842+00:00 DEBUG 'ansible_navigator.main' Completed post processing for inventory. (changed=True)
2026-10-05T10:13:07.105858+00:00 DEBUG 'ansible_navigator.main'  before: '[['jp_inventory']]'
2026-10-05T10:13:07.105875+00:00 DEBUG 'ansible_navigator.main'  after: '['/home/student/cmc/jp_inventory']'
2026-10-05T10:13:07.105891+00:00 DEBUG 'ansible_navigator.main' Completed post processing for inventory_column. (changed=False)
2026-10-05T10:13:07.105908+00:00 DEBUG 'ansible_navigator.main' Completed post processing for log_file. (changed=False)
2026-10-05T10:13:07.105924+00:00 DEBUG 'ansible_navigator.main' Completed post processing for pass_environment_variable. (changed=False)
2026-10-05T10:13:07.105941+00:00 DEBUG 'ansible_navigator.main' Completed post processing for playbook. (changed=True)
2026-10-05T10:13:07.105957+00:00 DEBUG 'ansible_navigator.main'  before: 'convert_cisco.yml'
2026-10-05T10:13:07.105973+00:00 DEBUG 'ansible_navigator.main'  after: '/home/student/cmc/convert_cisco.yml'
2026-10-05T10:13:07.105989+00:00 DEBUG 'ansible_navigator.main' Completed post processing for playbook_artifact_replay. (changed=False)
2026-10-05T10:13:07.106006+00:00 DEBUG 'ansible_navigator.main' Completed post processing for playbook_artifact_save_as. (changed=False)
2026-10-05T10:13:07.106022+00:00 DEBUG 'ansible_navigator.main' Completed post processing for plugin_name. (changed=False)
2026-10-05T10:13:07.106049+00:00 DEBUG 'ansible_navigator.main' Completed post processing for pull_arguments. (changed=False)
2026-10-05T10:13:07.106068+00:00 DEBUG 'ansible_navigator.main' Completed post processing for set_environment_variable. (changed=False)
2026-10-05T10:13:07.106085+00:00 DEBUG 'ansible_navigator.main' Completed post processing for settings_effective. (changed=False)
2026-10-05T10:13:07.106102+00:00 DEBUG 'ansible_navigator.main' Completed post processing for settings_sample. (changed=False)
2026-10-05T10:13:07.106118+00:00 DEBUG 'ansible_navigator.main' Completed post processing for settings_schema. (changed=False)
2026-10-05T10:13:07.106134+00:00 DEBUG 'ansible_navigator.main' Completed post processing for settings_sources. (changed=False)
2026-10-05T10:13:07.106151+00:00 DEBUG 'ansible_navigator.main' Completed post processing for time_zone. (changed=False)
2026-10-05T10:13:07.106168+00:00 DEBUG 'ansible_navigator.main' Completed post processing for execution_environment_volume_mounts. (changed=False)
2026-10-05T10:13:07.106184+00:00 DEBUG 'ansible_navigator.main' Completed post processing for mode. (changed=False)
2026-10-05T10:13:07.106201+00:00 DEBUG 'ansible_navigator.main' Completed post processing for playbook_artifact_enable. (changed=True)
2026-10-05T10:13:07.106218+00:00 DEBUG 'ansible_navigator.main'  before: 'false'
2026-10-05T10:13:07.106234+00:00 DEBUG 'ansible_navigator.main'  after: 'False'
2026-10-05T10:13:07.106255+00:00 WARNING 'ansible_navigator.main' Configuration errors encountered, rolling back to previous configuration.
2026-10-05T10:13:07.106272+00:00 DEBUG 'ansible_navigator.main' Prior to rollback: ansible_runner_artifact_dir = 'Not set' (Constants/Not set)
2026-10-05T10:13:07.106289+00:00 DEBUG 'ansible_navigator.main' Prior to rollback: ansible_runner_rotate_artifacts_count = 'Not set' (Constants/Not set)
2026-10-05T10:13:07.106306+00:00 DEBUG 'ansible_navigator.main' Prior to rollback: ansible_runner_timeout = 'Not set' (Constants/Not set)
2026-10-05T10:13:07.106322+00:00 DEBUG 'ansible_navigator.main' Prior to rollback: ansible_runner_write_job_events = 'False' (bool/Defaults)
2026-10-05T10:13:07.106339+00:00 DEBUG 'ansible_navigator.main' Prior to rollback: app = 'run' (str/Command line)
2026-10-05T10:13:07.106355+00:00 DEBUG 'ansible_navigator.main' Prior to rollback: cmdline = 'Not set' (Constants/Not set)
2026-10-05T10:13:07.106371+00:00 DEBUG 'ansible_navigator.main' Prior to rollback: collection_doc_cache_path = '/home/student/.cache/ansible-navigator/collection_doc_cache.db' (str/Defaults)
2026-10-05T10:13:07.106387+00:00 DEBUG 'ansible_navigator.main' Prior to rollback: config = 'Not set' (Constants/Not set)
2026-10-05T10:13:07.106411+00:00 DEBUG 'ansible_navigator.main' Prior to rollback: container_engine = 'podman' (str/Automatically determined)
2026-10-05T10:13:07.106429+00:00 DEBUG 'ansible_navigator.main' Prior to rollback: container_options = 'Not set' (Constants/Not set)
2026-10-05T10:13:07.106446+00:00 DEBUG 'ansible_navigator.main' Prior to rollback: display_color = 'True' (bool/Defaults)
2026-10-05T10:13:07.106462+00:00 DEBUG 'ansible_navigator.main' Prior to rollback: editor_command = 'vi +{line_number} {filename}' (str/Defaults)
2026-10-05T10:13:07.106479+00:00 DEBUG 'ansible_navigator.main' Prior to rollback: editor_console = 'True' (bool/Defaults)
2026-10-05T10:13:07.106496+00:00 DEBUG 'ansible_navigator.main' Prior to rollback: enable_prompts = 'False' (bool/Defaults)
2026-10-05T10:13:07.106513+00:00 DEBUG 'ansible_navigator.main' Prior to rollback: exec_command = '/bin/bash' (str/Defaults)
2026-10-05T10:13:07.106531+00:00 DEBUG 'ansible_navigator.main' Prior to rollback: exec_shell = 'True' (bool/Defaults)
2026-10-05T10:13:07.106548+00:00 DEBUG 'ansible_navigator.main' Prior to rollback: execution_environment = 'True' (bool/Defaults)
2026-10-05T10:13:07.106565+00:00 DEBUG 'ansible_navigator.main' Prior to rollback: execution_environment_image = 'aap.lab.example.com/ee-supported-rhel9:latest' (str/Command line)
2026-10-05T10:13:07.106585+00:00 DEBUG 'ansible_navigator.main' Prior to rollback: execution_environment_volume_mounts = 'Not set' (Constants/Not set)
2026-10-05T10:13:07.106602+00:00 DEBUG 'ansible_navigator.main' Prior to rollback: format = 'yaml' (str/Defaults)
2026-10-05T10:13:07.106619+00:00 DEBUG 'ansible_navigator.main' Prior to rollback: help_builder = 'False' (bool/Defaults)
2026-10-05T10:13:07.106636+00:00 DEBUG 'ansible_navigator.main' Prior to rollback: help_config = 'False' (bool/Defaults)
2026-10-05T10:13:07.106652+00:00 DEBUG 'ansible_navigator.main' Prior to rollback: help_doc = 'False' (bool/Defaults)
2026-10-05T10:13:07.106668+00:00 DEBUG 'ansible_navigator.main' Prior to rollback: help_inventory = 'False' (bool/Defaults)
2026-10-05T10:13:07.106685+00:00 DEBUG 'ansible_navigator.main' Prior to rollback: help_playbook = 'False' (bool/Defaults)
2026-10-05T10:13:07.106701+00:00 DEBUG 'ansible_navigator.main' Prior to rollback: images_details = '['everything']' (list/Defaults)
2026-10-05T10:13:07.106718+00:00 DEBUG 'ansible_navigator.main' Prior to rollback: inventory = '['/home/student/cmc/jp_inventory']' (list/Command line)
2026-10-05T10:13:07.106734+00:00 DEBUG 'ansible_navigator.main' Prior to rollback: inventory_column = 'Not set' (Constants/Not set)
2026-10-05T10:13:07.106751+00:00 DEBUG 'ansible_navigator.main' Prior to rollback: lint_config = 'Not set' (Constants/Not set)
2026-10-05T10:13:07.106767+00:00 DEBUG 'ansible_navigator.main' Prior to rollback: lintables = 'Not set' (Constants/Not set)
2026-10-05T10:13:07.106783+00:00 DEBUG 'ansible_navigator.main' Prior to rollback: log_append = 'True' (bool/Defaults)
2026-10-05T10:13:07.106800+00:00 DEBUG 'ansible_navigator.main' Prior to rollback: log_file = '/home/student/cmc/ansible-navigator.log' (str/Defaults)
2026-10-05T10:13:07.106816+00:00 DEBUG 'ansible_navigator.main' Prior to rollback: log_level = 'warning' (str/Defaults)
2026-10-05T10:13:07.106832+00:00 DEBUG 'ansible_navigator.main' Prior to rollback: mode = 'stdut' (str/Command line)
2026-10-05T10:13:07.106849+00:00 DEBUG 'ansible_navigator.main' Prior to rollback: osc4 = 'True' (bool/Defaults)
2026-10-05T10:13:07.106865+00:00 DEBUG 'ansible_navigator.main' Prior to rollback: pass_environment_variable = 'Not set' (Constants/Not set)
2026-10-05T10:13:07.106881+00:00 DEBUG 'ansible_navigator.main' Prior to rollback: playbook = '/home/student/cmc/convert_cisco.yml' (str/Command line)
2026-10-05T10:13:07.106898+00:00 DEBUG 'ansible_navigator.main' Prior to rollback: playbook_artifact_enable = 'False' (bool/Command line)
2026-10-05T10:13:07.106914+00:00 DEBUG 'ansible_navigator.main' Prior to rollback: playbook_artifact_replay = 'Not set' (Constants/Not set)
2026-10-05T10:13:07.106930+00:00 DEBUG 'ansible_navigator.main' Prior to rollback: playbook_artifact_save_as = '{playbook_dir}/{playbook_name}-artifact-{time_stamp}.json' (str/Defaults)
2026-10-05T10:13:07.106946+00:00 DEBUG 'ansible_navigator.main' Prior to rollback: plugin_name = 'Not set' (Constants/Not set)
2026-10-05T10:13:07.106962+00:00 DEBUG 'ansible_navigator.main' Prior to rollback: plugin_type = 'module' (str/Defaults)
2026-10-05T10:13:07.106979+00:00 DEBUG 'ansible_navigator.main' Prior to rollback: pull_arguments = 'Not set' (Constants/Not set)
2026-10-05T10:13:07.106995+00:00 DEBUG 'ansible_navigator.main' Prior to rollback: pull_policy = 'missing' (str/Command line)
2026-10-05T10:13:07.107011+00:00 DEBUG 'ansible_navigator.main' Prior to rollback: set_environment_variable = 'Not set' (Constants/Not set)
2026-10-05T10:13:07.107027+00:00 DEBUG 'ansible_navigator.main' Prior to rollback: settings_effective = 'False' (bool/Defaults)
2026-10-05T10:13:07.107098+00:00 DEBUG 'ansible_navigator.main' Prior to rollback: settings_sample = 'False' (bool/Defaults)
2026-10-05T10:13:07.107118+00:00 DEBUG 'ansible_navigator.main' Prior to rollback: settings_schema = 'json' (str/Defaults)
2026-10-05T10:13:07.107135+00:00 DEBUG 'ansible_navigator.main' Prior to rollback: settings_sources = 'False' (bool/Defaults)
2026-10-05T10:13:07.107151+00:00 DEBUG 'ansible_navigator.main' Prior to rollback: time_zone = 'UTC' (str/Defaults)
2026-10-05T10:13:07.107171+00:00 DEBUG 'ansible_navigator.main' Prior to rollback: workdir = '/home/student/cmc' (str/Defaults)
2026-10-05T10:13:07.107188+00:00 DEBUG 'ansible_navigator.main' After rollback: ansible_runner_artifact_dir = 'Not set' (Constants/Not set)
2026-10-05T10:13:07.107204+00:00 DEBUG 'ansible_navigator.main' After rollback: ansible_runner_rotate_artifacts_count = 'Not set' (Constants/Not set)
2026-10-05T10:13:07.107220+00:00 DEBUG 'ansible_navigator.main' After rollback: ansible_runner_timeout = 'Not set' (Constants/Not set)
2026-10-05T10:13:07.107236+00:00 DEBUG 'ansible_navigator.main' After rollback: ansible_runner_write_job_events = 'Not set' (Constants/Not set)
2026-10-05T10:13:07.107253+00:00 DEBUG 'ansible_navigator.main' After rollback: app = 'Not set' (Constants/Not set)
2026-10-05T10:13:07.107269+00:00 DEBUG 'ansible_navigator.main' After rollback: cmdline = 'Not set' (Constants/Not set)
2026-10-05T10:13:07.107285+00:00 DEBUG 'ansible_navigator.main' After rollback: collection_doc_cache_path = 'Not set' (Constants/Not set)
2026-10-05T10:13:07.107302+00:00 DEBUG 'ansible_navigator.main' After rollback: config = 'Not set' (Constants/Not set)
2026-10-05T10:13:07.107318+00:00 DEBUG 'ansible_navigator.main' After rollback: container_engine = 'Not set' (Constants/Not set)
2026-10-05T10:13:07.107334+00:00 DEBUG 'ansible_navigator.main' After rollback: container_options = 'Not set' (Constants/Not set)
2026-10-05T10:13:07.107351+00:00 DEBUG 'ansible_navigator.main' After rollback: display_color = 'Not set' (Constants/Not set)
2026-10-05T10:13:07.107367+00:00 DEBUG 'ansible_navigator.main' After rollback: editor_command = 'Not set' (Constants/Not set)
2026-10-05T10:13:07.107383+00:00 DEBUG 'ansible_navigator.main' After rollback: editor_console = 'Not set' (Constants/Not set)
2026-10-05T10:13:07.107406+00:00 DEBUG 'ansible_navigator.main' After rollback: enable_prompts = 'Not set' (Constants/Not set)
2026-10-05T10:13:07.107423+00:00 DEBUG 'ansible_navigator.main' After rollback: exec_command = 'Not set' (Constants/Not set)
2026-10-05T10:13:07.107440+00:00 DEBUG 'ansible_navigator.main' After rollback: exec_shell = 'Not set' (Constants/Not set)
2026-10-05T10:13:07.107456+00:00 DEBUG 'ansible_navigator.main' After rollback: execution_environment = 'Not set' (Constants/Not set)
2026-10-05T10:13:07.107472+00:00 DEBUG 'ansible_navigator.main' After rollback: execution_environment_image = 'Not set' (Constants/Not set)
2026-10-05T10:13:07.107489+00:00 DEBUG 'ansible_navigator.main' After rollback: execution_environment_volume_mounts = 'Not set' (Constants/Not set)
2026-10-05T10:13:07.107506+00:00 DEBUG 'ansible_navigator.main' After rollback: format = 'Not set' (Constants/Not set)
2026-10-05T10:13:07.107522+00:00 DEBUG 'ansible_navigator.main' After rollback: help_builder = 'Not set' (Constants/Not set)
2026-10-05T10:13:07.107538+00:00 DEBUG 'ansible_navigator.main' After rollback: help_config = 'Not set' (Constants/Not set)
2026-10-05T10:13:07.107555+00:00 DEBUG 'ansible_navigator.main' After rollback: help_doc = 'Not set' (Constants/Not set)
2026-10-05T10:13:07.107571+00:00 DEBUG 'ansible_navigator.main' After rollback: help_inventory = 'Not set' (Constants/Not set)
2026-10-05T10:13:07.107587+00:00 DEBUG 'ansible_navigator.main' After rollback: help_playbook = 'Not set' (Constants/Not set)
2026-10-05T10:13:07.107604+00:00 DEBUG 'ansible_navigator.main' After rollback: images_details = 'Not set' (Constants/Not set)
2026-10-05T10:13:07.107620+00:00 DEBUG 'ansible_navigator.main' After rollback: inventory = 'Not set' (Constants/Not set)
2026-10-05T10:13:07.107636+00:00 DEBUG 'ansible_navigator.main' After rollback: inventory_column = 'Not set' (Constants/Not set)
2026-10-05T10:13:07.107652+00:00 DEBUG 'ansible_navigator.main' After rollback: lint_config = 'Not set' (Constants/Not set)
2026-10-05T10:13:07.107669+00:00 DEBUG 'ansible_navigator.main' After rollback: lintables = 'Not set' (Constants/Not set)
2026-10-05T10:13:07.107688+00:00 DEBUG 'ansible_navigator.main' After rollback: log_append = 'Not set' (Constants/Not set)
2026-10-05T10:13:07.107705+00:00 DEBUG 'ansible_navigator.main' After rollback: log_file = 'Not set' (Constants/Not set)
2026-10-05T10:13:07.107721+00:00 DEBUG 'ansible_navigator.main' After rollback: log_level = 'Not set' (Constants/Not set)
2026-10-05T10:13:07.107737+00:00 DEBUG 'ansible_navigator.main' After rollback: mode = 'Not set' (Constants/Not set)
2026-10-05T10:13:07.107754+00:00 DEBUG 'ansible_navigator.main' After rollback: osc4 = 'Not set' (Constants/Not set)
2026-10-05T10:13:07.107770+00:00 DEBUG 'ansible_navigator.main' After rollback: pass_environment_variable = 'Not set' (Constants/Not set)
2026-10-05T10:13:07.107787+00:00 DEBUG 'ansible_navigator.main' After rollback: playbook = 'Not set' (Constants/Not set)
2026-10-05T10:13:07.107803+00:00 DEBUG 'ansible_navigator.main' After rollback: playbook_artifact_enable = 'Not set' (Constants/Not set)
2026-10-05T10:13:07.107820+00:00 DEBUG 'ansible_navigator.main' After rollback: playbook_artifact_replay = 'Not set' (Constants/Not set)
2026-10-05T10:13:07.107836+00:00 DEBUG 'ansible_navigator.main' After rollback: playbook_artifact_save_as = 'Not set' (Constants/Not set)
2026-10-05T10:13:07.107852+00:00 DEBUG 'ansible_navigator.main' After rollback: plugin_name = 'Not set' (Constants/Not set)
2026-10-05T10:13:07.107868+00:00 DEBUG 'ansible_navigator.main' After rollback: plugin_type = 'Not set' (Constants/Not set)
2026-10-05T10:13:07.107885+00:00 DEBUG 'ansible_navigator.main' After rollback: pull_arguments = 'Not set' (Constants/Not set)
2026-10-05T10:13:07.107901+00:00 DEBUG 'ansible_navigator.main' After rollback: pull_policy = 'Not set' (Constants/Not set)
2026-10-05T10:13:07.107917+00:00 DEBUG 'ansible_navigator.main' After rollback: set_environment_variable = 'Not set' (Constants/Not set)
2026-10-05T10:13:07.107934+00:00 DEBUG 'ansible_navigator.main' After rollback: settings_effective = 'Not set' (Constants/Not set)
2026-10-05T10:13:07.107950+00:00 DEBUG 'ansible_navigator.main' After rollback: settings_sample = 'Not set' (Constants/Not set)
2026-10-05T10:13:07.107967+00:00 DEBUG 'ansible_navigator.main' After rollback: settings_schema = 'Not set' (Constants/Not set)
2026-10-05T10:13:07.107983+00:00 DEBUG 'ansible_navigator.main' After rollback: settings_sources = 'Not set' (Constants/Not set)
2026-10-05T10:13:07.108000+00:00 DEBUG 'ansible_navigator.main' After rollback: time_zone = 'Not set' (Constants/Not set)
2026-10-05T10:13:07.108016+00:00 DEBUG 'ansible_navigator.main' After rollback: workdir = 'Not set' (Constants/Not set)
2026-10-05T10:13:07.108032+00:00 DEBUG 'ansible_navigator.main' Configuration rollback complete.
2026-10-05T10:13:07.108058+00:00 DEBUG 'ansible_navigator.main' Collection doc cache not mounted
2026-10-05T10:13:07.108088+00:00 WARNING 'ansible_navigator.main' Issues were found while applying the settings.
2026-10-05T10:13:07.108108+00:00 INFO 'ansible_navigator.main' Command provided: 'run convert_cisco.yml -i jp_inventory --pp missing -m stdut --eei aap.lab.example.com/ee-supported-rhel9:latest --pae false'
2026-10-05T10:13:07.108130+00:00 ERROR 'ansible_navigator.main' The setting 'mode' must be one of 'stdout' or 'interactive', but set as 'stdut'. (Command line)
2026-10-05T10:13:07.108150+00:00 INFO 'ansible_navigator.main' Try again with '-m stdout' or '-m interactive'
2026-10-05T10:13:07.108169+00:00 INFO 'ansible_navigator.main' Configuration failed, using default log file location. (/home/student/cmc/ansible-navigator.log) Log level set to debug
2026-10-05T10:13:07.108188+00:00 INFO 'ansible_navigator.main' Review the hints and log file to see what went wrong.
2026-10-05T10:27:29.759560+00:00 WARNING 'ansible_navigator.image_manager.puller._log_message' Image inspection failed, image assumed to be corrupted or missing
2026-10-05T10:27:29.760143+00:00 WARNING 'ansible_navigator.image_manager.puller._log_message' stdout: []

2026-10-05T10:27:29.760236+00:00 WARNING 'ansible_navigator.image_manager.puller._log_message' stderr: Error: aap.lab.example.com/ee-supported-rhel9:latest: image not known

2026-10-05T12:37:49.222214+00:00 INFO 'ansible_navigator.setup_logger' New ansible-navigator instance, logging initialized
2026-10-05T12:37:49.223747+00:00 INFO 'ansible_navigator.setup_logger' New ansible-runner instance, logging initialized
2026-10-05T12:37:49.223835+00:00 DEBUG 'ansible_navigator.main' MarkupSafe==2.1.5 
2026-10-05T12:37:49.223876+00:00 DEBUG 'ansible_navigator.main' Parsley==1.3 
2026-10-05T12:37:49.223907+00:00 DEBUG 'ansible_navigator.main' PyYAML==6.0 
2026-10-05T12:37:49.223932+00:00 DEBUG 'ansible_navigator.main' ansible-builder==3.1.1 
2026-10-05T12:37:49.223982+00:00 DEBUG 'ansible_navigator.main' ansible-compat==25.12.0 
2026-10-05T12:37:49.224036+00:00 DEBUG 'ansible_navigator.main' ansible-core==2.16.15 
2026-10-05T12:37:49.224120+00:00 DEBUG 'ansible_navigator.main' ansible-creator==25.12.0 
2026-10-05T12:37:49.224174+00:00 DEBUG 'ansible_navigator.main' ansible-dev-environment==25.12.2 
2026-10-05T12:37:49.224214+00:00 DEBUG 'ansible_navigator.main' ansible-dev-tools==26.1.0 
2026-10-05T12:37:49.224250+00:00 DEBUG 'ansible_navigator.main' ansible-lint==26.1.0 
2026-10-05T12:37:49.224288+00:00 DEBUG 'ansible_navigator.main' ansible-navigator==26.1.1 
2026-10-05T12:37:49.224316+00:00 DEBUG 'ansible_navigator.main' ansible-runner==2.4.2 
2026-10-05T12:37:49.224337+00:00 DEBUG 'ansible_navigator.main' ansible-sign==0.1.4 
2026-10-05T12:37:49.224356+00:00 DEBUG 'ansible_navigator.main' attrs==22.2.0 /usr/lib/python3.11/site-packages/attrs/__init__.py
2026-10-05T12:37:49.224375+00:00 DEBUG 'ansible_navigator.main' bindep==2.13.0 /usr/lib/python3.11/site-packages/bindep/__init__.py
2026-10-05T12:37:49.224392+00:00 DEBUG 'ansible_navigator.main' cachetools==5.3.2 /usr/lib/python3.11/site-packages/cachetools/__init__.py
2026-10-05T12:37:49.224410+00:00 DEBUG 'ansible_navigator.main' cffi==1.15.1 /usr/lib64/python3.11/site-packages/cffi/__init__.py
2026-10-05T12:37:49.224430+00:00 DEBUG 'ansible_navigator.main' chardet==5.2.0 /usr/lib/python3.11/site-packages/chardet/__init__.py
2026-10-05T12:37:49.224447+00:00 DEBUG 'ansible_navigator.main' click-help-colors==0.9.4 
2026-10-05T12:37:49.224465+00:00 DEBUG 'ansible_navigator.main' click==8.1.7 /usr/lib/python3.11/site-packages/click/__init__.py
2026-10-05T12:37:49.224483+00:00 DEBUG 'ansible_navigator.main' commonmark==0.9.1 /usr/lib/python3.11/site-packages/commonmark/__init__.py
2026-10-05T12:37:49.224501+00:00 DEBUG 'ansible_navigator.main' cryptography==42.0.5 /usr/lib64/python3.11/site-packages/cryptography/__init__.py
2026-10-05T12:37:49.224518+00:00 DEBUG 'ansible_navigator.main' distlib==0.4.0 /usr/lib/python3.11/site-packages/distlib/__init__.py
2026-10-05T12:37:49.224535+00:00 DEBUG 'ansible_navigator.main' distro==1.9.0 /usr/lib/python3.11/site-packages/distro/__init__.py
2026-10-05T12:37:49.224552+00:00 DEBUG 'ansible_navigator.main' docutils==0.20.1 /usr/lib/python3.11/site-packages/docutils/__init__.py
2026-10-05T12:37:49.224569+00:00 DEBUG 'ansible_navigator.main' enrich==1.2.7 /usr/lib/python3.11/site-packages/enrich/__init__.py
2026-10-05T12:37:49.224586+00:00 DEBUG 'ansible_navigator.main' lockfile==0.12.2 /usr/lib/python3.11/site-packages/lockfile/__init__.py
2026-10-05T12:37:49.224603+00:00 DEBUG 'ansible_navigator.main' molecule==25.12.0 /usr/lib/python3.11/site-packages/molecule/__init__.py
2026-10-05T12:37:49.224620+00:00 DEBUG 'ansible_navigator.main' mypy-extensions==1.0.0 
2026-10-05T12:37:49.224638+00:00 DEBUG 'ansible_navigator.main' onigurumacffi==1.3.0 /usr/lib64/python3.11/site-packages/onigurumacffi.py
2026-10-05T12:37:49.224655+00:00 DEBUG 'ansible_navigator.main' pbr==6.0.0 /usr/lib/python3.11/site-packages/pbr/__init__.py
2026-10-05T12:37:49.224673+00:00 DEBUG 'ansible_navigator.main' pexpect==4.9.0 /usr/lib/python3.11/site-packages/pexpect/__init__.py
2026-10-05T12:37:49.224690+00:00 DEBUG 'ansible_navigator.main' pluggy==1.6.0 /usr/lib/python3.11/site-packages/pluggy/__init__.py
2026-10-05T12:37:49.224707+00:00 DEBUG 'ansible_navigator.main' ply==3.11 /usr/lib/python3.11/site-packages/ply/__init__.py
2026-10-05T12:37:49.224735+00:00 DEBUG 'ansible_navigator.main' pycparser==2.20 /usr/lib/python3.11/site-packages/pycparser/__init__.py
2026-10-05T12:37:49.224752+00:00 DEBUG 'ansible_navigator.main' pytest-ansible==25.12.0 
2026-10-05T12:37:49.224770+00:00 DEBUG 'ansible_navigator.main' pytest-plus==0.8.1 
2026-10-05T12:37:49.224787+00:00 DEBUG 'ansible_navigator.main' pytest-sugar==1.1.1 
2026-10-05T12:37:49.224804+00:00 DEBUG 'ansible_navigator.main' pytest-xdist==3.8.0 
2026-10-05T12:37:49.224821+00:00 DEBUG 'ansible_navigator.main' pytest==9.0.1 /usr/lib/python3.11/site-packages/pytest/__init__.py
2026-10-05T12:37:49.224838+00:00 DEBUG 'ansible_navigator.main' python-daemon==3.1.2 
2026-10-05T12:37:49.224856+00:00 DEBUG 'ansible_navigator.main' python-gnupg==0.5.2 
2026-10-05T12:37:49.224889+00:00 DEBUG 'ansible_navigator.main' resolvelib==1.0.1 /usr/lib/python3.11/site-packages/resolvelib/__init__.py
2026-10-05T12:37:49.224907+00:00 DEBUG 'ansible_navigator.main' ruamel.yaml.clib==0.2.15 
2026-10-05T12:37:49.224924+00:00 DEBUG 'ansible_navigator.main' ruamel.yaml==0.18.15 /usr/lib/python3.11/site-packages/ruamel/yaml/__init__.py
2026-10-05T12:37:49.224941+00:00 DEBUG 'ansible_navigator.main' setuptools==65.5.1 /usr/lib/python3.11/site-packages/setuptools/__init__.py
2026-10-05T12:37:49.224958+00:00 DEBUG 'ansible_navigator.main' subprocess-tee==0.4.2 
2026-10-05T12:37:49.224975+00:00 DEBUG 'ansible_navigator.main' tox-ansible==25.12.0 
2026-10-05T12:37:49.224992+00:00 DEBUG 'ansible_navigator.main' yamllint==1.35.1 /usr/lib/python3.11/site-packages/yamllint/__init__.py
2026-10-05T12:37:49.225009+00:00 DEBUG 'ansible_navigator.main' Default collection_doc_cache_path set to: /home/student/.cache/ansible-navigator/collection_doc_cache.db
2026-10-05T12:37:49.225027+00:00 DEBUG 'ansible_navigator.main' EDITOR environment variable not set
2026-10-05T12:37:49.225062+00:00 DEBUG 'ansible_navigator.main' Default editor_command set to: vi +{line_number} {filename}
2026-10-05T12:37:49.225085+00:00 DEBUG 'ansible_navigator.main' No config file set by ANSIBLE_NAVIGATOR_CONFIG
2026-10-05T12:37:49.225103+00:00 DEBUG 'ansible_navigator.main' Looking in /home/student/.ansible-navigator
2026-10-05T12:37:49.225120+00:00 DEBUG 'ansible_navigator.main' Looking for '/home/student/.ansible-navigator.yml', '/home/student/.ansible-navigator.yaml' and '/home/student/.ansible-navigator.json'
2026-10-05T12:37:49.225138+00:00 DEBUG 'ansible_navigator.main' Found 0: 
2026-10-05T12:37:49.225156+00:00 DEBUG 'ansible_navigator.main' Looking in /home/student/cmc/ansible-navigator
2026-10-05T12:37:49.225173+00:00 DEBUG 'ansible_navigator.main' Looking for '/home/student/cmc/ansible-navigator.yml', '/home/student/cmc/ansible-navigator.yaml' and '/home/student/cmc/ansible-navigator.json'
2026-10-05T12:37:49.225190+00:00 DEBUG 'ansible_navigator.main' Found 1: '/home/student/cmc/ansible-navigator.yml'
2026-10-05T12:37:49.225207+00:00 DEBUG 'ansible_navigator.main' All found 1: '/home/student/cmc/ansible-navigator.yml'
2026-10-05T12:37:49.225224+00:00 DEBUG 'ansible_navigator.main' Using: /home/student/cmc/ansible-navigator.yml
2026-10-05T12:37:49.225242+00:00 DEBUG 'ansible_navigator.main' Using settings file at /home/student/cmc/ansible-navigator.yml in search path
2026-10-05T12:37:49.225259+00:00 DEBUG 'ansible_navigator.main' Command provided: 'settings --effective --execution-environment-image aap.lab.example.com/ee-supported-rhel9:latest --pull-policy missing --mode stdout --pae false'
2026-10-05T12:37:49.225283+00:00 WARNING 'ansible_navigator.main' Configuration errors encountered, rolling back to previous configuration.
2026-10-05T12:37:49.225301+00:00 DEBUG 'ansible_navigator.main' Prior to rollback: ansible_runner_artifact_dir = 'Not set' (Constants/Not set)
2026-10-05T12:37:49.225318+00:00 DEBUG 'ansible_navigator.main' Prior to rollback: ansible_runner_rotate_artifacts_count = 'Not set' (Constants/Not set)
2026-10-05T12:37:49.225335+00:00 DEBUG 'ansible_navigator.main' Prior to rollback: ansible_runner_timeout = 'Not set' (Constants/Not set)
2026-10-05T12:37:49.225357+00:00 DEBUG 'ansible_navigator.main' Prior to rollback: ansible_runner_write_job_events = 'False' (bool/Defaults)
2026-10-05T12:37:49.225374+00:00 DEBUG 'ansible_navigator.main' Prior to rollback: app = 'settings' (str/Command line)
2026-10-05T12:37:49.225391+00:00 DEBUG 'ansible_navigator.main' Prior to rollback: cmdline = '['--pae', 'false']' (list/Command line)
2026-10-05T12:37:49.225408+00:00 DEBUG 'ansible_navigator.main' Prior to rollback: collection_doc_cache_path = '/home/student/.cache/ansible-navigator/collection_doc_cache.db' (str/Defaults)
2026-10-05T12:37:49.225425+00:00 DEBUG 'ansible_navigator.main' Prior to rollback: config = 'Not set' (Constants/Not set)
2026-10-05T12:37:49.225442+00:00 DEBUG 'ansible_navigator.main' Prior to rollback: container_engine = 'auto' (str/Defaults)
2026-10-05T12:37:49.225458+00:00 DEBUG 'ansible_navigator.main' Prior to rollback: container_options = 'Not set' (Constants/Not set)
2026-10-05T12:37:49.225475+00:00 DEBUG 'ansible_navigator.main' Prior to rollback: display_color = 'True' (bool/Defaults)
2026-10-05T12:37:49.225492+00:00 DEBUG 'ansible_navigator.main' Prior to rollback: editor_command = 'vi +{line_number} {filename}' (str/Defaults)
2026-10-05T12:37:49.225508+00:00 DEBUG 'ansible_navigator.main' Prior to rollback: editor_console = 'True' (bool/Defaults)
2026-10-05T12:37:49.225525+00:00 DEBUG 'ansible_navigator.main' Prior to rollback: enable_prompts = 'False' (bool/Defaults)
2026-10-05T12:37:49.225542+00:00 DEBUG 'ansible_navigator.main' Prior to rollback: exec_command = '/bin/bash' (str/Defaults)
2026-10-05T12:37:49.225558+00:00 DEBUG 'ansible_navigator.main' Prior to rollback: exec_shell = 'True' (bool/Defaults)
2026-10-05T12:37:49.225575+00:00 DEBUG 'ansible_navigator.main' Prior to rollback: execution_environment = 'True' (bool/Defaults)
2026-10-05T12:37:49.225591+00:00 DEBUG 'ansible_navigator.main' Prior to rollback: execution_environment_image = 'aap.lab.example.com/ee-supported-rhel9:latest' (str/Command line)
2026-10-05T12:37:49.225608+00:00 DEBUG 'ansible_navigator.main' Prior to rollback: execution_environment_volume_mounts = 'Not set' (Constants/Not set)
2026-10-05T12:37:49.225625+00:00 DEBUG 'ansible_navigator.main' Prior to rollback: format = 'yaml' (str/Defaults)
2026-10-05T12:37:49.225641+00:00 DEBUG 'ansible_navigator.main' Prior to rollback: help_builder = 'False' (bool/Defaults)
2026-10-05T12:37:49.225658+00:00 DEBUG 'ansible_navigator.main' Prior to rollback: help_config = 'False' (bool/Defaults)
2026-10-05T12:37:49.225674+00:00 DEBUG 'ansible_navigator.main' Prior to rollback: help_doc = 'False' (bool/Defaults)
2026-10-05T12:37:49.225691+00:00 DEBUG 'ansible_navigator.main' Prior to rollback: help_inventory = 'False' (bool/Defaults)
2026-10-05T12:37:49.225707+00:00 DEBUG 'ansible_navigator.main' Prior to rollback: help_playbook = 'False' (bool/Defaults)
2026-10-05T12:37:49.225724+00:00 DEBUG 'ansible_navigator.main' Prior to rollback: images_details = '['everything']' (list/Defaults)
2026-10-05T12:37:49.225740+00:00 DEBUG 'ansible_navigator.main' Prior to rollback: inventory = 'Not set' (Constants/Not set)
2026-10-05T12:37:49.225757+00:00 DEBUG 'ansible_navigator.main' Prior to rollback: inventory_column = 'Not set' (Constants/Not set)
2026-10-05T12:37:49.225773+00:00 DEBUG 'ansible_navigator.main' Prior to rollback: lint_config = 'Not set' (Constants/Not set)
2026-10-05T12:37:49.225790+00:00 DEBUG 'ansible_navigator.main' Prior to rollback: lintables = 'Not set' (Constants/Not set)
2026-10-05T12:37:49.225806+00:00 DEBUG 'ansible_navigator.main' Prior to rollback: log_append = 'True' (bool/Defaults)
2026-10-05T12:37:49.225822+00:00 DEBUG 'ansible_navigator.main' Prior to rollback: log_file = '/home/student/cmc/ansible-navigator.log' (str/Defaults)
2026-10-05T12:37:49.225839+00:00 DEBUG 'ansible_navigator.main' Prior to rollback: log_level = 'warning' (str/Defaults)
2026-10-05T12:37:49.225856+00:00 DEBUG 'ansible_navigator.main' Prior to rollback: mode = 'stdout' (str/Command line)
2026-10-05T12:37:49.225888+00:00 DEBUG 'ansible_navigator.main' Prior to rollback: osc4 = 'True' (bool/Defaults)
2026-10-05T12:37:49.225905+00:00 DEBUG 'ansible_navigator.main' Prior to rollback: pass_environment_variable = 'Not set' (Constants/Not set)
2026-10-05T12:37:49.225922+00:00 DEBUG 'ansible_navigator.main' Prior to rollback: playbook = 'Not set' (Constants/Not set)
2026-10-05T12:37:49.225938+00:00 DEBUG 'ansible_navigator.main' Prior to rollback: playbook_artifact_enable = 'True' (bool/Defaults)
2026-10-05T12:37:49.225955+00:00 DEBUG 'ansible_navigator.main' Prior to rollback: playbook_artifact_replay = 'Not set' (Constants/Not set)
2026-10-05T12:37:49.225971+00:00 DEBUG 'ansible_navigator.main' Prior to rollback: playbook_artifact_save_as = '{playbook_dir}/{playbook_name}-artifact-{time_stamp}.json' (str/Defaults)
2026-10-05T12:37:49.225988+00:00 DEBUG 'ansible_navigator.main' Prior to rollback: plugin_name = 'Not set' (Constants/Not set)
2026-10-05T12:37:49.226005+00:00 DEBUG 'ansible_navigator.main' Prior to rollback: plugin_type = 'module' (str/Defaults)
2026-10-05T12:37:49.226021+00:00 DEBUG 'ansible_navigator.main' Prior to rollback: pull_arguments = 'Not set' (Constants/Not set)
2026-10-05T12:37:49.226038+00:00 DEBUG 'ansible_navigator.main' Prior to rollback: pull_policy = 'missing' (str/Command line)
2026-10-05T12:37:49.226079+00:00 DEBUG 'ansible_navigator.main' Prior to rollback: set_environment_variable = 'Not set' (Constants/Not set)
2026-10-05T12:37:49.226096+00:00 DEBUG 'ansible_navigator.main' Prior to rollback: settings_effective = 'True' (bool/Command line)
2026-10-05T12:37:49.226112+00:00 DEBUG 'ansible_navigator.main' Prior to rollback: settings_sample = 'False' (bool/Defaults)
2026-10-05T12:37:49.226129+00:00 DEBUG 'ansible_navigator.main' Prior to rollback: settings_schema = 'json' (str/Defaults)
2026-10-05T12:37:49.226146+00:00 DEBUG 'ansible_navigator.main' Prior to rollback: settings_sources = 'False' (bool/Defaults)
2026-10-05T12:37:49.226162+00:00 DEBUG 'ansible_navigator.main' Prior to rollback: time_zone = 'UTC' (str/Defaults)
2026-10-05T12:37:49.226178+00:00 DEBUG 'ansible_navigator.main' Prior to rollback: workdir = '/home/student/cmc' (str/Defaults)
2026-10-05T12:37:49.226195+00:00 DEBUG 'ansible_navigator.main' After rollback: ansible_runner_artifact_dir = 'Not set' (Constants/Not set)
2026-10-05T12:37:49.226211+00:00 DEBUG 'ansible_navigator.main' After rollback: ansible_runner_rotate_artifacts_count = 'Not set' (Constants/Not set)
2026-10-05T12:37:49.226228+00:00 DEBUG 'ansible_navigator.main' After rollback: ansible_runner_timeout = 'Not set' (Constants/Not set)
2026-10-05T12:37:49.226243+00:00 DEBUG 'ansible_navigator.main' After rollback: ansible_runner_write_job_events = 'Not set' (Constants/Not set)
2026-10-05T12:37:49.226260+00:00 DEBUG 'ansible_navigator.main' After rollback: app = 'Not set' (Constants/Not set)
2026-10-05T12:37:49.226276+00:00 DEBUG 'ansible_navigator.main' After rollback: cmdline = 'Not set' (Constants/Not set)
2026-10-05T12:37:49.226293+00:00 DEBUG 'ansible_navigator.main' After rollback: collection_doc_cache_path = 'Not set' (Constants/Not set)
2026-10-05T12:37:49.226309+00:00 DEBUG 'ansible_navigator.main' After rollback: config = 'Not set' (Constants/Not set)
2026-10-05T12:37:49.226326+00:00 DEBUG 'ansible_navigator.main' After rollback: container_engine = 'Not set' (Constants/Not set)
2026-10-05T12:37:49.226343+00:00 DEBUG 'ansible_navigator.main' After rollback: container_options = 'Not set' (Constants/Not set)
2026-10-05T12:37:49.226360+00:00 DEBUG 'ansible_navigator.main' After rollback: display_color = 'Not set' (Constants/Not set)
2026-10-05T12:37:49.226378+00:00 DEBUG 'ansible_navigator.main' After rollback: editor_command = 'Not set' (Constants/Not set)
2026-10-05T12:37:49.226395+00:00 DEBUG 'ansible_navigator.main' After rollback: editor_console = 'Not set' (Constants/Not set)
2026-10-05T12:37:49.226412+00:00 DEBUG 'ansible_navigator.main' After rollback: enable_prompts = 'Not set' (Constants/Not set)
2026-10-05T12:37:49.226431+00:00 DEBUG 'ansible_navigator.main' After rollback: exec_command = 'Not set' (Constants/Not set)
2026-10-05T12:37:49.226448+00:00 DEBUG 'ansible_navigator.main' After rollback: exec_shell = 'Not set' (Constants/Not set)
2026-10-05T12:37:49.226465+00:00 DEBUG 'ansible_navigator.main' After rollback: execution_environment = 'Not set' (Constants/Not set)
2026-10-05T12:37:49.226481+00:00 DEBUG 'ansible_navigator.main' After rollback: execution_environment_image = 'Not set' (Constants/Not set)
2026-10-05T12:37:49.226498+00:00 DEBUG 'ansible_navigator.main' After rollback: execution_environment_volume_mounts = 'Not set' (Constants/Not set)
2026-10-05T12:37:49.226514+00:00 DEBUG 'ansible_navigator.main' After rollback: format = 'Not set' (Constants/Not set)
2026-10-05T12:37:49.226531+00:00 DEBUG 'ansible_navigator.main' After rollback: help_builder = 'Not set' (Constants/Not set)
2026-10-05T12:37:49.226547+00:00 DEBUG 'ansible_navigator.main' After rollback: help_config = 'Not set' (Constants/Not set)
2026-10-05T12:37:49.226564+00:00 DEBUG 'ansible_navigator.main' After rollback: help_doc = 'Not set' (Constants/Not set)
2026-10-05T12:37:49.226580+00:00 DEBUG 'ansible_navigator.main' After rollback: help_inventory = 'Not set' (Constants/Not set)
2026-10-05T12:37:49.226597+00:00 DEBUG 'ansible_navigator.main' After rollback: help_playbook = 'Not set' (Constants/Not set)
2026-10-05T12:37:49.226613+00:00 DEBUG 'ansible_navigator.main' After rollback: images_details = 'Not set' (Constants/Not set)
2026-10-05T12:37:49.226629+00:00 DEBUG 'ansible_navigator.main' After rollback: inventory = 'Not set' (Constants/Not set)
2026-10-05T12:37:49.226646+00:00 DEBUG 'ansible_navigator.main' After rollback: inventory_column = 'Not set' (Constants/Not set)
2026-10-05T12:37:49.226662+00:00 DEBUG 'ansible_navigator.main' After rollback: lint_config = 'Not set' (Constants/Not set)
2026-10-05T12:37:49.226679+00:00 DEBUG 'ansible_navigator.main' After rollback: lintables = 'Not set' (Constants/Not set)
2026-10-05T12:37:49.226696+00:00 DEBUG 'ansible_navigator.main' After rollback: log_append = 'Not set' (Constants/Not set)
2026-10-05T12:37:49.226712+00:00 DEBUG 'ansible_navigator.main' After rollback: log_file = 'Not set' (Constants/Not set)
2026-10-05T12:37:49.226728+00:00 DEBUG 'ansible_navigator.main' After rollback: log_level = 'Not set' (Constants/Not set)
2026-10-05T12:37:49.226745+00:00 DEBUG 'ansible_navigator.main' After rollback: mode = 'Not set' (Constants/Not set)
2026-10-05T12:37:49.226761+00:00 DEBUG 'ansible_navigator.main' After rollback: osc4 = 'Not set' (Constants/Not set)
2026-10-05T12:37:49.226777+00:00 DEBUG 'ansible_navigator.main' After rollback: pass_environment_variable = 'Not set' (Constants/Not set)
2026-10-05T12:37:49.226793+00:00 DEBUG 'ansible_navigator.main' After rollback: playbook = 'Not set' (Constants/Not set)
2026-10-05T12:37:49.226810+00:00 DEBUG 'ansible_navigator.main' After rollback: playbook_artifact_enable = 'Not set' (Constants/Not set)
2026-10-05T12:37:49.226826+00:00 DEBUG 'ansible_navigator.main' After rollback: playbook_artifact_replay = 'Not set' (Constants/Not set)
2026-10-05T12:37:49.226842+00:00 DEBUG 'ansible_navigator.main' After rollback: playbook_artifact_save_as = 'Not set' (Constants/Not set)
2026-10-05T12:37:49.226858+00:00 DEBUG 'ansible_navigator.main' After rollback: plugin_name = 'Not set' (Constants/Not set)
2026-10-05T12:37:49.226902+00:00 DEBUG 'ansible_navigator.main' After rollback: plugin_type = 'Not set' (Constants/Not set)
2026-10-05T12:37:49.226918+00:00 DEBUG 'ansible_navigator.main' After rollback: pull_arguments = 'Not set' (Constants/Not set)
2026-10-05T12:37:49.226935+00:00 DEBUG 'ansible_navigator.main' After rollback: pull_policy = 'Not set' (Constants/Not set)
2026-10-05T12:37:49.226951+00:00 DEBUG 'ansible_navigator.main' After rollback: set_environment_variable = 'Not set' (Constants/Not set)
2026-10-05T12:37:49.226967+00:00 DEBUG 'ansible_navigator.main' After rollback: settings_effective = 'Not set' (Constants/Not set)
2026-10-05T12:37:49.226984+00:00 DEBUG 'ansible_navigator.main' After rollback: settings_sample = 'Not set' (Constants/Not set)
2026-10-05T12:37:49.227006+00:00 DEBUG 'ansible_navigator.main' After rollback: settings_schema = 'Not set' (Constants/Not set)
2026-10-05T12:37:49.227034+00:00 DEBUG 'ansible_navigator.main' After rollback: settings_sources = 'Not set' (Constants/Not set)
2026-10-05T12:37:49.227077+00:00 DEBUG 'ansible_navigator.main' After rollback: time_zone = 'Not set' (Constants/Not set)
2026-10-05T12:37:49.227095+00:00 DEBUG 'ansible_navigator.main' After rollback: workdir = 'Not set' (Constants/Not set)
2026-10-05T12:37:49.227112+00:00 DEBUG 'ansible_navigator.main' Configuration rollback complete.
2026-10-05T12:37:49.227129+00:00 DEBUG 'ansible_navigator.main' Collection doc cache not mounted
2026-10-05T12:37:49.227162+00:00 WARNING 'ansible_navigator.main' Issues were found while applying the settings.
2026-10-05T12:37:49.227182+00:00 INFO 'ansible_navigator.main' Command provided: 'settings --effective --execution-environment-image aap.lab.example.com/ee-supported-rhel9:latest --pull-policy missing --mode stdout --pae false'
2026-10-05T12:37:49.227204+00:00 ERROR 'ansible_navigator.main' Settings file found /home/student/cmc/ansible-navigator.yml, but failed to load it.
2026-10-05T12:37:49.227224+00:00 ERROR 'ansible_navigator.main'   error was: 'Settings file cannot be empty.'
2026-10-05T12:37:49.227243+00:00 INFO 'ansible_navigator.main' Try checking the settings file '/home/student/cmc/ansible-navigator.yml'and ensure it is properly formatted
2026-10-05T12:37:49.227262+00:00 INFO 'ansible_navigator.main' Configuration failed, using default log file location. (/home/student/cmc/ansible-navigator.log) Log level set to debug
2026-10-05T12:37:49.227281+00:00 INFO 'ansible_navigator.main' Review the hints and log file to see what went wrong.
2026-10-05T12:39:57.889674+00:00 INFO 'ansible_navigator.setup_logger' New ansible-navigator instance, logging initialized
2026-10-05T12:39:57.890070+00:00 INFO 'ansible_navigator.setup_logger' New ansible-runner instance, logging initialized
2026-10-05T12:39:57.890141+00:00 DEBUG 'ansible_navigator.main' MarkupSafe==2.1.5 
2026-10-05T12:39:57.890173+00:00 DEBUG 'ansible_navigator.main' Parsley==1.3 
2026-10-05T12:39:57.890203+00:00 DEBUG 'ansible_navigator.main' PyYAML==6.0 
2026-10-05T12:39:57.890229+00:00 DEBUG 'ansible_navigator.main' ansible-builder==3.1.1 
2026-10-05T12:39:57.890253+00:00 DEBUG 'ansible_navigator.main' ansible-compat==25.12.0 
2026-10-05T12:39:57.890284+00:00 DEBUG 'ansible_navigator.main' ansible-core==2.16.15 
2026-10-05T12:39:57.890322+00:00 DEBUG 'ansible_navigator.main' ansible-creator==25.12.0 
2026-10-05T12:39:57.890351+00:00 DEBUG 'ansible_navigator.main' ansible-dev-environment==25.12.2 
2026-10-05T12:39:57.890373+00:00 DEBUG 'ansible_navigator.main' ansible-dev-tools==26.1.0 
2026-10-05T12:39:57.890392+00:00 DEBUG 'ansible_navigator.main' ansible-lint==26.1.0 
2026-10-05T12:39:57.890412+00:00 DEBUG 'ansible_navigator.main' ansible-navigator==26.1.1 
2026-10-05T12:39:57.890430+00:00 DEBUG 'ansible_navigator.main' ansible-runner==2.4.2 
2026-10-05T12:39:57.890448+00:00 DEBUG 'ansible_navigator.main' ansible-sign==0.1.4 
2026-10-05T12:39:57.890465+00:00 DEBUG 'ansible_navigator.main' attrs==22.2.0 /usr/lib/python3.11/site-packages/attrs/__init__.py
2026-10-05T12:39:57.890483+00:00 DEBUG 'ansible_navigator.main' bindep==2.13.0 /usr/lib/python3.11/site-packages/bindep/__init__.py
2026-10-05T12:39:57.890500+00:00 DEBUG 'ansible_navigator.main' cachetools==5.3.2 /usr/lib/python3.11/site-packages/cachetools/__init__.py
2026-10-05T12:39:57.890518+00:00 DEBUG 'ansible_navigator.main' cffi==1.15.1 /usr/lib64/python3.11/site-packages/cffi/__init__.py
2026-10-05T12:39:57.890535+00:00 DEBUG 'ansible_navigator.main' chardet==5.2.0 /usr/lib/python3.11/site-packages/chardet/__init__.py
2026-10-05T12:39:57.890553+00:00 DEBUG 'ansible_navigator.main' click-help-colors==0.9.4 
2026-10-05T12:39:57.890570+00:00 DEBUG 'ansible_navigator.main' click==8.1.7 /usr/lib/python3.11/site-packages/click/__init__.py
2026-10-05T12:39:57.890597+00:00 DEBUG 'ansible_navigator.main' commonmark==0.9.1 /usr/lib/python3.11/site-packages/commonmark/__init__.py
2026-10-05T12:39:57.890615+00:00 DEBUG 'ansible_navigator.main' cryptography==42.0.5 /usr/lib64/python3.11/site-packages/cryptography/__init__.py
2026-10-05T12:39:57.890633+00:00 DEBUG 'ansible_navigator.main' distlib==0.4.0 /usr/lib/python3.11/site-packages/distlib/__init__.py
2026-10-05T12:39:57.890650+00:00 DEBUG 'ansible_navigator.main' distro==1.9.0 /usr/lib/python3.11/site-packages/distro/__init__.py
2026-10-05T12:39:57.890667+00:00 DEBUG 'ansible_navigator.main' docutils==0.20.1 /usr/lib/python3.11/site-packages/docutils/__init__.py
2026-10-05T12:39:57.890685+00:00 DEBUG 'ansible_navigator.main' enrich==1.2.7 /usr/lib/python3.11/site-packages/enrich/__init__.py
2026-10-05T12:39:57.890702+00:00 DEBUG 'ansible_navigator.main' lockfile==0.12.2 /usr/lib/python3.11/site-packages/lockfile/__init__.py
2026-10-05T12:39:57.890718+00:00 DEBUG 'ansible_navigator.main' molecule==25.12.0 /usr/lib/python3.11/site-packages/molecule/__init__.py
2026-10-05T12:39:57.890735+00:00 DEBUG 'ansible_navigator.main' mypy-extensions==1.0.0 
2026-10-05T12:39:57.890752+00:00 DEBUG 'ansible_navigator.main' onigurumacffi==1.3.0 /usr/lib64/python3.11/site-packages/onigurumacffi.py
2026-10-05T12:39:57.890769+00:00 DEBUG 'ansible_navigator.main' pbr==6.0.0 /usr/lib/python3.11/site-packages/pbr/__init__.py
2026-10-05T12:39:57.890786+00:00 DEBUG 'ansible_navigator.main' pexpect==4.9.0 /usr/lib/python3.11/site-packages/pexpect/__init__.py
2026-10-05T12:39:57.890803+00:00 DEBUG 'ansible_navigator.main' pluggy==1.6.0 /usr/lib/python3.11/site-packages/pluggy/__init__.py
2026-10-05T12:39:57.890821+00:00 DEBUG 'ansible_navigator.main' ply==3.11 /usr/lib/python3.11/site-packages/ply/__init__.py
2026-10-05T12:39:57.890866+00:00 DEBUG 'ansible_navigator.main' pycparser==2.20 /usr/lib/python3.11/site-packages/pycparser/__init__.py
2026-10-05T12:39:57.890913+00:00 DEBUG 'ansible_navigator.main' pytest-ansible==25.12.0 
2026-10-05T12:39:57.890950+00:00 DEBUG 'ansible_navigator.main' pytest-plus==0.8.1 
2026-10-05T12:39:57.890983+00:00 DEBUG 'ansible_navigator.main' pytest-sugar==1.1.1 
2026-10-05T12:39:57.891019+00:00 DEBUG 'ansible_navigator.main' pytest-xdist==3.8.0 
2026-10-05T12:39:57.891071+00:00 DEBUG 'ansible_navigator.main' pytest==9.0.1 /usr/lib/python3.11/site-packages/pytest/__init__.py
2026-10-05T12:39:57.891094+00:00 DEBUG 'ansible_navigator.main' python-daemon==3.1.2 
2026-10-05T12:39:57.891113+00:00 DEBUG 'ansible_navigator.main' python-gnupg==0.5.2 
2026-10-05T12:39:57.891131+00:00 DEBUG 'ansible_navigator.main' resolvelib==1.0.1 /usr/lib/python3.11/site-packages/resolvelib/__init__.py
2026-10-05T12:39:57.891149+00:00 DEBUG 'ansible_navigator.main' ruamel.yaml.clib==0.2.15 
2026-10-05T12:39:57.891166+00:00 DEBUG 'ansible_navigator.main' ruamel.yaml==0.18.15 /usr/lib/python3.11/site-packages/ruamel/yaml/__init__.py
2026-10-05T12:39:57.891185+00:00 DEBUG 'ansible_navigator.main' setuptools==65.5.1 /usr/lib/python3.11/site-packages/setuptools/__init__.py
2026-10-05T12:39:57.891202+00:00 DEBUG 'ansible_navigator.main' subprocess-tee==0.4.2 
2026-10-05T12:39:57.891220+00:00 DEBUG 'ansible_navigator.main' tox-ansible==25.12.0 
2026-10-05T12:39:57.891238+00:00 DEBUG 'ansible_navigator.main' yamllint==1.35.1 /usr/lib/python3.11/site-packages/yamllint/__init__.py
2026-10-05T12:39:57.891255+00:00 DEBUG 'ansible_navigator.main' Default collection_doc_cache_path set to: /home/student/.cache/ansible-navigator/collection_doc_cache.db
2026-10-05T12:39:57.891273+00:00 DEBUG 'ansible_navigator.main' EDITOR environment variable not set
2026-10-05T12:39:57.891291+00:00 DEBUG 'ansible_navigator.main' Default editor_command set to: vi +{line_number} {filename}
2026-10-05T12:39:57.891308+00:00 DEBUG 'ansible_navigator.main' No config file set by ANSIBLE_NAVIGATOR_CONFIG
2026-10-05T12:39:57.891325+00:00 DEBUG 'ansible_navigator.main' Looking in /home/student/.ansible-navigator
2026-10-05T12:39:57.891343+00:00 DEBUG 'ansible_navigator.main' Looking for '/home/student/.ansible-navigator.yml', '/home/student/.ansible-navigator.yaml' and '/home/student/.ansible-navigator.json'
2026-10-05T12:39:57.891366+00:00 DEBUG 'ansible_navigator.main' Found 0: 
2026-10-05T12:39:57.891384+00:00 DEBUG 'ansible_navigator.main' Looking in /home/student/cmc/ansible-navigator
2026-10-05T12:39:57.891401+00:00 DEBUG 'ansible_navigator.main' Looking for '/home/student/cmc/ansible-navigator.yml', '/home/student/cmc/ansible-navigator.yaml' and '/home/student/cmc/ansible-navigator.json'
2026-10-05T12:39:57.891418+00:00 DEBUG 'ansible_navigator.main' Found 1: '/home/student/cmc/ansible-navigator.yml'
2026-10-05T12:39:57.891435+00:00 DEBUG 'ansible_navigator.main' All found 1: '/home/student/cmc/ansible-navigator.yml'
2026-10-05T12:39:57.891452+00:00 DEBUG 'ansible_navigator.main' Using: /home/student/cmc/ansible-navigator.yml
2026-10-05T12:39:57.891469+00:00 DEBUG 'ansible_navigator.main' Using settings file at /home/student/cmc/ansible-navigator.yml in search path
2026-10-05T12:39:57.891486+00:00 DEBUG 'ansible_navigator.main' Command provided: 'settings --effective --execution-environment-image aap.lab.example.com/ee-supported-rhel9:latest --pull-policy missing --mode stdout --pae false'
2026-10-05T12:39:57.891510+00:00 WARNING 'ansible_navigator.main' Configuration errors encountered, rolling back to previous configuration.
2026-10-05T12:39:57.891528+00:00 DEBUG 'ansible_navigator.main' Prior to rollback: ansible_runner_artifact_dir = 'Not set' (Constants/Not set)
2026-10-05T12:39:57.891545+00:00 DEBUG 'ansible_navigator.main' Prior to rollback: ansible_runner_rotate_artifacts_count = 'Not set' (Constants/Not set)
2026-10-05T12:39:57.891562+00:00 DEBUG 'ansible_navigator.main' Prior to rollback: ansible_runner_timeout = 'Not set' (Constants/Not set)
2026-10-05T12:39:57.891579+00:00 DEBUG 'ansible_navigator.main' Prior to rollback: ansible_runner_write_job_events = 'False' (bool/Defaults)
2026-10-05T12:39:57.891596+00:00 DEBUG 'ansible_navigator.main' Prior to rollback: app = 'settings' (str/Command line)
2026-10-05T12:39:57.891613+00:00 DEBUG 'ansible_navigator.main' Prior to rollback: cmdline = '['--pae', 'false']' (list/Command line)
2026-10-05T12:39:57.891631+00:00 DEBUG 'ansible_navigator.main' Prior to rollback: collection_doc_cache_path = '/home/student/.cache/ansible-navigator/collection_doc_cache.db' (str/Defaults)
2026-10-05T12:39:57.891648+00:00 DEBUG 'ansible_navigator.main' Prior to rollback: config = 'Not set' (Constants/Not set)
2026-10-05T12:39:57.891665+00:00 DEBUG 'ansible_navigator.main' Prior to rollback: container_engine = 'auto' (str/Defaults)
2026-10-05T12:39:57.891681+00:00 DEBUG 'ansible_navigator.main' Prior to rollback: container_options = 'Not set' (Constants/Not set)
2026-10-05T12:39:57.891698+00:00 DEBUG 'ansible_navigator.main' Prior to rollback: display_color = 'True' (bool/Defaults)
2026-10-05T12:39:57.891715+00:00 DEBUG 'ansible_navigator.main' Prior to rollback: editor_command = 'vi +{line_number} {filename}' (str/Defaults)
2026-10-05T12:39:57.891732+00:00 DEBUG 'ansible_navigator.main' Prior to rollback: editor_console = 'True' (bool/Defaults)
2026-10-05T12:39:57.891748+00:00 DEBUG 'ansible_navigator.main' Prior to rollback: enable_prompts = 'False' (bool/Defaults)
2026-10-05T12:39:57.891765+00:00 DEBUG 'ansible_navigator.main' Prior to rollback: exec_command = '/bin/bash' (str/Defaults)
2026-10-05T12:39:57.891782+00:00 DEBUG 'ansible_navigator.main' Prior to rollback: exec_shell = 'True' (bool/Defaults)
2026-10-05T12:39:57.891799+00:00 DEBUG 'ansible_navigator.main' Prior to rollback: execution_environment = 'True' (bool/Defaults)
2026-10-05T12:39:57.891815+00:00 DEBUG 'ansible_navigator.main' Prior to rollback: execution_environment_image = 'aap.lab.example.com/ee-supported-rhel9:latest' (str/Command line)
2026-10-05T12:39:57.891832+00:00 DEBUG 'ansible_navigator.main' Prior to rollback: execution_environment_volume_mounts = 'Not set' (Constants/Not set)
2026-10-05T12:39:57.891849+00:00 DEBUG 'ansible_navigator.main' Prior to rollback: format = 'yaml' (str/Defaults)
2026-10-05T12:39:57.891881+00:00 DEBUG 'ansible_navigator.main' Prior to rollback: help_builder = 'False' (bool/Defaults)
2026-10-05T12:39:57.891899+00:00 DEBUG 'ansible_navigator.main' Prior to rollback: help_config = 'False' (bool/Defaults)
2026-10-05T12:39:57.891916+00:00 DEBUG 'ansible_navigator.main' Prior to rollback: help_doc = 'False' (bool/Defaults)
2026-10-05T12:39:57.891933+00:00 DEBUG 'ansible_navigator.main' Prior to rollback: help_inventory = 'False' (bool/Defaults)
2026-10-05T12:39:57.891950+00:00 DEBUG 'ansible_navigator.main' Prior to rollback: help_playbook = 'False' (bool/Defaults)
2026-10-05T12:39:57.891966+00:00 DEBUG 'ansible_navigator.main' Prior to rollback: images_details = '['everything']' (list/Defaults)
2026-10-05T12:39:57.891983+00:00 DEBUG 'ansible_navigator.main' Prior to rollback: inventory = 'Not set' (Constants/Not set)
2026-10-05T12:39:57.892000+00:00 DEBUG 'ansible_navigator.main' Prior to rollback: inventory_column = 'Not set' (Constants/Not set)
2026-10-05T12:39:57.892016+00:00 DEBUG 'ansible_navigator.main' Prior to rollback: lint_config = 'Not set' (Constants/Not set)
2026-10-05T12:39:57.892033+00:00 DEBUG 'ansible_navigator.main' Prior to rollback: lintables = 'Not set' (Constants/Not set)
2026-10-05T12:39:57.892062+00:00 DEBUG 'ansible_navigator.main' Prior to rollback: log_append = 'True' (bool/Defaults)
2026-10-05T12:39:57.892079+00:00 DEBUG 'ansible_navigator.main' Prior to rollback: log_file = '/home/student/cmc/ansible-navigator.log' (str/Defaults)
2026-10-05T12:39:57.892096+00:00 DEBUG 'ansible_navigator.main' Prior to rollback: log_level = 'warning' (str/Defaults)
2026-10-05T12:39:57.892113+00:00 DEBUG 'ansible_navigator.main' Prior to rollback: mode = 'stdout' (str/Command line)
2026-10-05T12:39:57.892130+00:00 DEBUG 'ansible_navigator.main' Prior to rollback: osc4 = 'True' (bool/Defaults)
2026-10-05T12:39:57.892146+00:00 DEBUG 'ansible_navigator.main' Prior to rollback: pass_environment_variable = 'Not set' (Constants/Not set)
2026-10-05T12:39:57.892163+00:00 DEBUG 'ansible_navigator.main' Prior to rollback: playbook = 'Not set' (Constants/Not set)
2026-10-05T12:39:57.892180+00:00 DEBUG 'ansible_navigator.main' Prior to rollback: playbook_artifact_enable = 'True' (bool/Defaults)
2026-10-05T12:39:57.892197+00:00 DEBUG 'ansible_navigator.main' Prior to rollback: playbook_artifact_replay = 'Not set' (Constants/Not set)
2026-10-05T12:39:57.892215+00:00 DEBUG 'ansible_navigator.main' Prior to rollback: playbook_artifact_save_as = '{playbook_dir}/{playbook_name}-artifact-{time_stamp}.json' (str/Defaults)
2026-10-05T12:39:57.892232+00:00 DEBUG 'ansible_navigator.main' Prior to rollback: plugin_name = 'Not set' (Constants/Not set)
2026-10-05T12:39:57.892249+00:00 DEBUG 'ansible_navigator.main' Prior to rollback: plugin_type = 'module' (str/Defaults)
2026-10-05T12:39:57.892266+00:00 DEBUG 'ansible_navigator.main' Prior to rollback: pull_arguments = 'Not set' (Constants/Not set)
2026-10-05T12:39:57.892283+00:00 DEBUG 'ansible_navigator.main' Prior to rollback: pull_policy = 'missing' (str/Command line)
2026-10-05T12:39:57.892300+00:00 DEBUG 'ansible_navigator.main' Prior to rollback: set_environment_variable = 'Not set' (Constants/Not set)
2026-10-05T12:39:57.892317+00:00 DEBUG 'ansible_navigator.main' Prior to rollback: settings_effective = 'True' (bool/Command line)
2026-10-05T12:39:57.892334+00:00 DEBUG 'ansible_navigator.main' Prior to rollback: settings_sample = 'False' (bool/Defaults)
2026-10-05T12:39:57.892350+00:00 DEBUG 'ansible_navigator.main' Prior to rollback: settings_schema = 'json' (str/Defaults)
2026-10-05T12:39:57.892367+00:00 DEBUG 'ansible_navigator.main' Prior to rollback: settings_sources = 'False' (bool/Defaults)
2026-10-05T12:39:57.892384+00:00 DEBUG 'ansible_navigator.main' Prior to rollback: time_zone = 'UTC' (str/Defaults)
2026-10-05T12:39:57.892400+00:00 DEBUG 'ansible_navigator.main' Prior to rollback: workdir = '/home/student/cmc' (str/Defaults)
2026-10-05T12:39:57.892417+00:00 DEBUG 'ansible_navigator.main' After rollback: ansible_runner_artifact_dir = 'Not set' (Constants/Not set)
2026-10-05T12:39:57.892441+00:00 DEBUG 'ansible_navigator.main' After rollback: ansible_runner_rotate_artifacts_count = 'Not set' (Constants/Not set)
2026-10-05T12:39:57.892458+00:00 DEBUG 'ansible_navigator.main' After rollback: ansible_runner_timeout = 'Not set' (Constants/Not set)
2026-10-05T12:39:57.892475+00:00 DEBUG 'ansible_navigator.main' After rollback: ansible_runner_write_job_events = 'Not set' (Constants/Not set)
2026-10-05T12:39:57.892492+00:00 DEBUG 'ansible_navigator.main' After rollback: app = 'Not set' (Constants/Not set)
2026-10-05T12:39:57.892509+00:00 DEBUG 'ansible_navigator.main' After rollback: cmdline = 'Not set' (Constants/Not set)
2026-10-05T12:39:57.892525+00:00 DEBUG 'ansible_navigator.main' After rollback: collection_doc_cache_path = 'Not set' (Constants/Not set)
2026-10-05T12:39:57.892542+00:00 DEBUG 'ansible_navigator.main' After rollback: config = 'Not set' (Constants/Not set)
2026-10-05T12:39:57.892559+00:00 DEBUG 'ansible_navigator.main' After rollback: container_engine = 'Not set' (Constants/Not set)
2026-10-05T12:39:57.892576+00:00 DEBUG 'ansible_navigator.main' After rollback: container_options = 'Not set' (Constants/Not set)
2026-10-05T12:39:57.892594+00:00 DEBUG 'ansible_navigator.main' After rollback: display_color = 'Not set' (Constants/Not set)
2026-10-05T12:39:57.892612+00:00 DEBUG 'ansible_navigator.main' After rollback: editor_command = 'Not set' (Constants/Not set)
2026-10-05T12:39:57.892629+00:00 DEBUG 'ansible_navigator.main' After rollback: editor_console = 'Not set' (Constants/Not set)
2026-10-05T12:39:57.892646+00:00 DEBUG 'ansible_navigator.main' After rollback: enable_prompts = 'Not set' (Constants/Not set)
2026-10-05T12:39:57.892663+00:00 DEBUG 'ansible_navigator.main' After rollback: exec_command = 'Not set' (Constants/Not set)
2026-10-05T12:39:57.892679+00:00 DEBUG 'ansible_navigator.main' After rollback: exec_shell = 'Not set' (Constants/Not set)
2026-10-05T12:39:57.892696+00:00 DEBUG 'ansible_navigator.main' After rollback: execution_environment = 'Not set' (Constants/Not set)
2026-10-05T12:39:57.892713+00:00 DEBUG 'ansible_navigator.main' After rollback: execution_environment_image = 'Not set' (Constants/Not set)
2026-10-05T12:39:57.892730+00:00 DEBUG 'ansible_navigator.main' After rollback: execution_environment_volume_mounts = 'Not set' (Constants/Not set)
2026-10-05T12:39:57.892746+00:00 DEBUG 'ansible_navigator.main' After rollback: format = 'Not set' (Constants/Not set)
2026-10-05T12:39:57.892763+00:00 DEBUG 'ansible_navigator.main' After rollback: help_builder = 'Not set' (Constants/Not set)
2026-10-05T12:39:57.892780+00:00 DEBUG 'ansible_navigator.main' After rollback: help_config = 'Not set' (Constants/Not set)
2026-10-05T12:39:57.892796+00:00 DEBUG 'ansible_navigator.main' After rollback: help_doc = 'Not set' (Constants/Not set)
2026-10-05T12:39:57.892812+00:00 DEBUG 'ansible_navigator.main' After rollback: help_inventory = 'Not set' (Constants/Not set)
2026-10-05T12:39:57.892829+00:00 DEBUG 'ansible_navigator.main' After rollback: help_playbook = 'Not set' (Constants/Not set)
2026-10-05T12:39:57.892846+00:00 DEBUG 'ansible_navigator.main' After rollback: images_details = 'Not set' (Constants/Not set)
2026-10-05T12:39:57.892872+00:00 DEBUG 'ansible_navigator.main' After rollback: inventory = 'Not set' (Constants/Not set)
2026-10-05T12:39:57.892889+00:00 DEBUG 'ansible_navigator.main' After rollback: inventory_column = 'Not set' (Constants/Not set)
2026-10-05T12:39:57.892906+00:00 DEBUG 'ansible_navigator.main' After rollback: lint_config = 'Not set' (Constants/Not set)
2026-10-05T12:39:57.892922+00:00 DEBUG 'ansible_navigator.main' After rollback: lintables = 'Not set' (Constants/Not set)
2026-10-05T12:39:57.892939+00:00 DEBUG 'ansible_navigator.main' After rollback: log_append = 'Not set' (Constants/Not set)
2026-10-05T12:39:57.892955+00:00 DEBUG 'ansible_navigator.main' After rollback: log_file = 'Not set' (Constants/Not set)
2026-10-05T12:39:57.892972+00:00 DEBUG 'ansible_navigator.main' After rollback: log_level = 'Not set' (Constants/Not set)
2026-10-05T12:39:57.892990+00:00 DEBUG 'ansible_navigator.main' After rollback: mode = 'Not set' (Constants/Not set)
2026-10-05T12:39:57.893007+00:00 DEBUG 'ansible_navigator.main' After rollback: osc4 = 'Not set' (Constants/Not set)
2026-10-05T12:39:57.893023+00:00 DEBUG 'ansible_navigator.main' After rollback: pass_environment_variable = 'Not set' (Constants/Not set)
2026-10-05T12:39:57.893047+00:00 DEBUG 'ansible_navigator.main' After rollback: playbook = 'Not set' (Constants/Not set)
2026-10-05T12:39:57.893067+00:00 DEBUG 'ansible_navigator.main' After rollback: playbook_artifact_enable = 'Not set' (Constants/Not set)
2026-10-05T12:39:57.893084+00:00 DEBUG 'ansible_navigator.main' After rollback: playbook_artifact_replay = 'Not set' (Constants/Not set)
2026-10-05T12:39:57.893101+00:00 DEBUG 'ansible_navigator.main' After rollback: playbook_artifact_save_as = 'Not set' (Constants/Not set)
2026-10-05T12:39:57.893117+00:00 DEBUG 'ansible_navigator.main' After rollback: plugin_name = 'Not set' (Constants/Not set)
2026-10-05T12:39:57.893134+00:00 DEBUG 'ansible_navigator.main' After rollback: plugin_type = 'Not set' (Constants/Not set)
2026-10-05T12:39:57.893150+00:00 DEBUG 'ansible_navigator.main' After rollback: pull_arguments = 'Not set' (Constants/Not set)
2026-10-05T12:39:57.893167+00:00 DEBUG 'ansible_navigator.main' After rollback: pull_policy = 'Not set' (Constants/Not set)
2026-10-05T12:39:57.893183+00:00 DEBUG 'ansible_navigator.main' After rollback: set_environment_variable = 'Not set' (Constants/Not set)
2026-10-05T12:39:57.893200+00:00 DEBUG 'ansible_navigator.main' After rollback: settings_effective = 'Not set' (Constants/Not set)
2026-10-05T12:39:57.893217+00:00 DEBUG 'ansible_navigator.main' After rollback: settings_sample = 'Not set' (Constants/Not set)
2026-10-05T12:39:57.893233+00:00 DEBUG 'ansible_navigator.main' After rollback: settings_schema = 'Not set' (Constants/Not set)
2026-10-05T12:39:57.893250+00:00 DEBUG 'ansible_navigator.main' After rollback: settings_sources = 'Not set' (Constants/Not set)
2026-10-05T12:39:57.893266+00:00 DEBUG 'ansible_navigator.main' After rollback: time_zone = 'Not set' (Constants/Not set)
2026-10-05T12:39:57.893282+00:00 DEBUG 'ansible_navigator.main' After rollback: workdir = 'Not set' (Constants/Not set)
2026-10-05T12:39:57.893299+00:00 DEBUG 'ansible_navigator.main' Configuration rollback complete.
2026-10-05T12:39:57.893316+00:00 DEBUG 'ansible_navigator.main' Collection doc cache not mounted
2026-10-05T12:39:57.893346+00:00 WARNING 'ansible_navigator.main' Issues were found while applying the settings.
2026-10-05T12:39:57.893366+00:00 INFO 'ansible_navigator.main' Command provided: 'settings --effective --execution-environment-image aap.lab.example.com/ee-supported-rhel9:latest --pull-policy missing --mode stdout --pae false'
2026-10-05T12:39:57.893388+00:00 ERROR 'ansible_navigator.main' The following errors were found in the settings file (/home/student/cmc/ansible-navigator.yml):
2026-10-05T12:39:57.893407+00:00 ERROR 'ansible_navigator.main' In '': Additional properties are not allowed ('$schema', 'additionalProperties', 'description', 'properties', 'required', 'title', 'type', 'version' were unexpected).
2026-10-05T12:39:57.893425+00:00 ERROR 'ansible_navigator.main' In '': 'ansible-navigator' is a required property.
2026-10-05T12:39:57.893444+00:00 INFO 'ansible_navigator.main' Check the settings file and compare it to the current version.
2026-10-05T12:39:57.893463+00:00 INFO 'ansible_navigator.main' The current version can be found here: (https://ansible-navigator.readthedocs.io/en/latest/settings/#ansible-navigator-settings)
2026-10-05T12:39:57.893483+00:00 INFO 'ansible_navigator.main' The schema used for validation can be seen with 'ansible-navigator settings --schema'
2026-10-05T12:39:57.893501+00:00 INFO 'ansible_navigator.main' A sample settings file can be created with 'ansible-navigator settings --sample'
2026-10-05T12:39:57.893519+00:00 INFO 'ansible_navigator.main' Configuration failed, using default log file location. (/home/student/cmc/ansible-navigator.log) Log level set to debug
2026-10-05T12:39:57.893539+00:00 INFO 'ansible_navigator.main' Review the hints and log file to see what went wrong.
2026-10-05T12:44:48.745691+00:00 ERROR 'ansible_navigator.actions.collections._parse' /usr/share/ansible/collections/ansible_collections/redhat/insights/roles/compliance/meta/argument_specs.yml Failed to find argument_specs.yml for role in redhat.insights.
2026-10-05T12:44:48.746406+00:00 ERROR 'ansible_navigator.actions.collections._parse' /usr/share/ansible/collections/ansible_collections/redhat/insights/roles/insights_client/meta/argument_specs.yml Failed to find argument_specs.yml for role in redhat.insights.
2026-10-05T12:44:48.746463+00:00 ERROR 'ansible_navigator.actions.collections._parse' /usr/share/ansible/collections/ansible_collections/redhat/redhat_csp_download/roles/redhat_csp_download/meta/argument_specs.yml Failed to find argument_specs.yml for role in redhat.redhat_csp_download.
2026-10-05T12:44:48.746499+00:00 ERROR 'ansible_navigator.actions.collections._parse' /usr/share/ansible/collections/ansible_collections/redhat/redhat_csp_download/roles/redhat_csp_download/meta/main.yml Failed to find main.yml for role in redhat.redhat_csp_download.
2026-10-05T12:44:48.746529+00:00 ERROR 'ansible_navigator.actions.collections._parse' /usr/share/ansible/collections/ansible_collections/redhat/rhel_idm/roles/ipabackup/meta/argument_specs.yml Failed to find argument_specs.yml for role in redhat.rhel_idm.
2026-10-05T12:44:48.746559+00:00 ERROR 'ansible_navigator.actions.collections._parse' /usr/share/ansible/collections/ansible_collections/redhat/rhel_idm/roles/ipaclient/meta/argument_specs.yml Failed to find argument_specs.yml for role in redhat.rhel_idm.
2026-10-05T12:44:48.746583+00:00 ERROR 'ansible_navigator.actions.collections._parse' /usr/share/ansible/collections/ansible_collections/redhat/rhel_idm/roles/ipareplica/meta/argument_specs.yml Failed to find argument_specs.yml for role in redhat.rhel_idm.
2026-10-05T12:44:48.746618+00:00 ERROR 'ansible_navigator.actions.collections._parse' /usr/share/ansible/collections/ansible_collections/redhat/rhel_idm/roles/ipaserver/meta/argument_specs.yml Failed to find argument_specs.yml for role in redhat.rhel_idm.
2026-10-05T12:44:48.746668+00:00 ERROR 'ansible_navigator.actions.collections._parse' /usr/share/ansible/collections/ansible_collections/redhat/rhel_idm/roles/ipasmartcard_client/meta/argument_specs.yml Failed to find argument_specs.yml for role in redhat.rhel_idm.
2026-10-05T12:44:48.746692+00:00 ERROR 'ansible_navigator.actions.collections._parse' /usr/share/ansible/collections/ansible_collections/redhat/rhel_idm/roles/ipasmartcard_server/meta/argument_specs.yml Failed to find argument_specs.yml for role in redhat.rhel_idm.
2026-10-05T12:44:48.746716+00:00 ERROR 'ansible_navigator.actions.collections._parse' /usr/share/ansible/collections/ansible_collections/redhat/rhel_system_roles/roles/ad_integration/meta/argument_specs.yml Failed to find argument_specs.yml for role in redhat.rhel_system_roles.
2026-10-05T12:44:48.746735+00:00 ERROR 'ansible_navigator.actions.collections._parse' /usr/share/ansible/collections/ansible_collections/redhat/rhel_system_roles/roles/aide/meta/argument_specs.yml Failed to find argument_specs.yml for role in redhat.rhel_system_roles.
2026-10-05T12:44:48.746768+00:00 ERROR 'ansible_navigator.actions.collections._parse' /usr/share/ansible/collections/ansible_collections/redhat/rhel_system_roles/roles/bootloader/meta/argument_specs.yml Failed to find argument_specs.yml for role in redhat.rhel_system_roles.
2026-10-05T12:44:48.746798+00:00 ERROR 'ansible_navigator.actions.collections._parse' /usr/share/ansible/collections/ansible_collections/redhat/rhel_system_roles/roles/certificate/meta/argument_specs.yml Failed to find argument_specs.yml for role in redhat.rhel_system_roles.
2026-10-05T12:44:48.746816+00:00 ERROR 'ansible_navigator.actions.collections._parse' /usr/share/ansible/collections/ansible_collections/redhat/rhel_system_roles/roles/cockpit/meta/argument_specs.yml Failed to find argument_specs.yml for role in redhat.rhel_system_roles.
2026-10-05T12:44:48.746850+00:00 ERROR 'ansible_navigator.actions.collections._parse' /usr/share/ansible/collections/ansible_collections/redhat/rhel_system_roles/roles/crypto_policies/meta/argument_specs.yml Failed to find argument_specs.yml for role in redhat.rhel_system_roles.
2026-10-05T12:44:48.746870+00:00 ERROR 'ansible_navigator.actions.collections._parse' /usr/share/ansible/collections/ansible_collections/redhat/rhel_system_roles/roles/fapolicyd/meta/argument_specs.yml Failed to find argument_specs.yml for role in redhat.rhel_system_roles.
2026-10-05T12:44:48.746890+00:00 ERROR 'ansible_navigator.actions.collections._parse' /usr/share/ansible/collections/ansible_collections/redhat/rhel_system_roles/roles/firewall/meta/argument_specs.yml Failed to find argument_specs.yml for role in redhat.rhel_system_roles.
2026-10-05T12:44:48.746908+00:00 ERROR 'ansible_navigator.actions.collections._parse' /usr/share/ansible/collections/ansible_collections/redhat/rhel_system_roles/roles/ha_cluster/meta/argument_specs.yml Failed to find argument_specs.yml for role in redhat.rhel_system_roles.
2026-10-05T12:44:48.746926+00:00 ERROR 'ansible_navigator.actions.collections._parse' /usr/share/ansible/collections/ansible_collections/redhat/rhel_system_roles/roles/journald/meta/argument_specs.yml Failed to find argument_specs.yml for role in redhat.rhel_system_roles.
2026-10-05T12:44:48.746943+00:00 ERROR 'ansible_navigator.actions.collections._parse' /usr/share/ansible/collections/ansible_collections/redhat/rhel_system_roles/roles/kdump/meta/argument_specs.yml Failed to find argument_specs.yml for role in redhat.rhel_system_roles.
2026-10-05T12:44:48.746963+00:00 ERROR 'ansible_navigator.actions.collections._parse' /usr/share/ansible/collections/ansible_collections/redhat/rhel_system_roles/roles/kernel_settings/meta/argument_specs.yml Failed to find argument_specs.yml for role in redhat.rhel_system_roles.
2026-10-05T12:44:48.746979+00:00 ERROR 'ansible_navigator.actions.collections._parse' /usr/share/ansible/collections/ansible_collections/redhat/rhel_system_roles/roles/keylime_server/meta/argument_specs.yml Failed to find argument_specs.yml for role in redhat.rhel_system_roles.
2026-10-05T12:44:48.746996+00:00 ERROR 'ansible_navigator.actions.collections._parse' /usr/share/ansible/collections/ansible_collections/redhat/rhel_system_roles/roles/logging/meta/argument_specs.yml Failed to find argument_specs.yml for role in redhat.rhel_system_roles.
2026-10-05T12:44:48.747013+00:00 ERROR 'ansible_navigator.actions.collections._parse' /usr/share/ansible/collections/ansible_collections/redhat/rhel_system_roles/roles/metrics/meta/argument_specs.yml Failed to find argument_specs.yml for role in redhat.rhel_system_roles.
2026-10-05T12:44:48.747030+00:00 ERROR 'ansible_navigator.actions.collections._parse' /usr/share/ansible/collections/ansible_collections/redhat/rhel_system_roles/roles/nbde_client/meta/argument_specs.yml Failed to find argument_specs.yml for role in redhat.rhel_system_roles.
2026-10-05T12:44:48.747076+00:00 ERROR 'ansible_navigator.actions.collections._parse' /usr/share/ansible/collections/ansible_collections/redhat/rhel_system_roles/roles/nbde_server/meta/argument_specs.yml Failed to find argument_specs.yml for role in redhat.rhel_system_roles.
2026-10-05T12:44:48.747096+00:00 ERROR 'ansible_navigator.actions.collections._parse' /usr/share/ansible/collections/ansible_collections/redhat/rhel_system_roles/roles/network/meta/argument_specs.yml Failed to find argument_specs.yml for role in redhat.rhel_system_roles.
2026-10-05T12:44:48.747113+00:00 ERROR 'ansible_navigator.actions.collections._parse' /usr/share/ansible/collections/ansible_collections/redhat/rhel_system_roles/roles/podman/meta/argument_specs.yml Failed to find argument_specs.yml for role in redhat.rhel_system_roles.
2026-10-05T12:44:48.747130+00:00 ERROR 'ansible_navigator.actions.collections._parse' /usr/share/ansible/collections/ansible_collections/redhat/rhel_system_roles/roles/postfix/meta/argument_specs.yml Failed to find argument_specs.yml for role in redhat.rhel_system_roles.
2026-10-05T12:44:48.747150+00:00 ERROR 'ansible_navigator.actions.collections._parse' /usr/share/ansible/collections/ansible_collections/redhat/rhel_system_roles/roles/postgresql/meta/argument_specs.yml Failed to find argument_specs.yml for role in redhat.rhel_system_roles.
2026-10-05T12:44:48.747167+00:00 ERROR 'ansible_navigator.actions.collections._parse' /usr/share/ansible/collections/ansible_collections/redhat/rhel_system_roles/roles/private_logging_subrole_rsyslog/meta/argument_specs.yml Failed to find argument_specs.yml for role in redhat.rhel_system_roles.
2026-10-05T12:44:48.747184+00:00 ERROR 'ansible_navigator.actions.collections._parse' /usr/share/ansible/collections/ansible_collections/redhat/rhel_system_roles/roles/private_metrics_subrole_bpftrace/meta/argument_specs.yml Failed to find argument_specs.yml for role in redhat.rhel_system_roles.
2026-10-05T12:44:48.747201+00:00 ERROR 'ansible_navigator.actions.collections._parse' /usr/share/ansible/collections/ansible_collections/redhat/rhel_system_roles/roles/private_metrics_subrole_elasticsearch/meta/argument_specs.yml Failed to find argument_specs.yml for role in redhat.rhel_system_roles.
2026-10-05T12:44:48.747220+00:00 ERROR 'ansible_navigator.actions.collections._parse' /usr/share/ansible/collections/ansible_collections/redhat/rhel_system_roles/roles/private_metrics_subrole_grafana/meta/argument_specs.yml Failed to find argument_specs.yml for role in redhat.rhel_system_roles.
2026-10-05T12:44:48.747236+00:00 ERROR 'ansible_navigator.actions.collections._parse' /usr/share/ansible/collections/ansible_collections/redhat/rhel_system_roles/roles/private_metrics_subrole_keyserver/meta/argument_specs.yml Failed to find argument_specs.yml for role in redhat.rhel_system_roles.
2026-10-05T12:44:48.747256+00:00 ERROR 'ansible_navigator.actions.collections._parse' /usr/share/ansible/collections/ansible_collections/redhat/rhel_system_roles/roles/private_metrics_subrole_mssql/meta/argument_specs.yml Failed to find argument_specs.yml for role in redhat.rhel_system_roles.
2026-10-05T12:44:48.747273+00:00 ERROR 'ansible_navigator.actions.collections._parse' /usr/share/ansible/collections/ansible_collections/redhat/rhel_system_roles/roles/private_metrics_subrole_pcp/meta/argument_specs.yml Failed to find argument_specs.yml for role in redhat.rhel_system_roles.
2026-10-05T12:44:48.747290+00:00 ERROR 'ansible_navigator.actions.collections._parse' /usr/share/ansible/collections/ansible_collections/redhat/rhel_system_roles/roles/private_metrics_subrole_postfix/meta/argument_specs.yml Failed to find argument_specs.yml for role in redhat.rhel_system_roles.
2026-10-05T12:44:48.747306+00:00 ERROR 'ansible_navigator.actions.collections._parse' /usr/share/ansible/collections/ansible_collections/redhat/rhel_system_roles/roles/private_metrics_subrole_repository/meta/argument_specs.yml Failed to find argument_specs.yml for role in redhat.rhel_system_roles.
2026-10-05T12:44:48.747325+00:00 ERROR 'ansible_navigator.actions.collections._parse' /usr/share/ansible/collections/ansible_collections/redhat/rhel_system_roles/roles/private_metrics_subrole_spark/meta/argument_specs.yml Failed to find argument_specs.yml for role in redhat.rhel_system_roles.
2026-10-05T12:44:48.747342+00:00 ERROR 'ansible_navigator.actions.collections._parse' /usr/share/ansible/collections/ansible_collections/redhat/rhel_system_roles/roles/rhc/meta/argument_specs.yml Failed to find argument_specs.yml for role in redhat.rhel_system_roles.
2026-10-05T12:44:48.747358+00:00 ERROR 'ansible_navigator.actions.collections._parse' /usr/share/ansible/collections/ansible_collections/redhat/rhel_system_roles/roles/selinux/meta/argument_specs.yml Failed to find argument_specs.yml for role in redhat.rhel_system_roles.
2026-10-05T12:44:48.747375+00:00 ERROR 'ansible_navigator.actions.collections._parse' /usr/share/ansible/collections/ansible_collections/redhat/rhel_system_roles/roles/snapshot/meta/argument_specs.yml Failed to find argument_specs.yml for role in redhat.rhel_system_roles.
2026-10-05T12:44:48.747393+00:00 ERROR 'ansible_navigator.actions.collections._parse' /usr/share/ansible/collections/ansible_collections/redhat/rhel_system_roles/roles/ssh/meta/argument_specs.yml Failed to find argument_specs.yml for role in redhat.rhel_system_roles.
2026-10-05T12:44:48.747411+00:00 ERROR 'ansible_navigator.actions.collections._parse' /usr/share/ansible/collections/ansible_collections/redhat/rhel_system_roles/roles/sshd/meta/argument_specs.yml Failed to find argument_specs.yml for role in redhat.rhel_system_roles.
2026-10-05T12:44:48.747427+00:00 ERROR 'ansible_navigator.actions.collections._parse' /usr/share/ansible/collections/ansible_collections/redhat/rhel_system_roles/roles/storage/meta/argument_specs.yml Failed to find argument_specs.yml for role in redhat.rhel_system_roles.
2026-10-05T12:44:48.747444+00:00 ERROR 'ansible_navigator.actions.collections._parse' /usr/share/ansible/collections/ansible_collections/redhat/rhel_system_roles/roles/sudo/meta/argument_specs.yml Failed to find argument_specs.yml for role in redhat.rhel_system_roles.
2026-10-05T12:44:48.747465+00:00 ERROR 'ansible_navigator.actions.collections._parse' /usr/share/ansible/collections/ansible_collections/redhat/rhel_system_roles/roles/systemd/meta/argument_specs.yml Failed to find argument_specs.yml for role in redhat.rhel_system_roles.
2026-10-05T12:44:48.747482+00:00 ERROR 'ansible_navigator.actions.collections._parse' /usr/share/ansible/collections/ansible_collections/redhat/rhel_system_roles/roles/timesync/meta/argument_specs.yml Failed to find argument_specs.yml for role in redhat.rhel_system_roles.
2026-10-05T12:44:48.747499+00:00 ERROR 'ansible_navigator.actions.collections._parse' /usr/share/ansible/collections/ansible_collections/redhat/rhel_system_roles/roles/tlog/meta/argument_specs.yml Failed to find argument_specs.yml for role in redhat.rhel_system_roles.
2026-10-05T12:44:48.747516+00:00 ERROR 'ansible_navigator.actions.collections._parse' /usr/share/ansible/collections/ansible_collections/redhat/rhel_system_roles/roles/vpn/meta/argument_specs.yml Failed to find argument_specs.yml for role in redhat.rhel_system_roles.
2026-10-05T12:44:48.747533+00:00 ERROR 'ansible_navigator.actions.collections._parse' /usr/share/ansible/collections/ansible_collections/redhat/rhv/roles/cluster_upgrade/meta/argument_specs.yml Failed to find argument_specs.yml for role in redhat.rhv.
2026-10-05T12:44:48.747550+00:00 ERROR 'ansible_navigator.actions.collections._parse' /usr/share/ansible/collections/ansible_collections/redhat/rhv/roles/cluster_upgrade/meta/main.yml Failed to find main.yml for role in redhat.rhv.
2026-10-05T12:44:48.747567+00:00 ERROR 'ansible_navigator.actions.collections._parse' /usr/share/ansible/collections/ansible_collections/redhat/rhv/roles/disaster_recovery/meta/argument_specs.yml Failed to find argument_specs.yml for role in redhat.rhv.
2026-10-05T12:44:48.747588+00:00 ERROR 'ansible_navigator.actions.collections._parse' /usr/share/ansible/collections/ansible_collections/redhat/rhv/roles/disaster_recovery/meta/main.yml Failed to find main.yml for role in redhat.rhv.
2026-10-05T12:44:48.747607+00:00 ERROR 'ansible_navigator.actions.collections._parse' /usr/share/ansible/collections/ansible_collections/redhat/rhv/roles/engine_setup/meta/argument_specs.yml Failed to find argument_specs.yml for role in redhat.rhv.
2026-10-05T12:44:48.747625+00:00 ERROR 'ansible_navigator.actions.collections._parse' /usr/share/ansible/collections/ansible_collections/redhat/rhv/roles/engine_setup/meta/main.yml Failed to find main.yml for role in redhat.rhv.
2026-10-05T12:44:48.747642+00:00 ERROR 'ansible_navigator.actions.collections._parse' /usr/share/ansible/collections/ansible_collections/redhat/rhv/roles/hosted_engine_setup/meta/argument_specs.yml Failed to find argument_specs.yml for role in redhat.rhv.
2026-10-05T12:44:48.747659+00:00 ERROR 'ansible_navigator.actions.collections._parse' /usr/share/ansible/collections/ansible_collections/redhat/rhv/roles/hosted_engine_setup/meta/main.yml Failed to find main.yml for role in redhat.rhv.
2026-10-05T12:44:48.747683+00:00 ERROR 'ansible_navigator.actions.collections._parse' /usr/share/ansible/collections/ansible_collections/redhat/rhv/roles/image_template/meta/argument_specs.yml Failed to find argument_specs.yml for role in redhat.rhv.
2026-10-05T12:44:48.747701+00:00 ERROR 'ansible_navigator.actions.collections._parse' /usr/share/ansible/collections/ansible_collections/redhat/rhv/roles/image_template/meta/main.yml Failed to find main.yml for role in redhat.rhv.
2026-10-05T12:44:48.747718+00:00 ERROR 'ansible_navigator.actions.collections._parse' /usr/share/ansible/collections/ansible_collections/redhat/rhv/roles/infra/meta/argument_specs.yml Failed to find argument_specs.yml for role in redhat.rhv.
2026-10-05T12:44:48.747735+00:00 ERROR 'ansible_navigator.actions.collections._parse' /usr/share/ansible/collections/ansible_collections/redhat/rhv/roles/infra/meta/main.yml Failed to find main.yml for role in redhat.rhv.
2026-10-05T12:44:48.747752+00:00 ERROR 'ansible_navigator.actions.collections._parse' /usr/share/ansible/collections/ansible_collections/redhat/rhv/roles/remove_stale_lun/meta/argument_specs.yml Failed to find argument_specs.yml for role in redhat.rhv.
2026-10-05T12:44:48.747782+00:00 ERROR 'ansible_navigator.actions.collections._parse' /usr/share/ansible/collections/ansible_collections/redhat/rhv/roles/remove_stale_lun/meta/main.yml Failed to find main.yml for role in redhat.rhv.
2026-10-05T12:44:48.747802+00:00 ERROR 'ansible_navigator.actions.collections._parse' /usr/share/ansible/collections/ansible_collections/redhat/rhv/roles/repositories/meta/argument_specs.yml Failed to find argument_specs.yml for role in redhat.rhv.
2026-10-05T12:44:48.747820+00:00 ERROR 'ansible_navigator.actions.collections._parse' /usr/share/ansible/collections/ansible_collections/redhat/rhv/roles/repositories/meta/main.yml Failed to find main.yml for role in redhat.rhv.
2026-10-05T12:44:48.747837+00:00 ERROR 'ansible_navigator.actions.collections._parse' /usr/share/ansible/collections/ansible_collections/redhat/rhv/roles/shutdown_env/meta/argument_specs.yml Failed to find argument_specs.yml for role in redhat.rhv.
2026-10-05T12:44:48.747869+00:00 ERROR 'ansible_navigator.actions.collections._parse' /usr/share/ansible/collections/ansible_collections/redhat/rhv/roles/shutdown_env/meta/main.yml Failed to find main.yml for role in redhat.rhv.
2026-10-05T12:44:48.747886+00:00 ERROR 'ansible_navigator.actions.collections._parse' /usr/share/ansible/collections/ansible_collections/redhat/rhv/roles/vm_infra/meta/argument_specs.yml Failed to find argument_specs.yml for role in redhat.rhv.
2026-10-05T12:44:48.747902+00:00 ERROR 'ansible_navigator.actions.collections._parse' /usr/share/ansible/collections/ansible_collections/redhat/rhv/roles/vm_infra/meta/main.yml Failed to find main.yml for role in redhat.rhv.
2026-10-05T12:44:48.747919+00:00 ERROR 'ansible_navigator.actions.collections._parse' /usr/share/ansible/collections/ansible_collections/redhat/sap_install/roles/sap_ha_install_hana_hsr/meta/argument_specs.yml Failed to find argument_specs.yml for role in redhat.sap_install.
2026-10-05T12:44:48.747936+00:00 ERROR 'ansible_navigator.actions.collections._parse' /usr/share/ansible/collections/ansible_collections/redhat/sap_install/roles/sap_swpm/meta/argument_specs.yml Failed to find argument_specs.yml for role in redhat.sap_install.
2026-10-05T12:44:48.747953+00:00 ERROR 'ansible_navigator.actions.collections._parse' /usr/share/ansible/collections/ansible_collections/redhat/satellite/roles/activation_keys/meta/argument_specs.yml Failed to find argument_specs.yml for role in redhat.satellite.
2026-10-05T12:44:48.747970+00:00 ERROR 'ansible_navigator.actions.collections._parse' /usr/share/ansible/collections/ansible_collections/redhat/satellite/roles/auth_sources_ldap/meta/argument_specs.yml Failed to find argument_specs.yml for role in redhat.satellite.
2026-10-05T12:44:48.747987+00:00 ERROR 'ansible_navigator.actions.collections._parse' /usr/share/ansible/collections/ansible_collections/redhat/satellite/roles/compute_profiles/meta/argument_specs.yml Failed to find argument_specs.yml for role in redhat.satellite.
2026-10-05T12:44:48.748007+00:00 ERROR 'ansible_navigator.actions.collections._parse' /usr/share/ansible/collections/ansible_collections/redhat/satellite/roles/compute_resources/meta/argument_specs.yml Failed to find argument_specs.yml for role in redhat.satellite.
2026-10-05T12:44:48.748024+00:00 ERROR 'ansible_navigator.actions.collections._parse' /usr/share/ansible/collections/ansible_collections/redhat/satellite/roles/content_credentials/meta/argument_specs.yml Failed to find argument_specs.yml for role in redhat.satellite.
2026-10-05T12:44:48.748051+00:00 ERROR 'ansible_navigator.actions.collections._parse' /usr/share/ansible/collections/ansible_collections/redhat/satellite/roles/content_rhel/meta/argument_specs.yml Failed to find argument_specs.yml for role in redhat.satellite.
2026-10-05T12:44:48.748073+00:00 ERROR 'ansible_navigator.actions.collections._parse' /usr/share/ansible/collections/ansible_collections/redhat/satellite/roles/content_view_publish/meta/argument_specs.yml Failed to find argument_specs.yml for role in redhat.satellite.
2026-10-05T12:44:48.748090+00:00 ERROR 'ansible_navigator.actions.collections._parse' /usr/share/ansible/collections/ansible_collections/redhat/satellite/roles/content_view_version_cleanup/meta/argument_specs.yml Failed to find argument_specs.yml for role in redhat.satellite.
2026-10-05T12:44:48.748106+00:00 ERROR 'ansible_navigator.actions.collections._parse' /usr/share/ansible/collections/ansible_collections/redhat/satellite/roles/content_views/meta/argument_specs.yml Failed to find argument_specs.yml for role in redhat.satellite.
2026-10-05T12:44:48.748123+00:00 ERROR 'ansible_navigator.actions.collections._parse' /usr/share/ansible/collections/ansible_collections/redhat/satellite/roles/convert2rhel/meta/argument_specs.yml Failed to find argument_specs.yml for role in redhat.satellite.
2026-10-05T12:44:48.748140+00:00 ERROR 'ansible_navigator.actions.collections._parse' /usr/share/ansible/collections/ansible_collections/redhat/satellite/roles/domains/meta/argument_specs.yml Failed to find argument_specs.yml for role in redhat.satellite.
2026-10-05T12:44:48.748156+00:00 ERROR 'ansible_navigator.actions.collections._parse' /usr/share/ansible/collections/ansible_collections/redhat/satellite/roles/hostgroups/meta/argument_specs.yml Failed to find argument_specs.yml for role in redhat.satellite.
2026-10-05T12:44:48.748173+00:00 ERROR 'ansible_navigator.actions.collections._parse' /usr/share/ansible/collections/ansible_collections/redhat/satellite/roles/lifecycle_environments/meta/argument_specs.yml Failed to find argument_specs.yml for role in redhat.satellite.
2026-10-05T12:44:48.748189+00:00 ERROR 'ansible_navigator.actions.collections._parse' /usr/share/ansible/collections/ansible_collections/redhat/satellite/roles/locations/meta/argument_specs.yml Failed to find argument_specs.yml for role in redhat.satellite.
2026-10-05T12:44:48.748206+00:00 ERROR 'ansible_navigator.actions.collections._parse' /usr/share/ansible/collections/ansible_collections/redhat/satellite/roles/manifest/meta/argument_specs.yml Failed to find argument_specs.yml for role in redhat.satellite.
2026-10-05T12:44:48.748222+00:00 ERROR 'ansible_navigator.actions.collections._parse' /usr/share/ansible/collections/ansible_collections/redhat/satellite/roles/operatingsystems/meta/argument_specs.yml Failed to find argument_specs.yml for role in redhat.satellite.
2026-10-05T12:44:48.748239+00:00 ERROR 'ansible_navigator.actions.collections._parse' /usr/share/ansible/collections/ansible_collections/redhat/satellite/roles/organizations/meta/argument_specs.yml Failed to find argument_specs.yml for role in redhat.satellite.
2026-10-05T12:44:48.748255+00:00 ERROR 'ansible_navigator.actions.collections._parse' /usr/share/ansible/collections/ansible_collections/redhat/satellite/roles/provisioning_templates/meta/argument_specs.yml Failed to find argument_specs.yml for role in redhat.satellite.
2026-10-05T12:44:48.748280+00:00 ERROR 'ansible_navigator.actions.collections._parse' /usr/share/ansible/collections/ansible_collections/redhat/satellite/roles/repositories/meta/argument_specs.yml Failed to find argument_specs.yml for role in redhat.satellite.
2026-10-05T12:44:48.748298+00:00 ERROR 'ansible_navigator.actions.collections._parse' /usr/share/ansible/collections/ansible_collections/redhat/satellite/roles/settings/meta/argument_specs.yml Failed to find argument_specs.yml for role in redhat.satellite.
2026-10-05T12:44:48.748314+00:00 ERROR 'ansible_navigator.actions.collections._parse' /usr/share/ansible/collections/ansible_collections/redhat/satellite/roles/subnets/meta/argument_specs.yml Failed to find argument_specs.yml for role in redhat.satellite.
2026-10-05T12:44:48.748331+00:00 ERROR 'ansible_navigator.actions.collections._parse' /usr/share/ansible/collections/ansible_collections/redhat/satellite/roles/sync_plans/meta/argument_specs.yml Failed to find argument_specs.yml for role in redhat.satellite.
2026-10-05T12:44:48.748347+00:00 ERROR 'ansible_navigator.actions.collections._parse' /usr/share/ansible/collections/ansible_collections/redhat/satellite_operations/roles/backup/meta/argument_specs.yml Failed to find argument_specs.yml for role in redhat.satellite_operations.
2026-10-05T12:44:48.748363+00:00 ERROR 'ansible_navigator.actions.collections._parse' /usr/share/ansible/collections/ansible_collections/redhat/satellite_operations/roles/backup/meta/main.yml Failed to find main.yml for role in redhat.satellite_operations.
2026-10-05T12:44:48.748380+00:00 ERROR 'ansible_navigator.actions.collections._parse' /usr/share/ansible/collections/ansible_collections/redhat/satellite_operations/roles/capsule_certs_generate/meta/argument_specs.yml Failed to find argument_specs.yml for role in redhat.satellite_operations.
2026-10-05T12:44:48.748396+00:00 ERROR 'ansible_navigator.actions.collections._parse' /usr/share/ansible/collections/ansible_collections/redhat/satellite_operations/roles/capsule_certs_generate/meta/main.yml Failed to find main.yml for role in redhat.satellite_operations.
2026-10-05T12:44:48.748413+00:00 ERROR 'ansible_navigator.actions.collections._parse' /usr/share/ansible/collections/ansible_collections/redhat/satellite_operations/roles/cloud_connector/meta/argument_specs.yml Failed to find argument_specs.yml for role in redhat.satellite_operations.
2026-10-05T12:44:48.748429+00:00 ERROR 'ansible_navigator.actions.collections._parse' /usr/share/ansible/collections/ansible_collections/redhat/satellite_operations/roles/cloud_connector/meta/main.yml Failed to find main.yml for role in redhat.satellite_operations.
2026-10-05T12:44:48.748446+00:00 ERROR 'ansible_navigator.actions.collections._parse' /usr/share/ansible/collections/ansible_collections/redhat/satellite_operations/roles/installer/meta/argument_specs.yml Failed to find argument_specs.yml for role in redhat.satellite_operations.
2026-10-05T12:44:48.748462+00:00 ERROR 'ansible_navigator.actions.collections._parse' /usr/share/ansible/collections/ansible_collections/redhat/satellite_operations/roles/installer/meta/main.yml Failed to find main.yml for role in redhat.satellite_operations.
2026-10-05T12:44:48.748479+00:00 ERROR 'ansible_navigator.actions.collections._parse' /usr/share/ansible/collections/ansible_collections/redhat/satellite_operations/roles/metrics/meta/argument_specs.yml Failed to find argument_specs.yml for role in redhat.satellite_operations.
2026-10-05T12:44:48.748495+00:00 ERROR 'ansible_navigator.actions.collections._parse' /usr/share/ansible/collections/ansible_collections/redhat/satellite_operations/roles/metrics/meta/main.yml Failed to find main.yml for role in redhat.satellite_operations.
2026-10-05T12:44:48.748512+00:00 ERROR 'ansible_navigator.actions.collections._parse' /home/student/cmc/collections/ansible_collections/ansible/netcommon/plugins/connection/libssh.py ParserError (get_docstring): while parsing a block mapping
  in "<unicode string>", line 1, column 1:
    author:
    ^
expected <block end>, but found '<block mapping start>'
  in "<unicode string>", line 3, column 5:
        name: libssh
        ^
2026-10-05T12:44:48.748538+00:00 ERROR 'ansible_navigator.actions.collections._parse' /usr/share/ansible/collections/ansible_collections/amazon/aws/plugins/inventory/aws_ec2.py ComposerError (get_docstring): expected a single document in the stream
  in "<unicode string>", line 3, column 1:
    plugin: amazon.aws.aws_ec2
    ^
but found another document
  in "<unicode string>", line 7, column 1:
    ---
    ^
2026-10-05T12:44:48.748556+00:00 ERROR 'ansible_navigator.actions.collections._parse' /usr/share/ansible/collections/ansible_collections/microsoft/ad/plugins/modules/computer.yml SyntaxError (get_docstring): invalid decimal literal (<unknown>, line 305)
2026-10-05T12:44:48.748573+00:00 ERROR 'ansible_navigator.actions.collections._parse' /usr/share/ansible/collections/ansible_collections/microsoft/ad/plugins/modules/debug_ldap_client.yml SyntaxError (get_docstring): unterminated string literal (detected at line 40) (<unknown>, line 40)
2026-10-05T12:44:48.748589+00:00 ERROR 'ansible_navigator.actions.collections._parse' /usr/share/ansible/collections/ansible_collections/microsoft/ad/plugins/modules/domain.yml SyntaxError (get_docstring): invalid syntax (<unknown>, line 4)
2026-10-05T12:44:48.748605+00:00 ERROR 'ansible_navigator.actions.collections._parse' /usr/share/ansible/collections/ansible_collections/microsoft/ad/plugins/modules/domain_child.yml SyntaxError (get_docstring): invalid syntax (<unknown>, line 4)
2026-10-05T12:44:48.748622+00:00 ERROR 'ansible_navigator.actions.collections._parse' /usr/share/ansible/collections/ansible_collections/microsoft/ad/plugins/modules/domain_controller.yml SyntaxError (get_docstring): invalid syntax (<unknown>, line 4)
2026-10-05T12:44:48.748638+00:00 ERROR 'ansible_navigator.actions.collections._parse' /usr/share/ansible/collections/ansible_collections/microsoft/ad/plugins/modules/group.yml SyntaxError (get_docstring): invalid decimal literal (<unknown>, line 96)
2026-10-05T12:44:48.748655+00:00 ERROR 'ansible_navigator.actions.collections._parse' /usr/share/ansible/collections/ansible_collections/microsoft/ad/plugins/modules/membership.yml SyntaxError (get_docstring): invalid syntax (<unknown>, line 4)
2026-10-05T12:44:48.748671+00:00 ERROR 'ansible_navigator.actions.collections._parse' /usr/share/ansible/collections/ansible_collections/microsoft/ad/plugins/modules/object.yml SyntaxError (get_docstring): invalid decimal literal (<unknown>, line 146)
2026-10-05T12:44:48.748687+00:00 ERROR 'ansible_navigator.actions.collections._parse' /usr/share/ansible/collections/ansible_collections/microsoft/ad/plugins/modules/object_info.yml SyntaxError (get_docstring): unterminated string literal (detected at line 15) (<unknown>, line 15)
2026-10-05T12:44:48.748704+00:00 ERROR 'ansible_navigator.actions.collections._parse' /usr/share/ansible/collections/ansible_collections/microsoft/ad/plugins/modules/offline_join.yml SyntaxError (get_docstring): invalid decimal literal (<unknown>, line 73)
2026-10-05T12:44:48.748720+00:00 ERROR 'ansible_navigator.actions.collections._parse' /usr/share/ansible/collections/ansible_collections/microsoft/ad/plugins/modules/ou.yml SyntaxError (get_docstring): unterminated string literal (detected at line 12) (<unknown>, line 12)
2026-10-05T12:44:48.748737+00:00 ERROR 'ansible_navigator.actions.collections._parse' /usr/share/ansible/collections/ansible_collections/microsoft/ad/plugins/modules/service_account.yml SyntaxError (get_docstring): invalid decimal literal (<unknown>, line 382)
2026-10-05T12:44:48.748753+00:00 ERROR 'ansible_navigator.actions.collections._parse' /usr/share/ansible/collections/ansible_collections/microsoft/ad/plugins/modules/user.yml SyntaxError (get_docstring): unterminated string literal (detected at line 23) (<unknown>, line 23)
2026-10-05T12:44:48.748770+00:00 ERROR 'ansible_navigator.actions.collections._parse' /usr/share/ansible/collections/ansible_collections/microsoft/iis/plugins/modules/virtual_directory.yml SyntaxError (get_docstring): invalid syntax (<unknown>, line 1)
2026-10-05T12:44:48.748805+00:00 ERROR 'ansible_navigator.actions.collections._parse' /usr/share/ansible/collections/ansible_collections/microsoft/iis/plugins/modules/virtual_directory_info.yml SyntaxError (get_docstring): unterminated string literal (detected at line 75) (<unknown>, line 75)
2026-10-05T12:44:48.748824+00:00 ERROR 'ansible_navigator.actions.collections._parse' /usr/share/ansible/collections/ansible_collections/microsoft/iis/plugins/modules/web_app_pool.yml SyntaxError (get_docstring): unterminated string literal (detected at line 26) (<unknown>, line 26)
2026-10-05T12:44:48.748851+00:00 ERROR 'ansible_navigator.actions.collections._parse' /usr/share/ansible/collections/ansible_collections/microsoft/iis/plugins/modules/web_app_pool_info.yml SyntaxError (get_docstring): unterminated string literal (detected at line 57) (<unknown>, line 57)
2026-10-05T12:44:48.748870+00:00 ERROR 'ansible_navigator.actions.collections._parse' /usr/share/ansible/collections/ansible_collections/microsoft/iis/plugins/modules/web_application.yml SyntaxError (get_docstring): invalid syntax (<unknown>, line 1)
2026-10-05T12:44:48.748886+00:00 ERROR 'ansible_navigator.actions.collections._parse' /usr/share/ansible/collections/ansible_collections/microsoft/iis/plugins/modules/web_application_info.yml SyntaxError (get_docstring): unterminated string literal (detected at line 74) (<unknown>, line 74)
2026-10-05T12:44:48.748904+00:00 ERROR 'ansible_navigator.actions.collections._parse' /usr/share/ansible/collections/ansible_collections/microsoft/iis/plugins/modules/website.yml SyntaxError (get_docstring): invalid syntax (<unknown>, line 1)
2026-10-05T12:44:48.748921+00:00 ERROR 'ansible_navigator.actions.collections._parse' /usr/share/ansible/collections/ansible_collections/microsoft/iis/plugins/modules/website_info.yml SyntaxError (get_docstring): invalid syntax (<unknown>, line 1)
2026-10-05T12:44:48.748938+00:00 ERROR 'ansible_navigator.actions.collections._parse' /usr/share/ansible/collections/ansible_collections/redhat/rhel_idm/plugins/modules/ipaautomountkey.py ScannerError (get_docstring): mapping values are not allowed here
  in "<unicode string>", line 2, column 36:
        redhat.rhel_idm.ipaautomountkey:
                                       ^
2026-10-05T12:44:48.748974+00:00 ERROR 'ansible_navigator.actions.collections._parse' /usr/share/ansible/collections/ansible_collections/redhat/rhel_idm/plugins/modules/ipaautomountlocation.py ScannerError (get_docstring): mapping values are not allowed here
  in "<unicode string>", line 2, column 41:
     ... at.rhel_idm.ipaautomountlocation:
                                         ^
2026-10-05T12:44:48.749003+00:00 ERROR 'ansible_navigator.actions.collections._parse' /usr/share/ansible/collections/ansible_collections/redhat/rhel_idm/plugins/modules/ipaautomountmap.py ScannerError (get_docstring): mapping values are not allowed here
  in "<unicode string>", line 2, column 36:
        redhat.rhel_idm.ipaautomountmap:
                                       ^
2026-10-05T12:44:48.749097+00:00 ERROR 'ansible_navigator.actions.collections._parse' /usr/share/ansible/collections/ansible_collections/redhat/sso/plugins/modules/sso_user_federation.py ScannerError (get_docstring): mapping values are not allowed here
  in "<unicode string>", line 2, column 35:
        redhat.sso.sso_user_federation:
                                      ^
2026-10-05T12:44:48.749119+00:00 ERROR 'ansible_navigator.actions.collections._parse' /usr/share/ansible/collections/ansible_collections/sap/sap_operations/plugins/modules/host_info.yml SyntaxError (get_docstring): leading zeros in decimal integer literals are not permitted; use an 0o prefix for octal integers (<unknown>, line 703)
2026-10-05T12:44:48.749137+00:00 ERROR 'ansible_navigator.actions.collections._parse' /usr/share/ansible/collections/ansible_collections/servicenow/itsm/plugins/modules/attachment_info.py ScannerError (get_docstring): mapping values are not allowed here
  in "<unicode string>", line 2, column 31:
        servicenow.itsm.attachment:
                                  ^
2026-10-05T12:44:48.749159+00:00 ERROR 'ansible_navigator.actions.collections._parse' /usr/share/ansible/collections/ansible_collections/vmware/vmware/plugins/inventory/esxi_hosts.py ComposerError (get_docstring): expected a single document in the stream
  in "<unicode string>", line 8, column 1:
    plugin: vmware.vmware.esxi_hosts
    ^
but found another document
  in "<unicode string>", line 16, column 1:
    ---
    ^
2026-10-05T12:44:48.749178+00:00 ERROR 'ansible_navigator.actions.collections._parse' /usr/share/ansible/collections/ansible_collections/vmware/vmware/plugins/inventory/vms.py ComposerError (get_docstring): expected a single document in the stream
  in "<unicode string>", line 8, column 1:
    plugin: vmware.vmware.vms
    ^
but found another document
  in "<unicode string>", line 16, column 1:
    ---
    ^
2026-10-05T12:47:49.674033+00:00 ERROR 'ansible_navigator.actions.collections._parse' /usr/share/ansible/collections/ansible_collections/redhat/insights/roles/compliance/meta/argument_specs.yml Failed to find argument_specs.yml for role in redhat.insights.
2026-10-05T12:47:49.674577+00:00 ERROR 'ansible_navigator.actions.collections._parse' /usr/share/ansible/collections/ansible_collections/redhat/insights/roles/insights_client/meta/argument_specs.yml Failed to find argument_specs.yml for role in redhat.insights.
2026-10-05T12:47:49.674630+00:00 ERROR 'ansible_navigator.actions.collections._parse' /usr/share/ansible/collections/ansible_collections/redhat/redhat_csp_download/roles/redhat_csp_download/meta/argument_specs.yml Failed to find argument_specs.yml for role in redhat.redhat_csp_download.
2026-10-05T12:47:49.674662+00:00 ERROR 'ansible_navigator.actions.collections._parse' /usr/share/ansible/collections/ansible_collections/redhat/redhat_csp_download/roles/redhat_csp_download/meta/main.yml Failed to find main.yml for role in redhat.redhat_csp_download.
2026-10-05T12:47:49.674691+00:00 ERROR 'ansible_navigator.actions.collections._parse' /usr/share/ansible/collections/ansible_collections/redhat/rhel_idm/roles/ipabackup/meta/argument_specs.yml Failed to find argument_specs.yml for role in redhat.rhel_idm.
2026-10-05T12:47:49.674718+00:00 ERROR 'ansible_navigator.actions.collections._parse' /usr/share/ansible/collections/ansible_collections/redhat/rhel_idm/roles/ipaclient/meta/argument_specs.yml Failed to find argument_specs.yml for role in redhat.rhel_idm.
2026-10-05T12:47:49.674742+00:00 ERROR 'ansible_navigator.actions.collections._parse' /usr/share/ansible/collections/ansible_collections/redhat/rhel_idm/roles/ipareplica/meta/argument_specs.yml Failed to find argument_specs.yml for role in redhat.rhel_idm.
2026-10-05T12:47:49.674778+00:00 ERROR 'ansible_navigator.actions.collections._parse' /usr/share/ansible/collections/ansible_collections/redhat/rhel_idm/roles/ipaserver/meta/argument_specs.yml Failed to find argument_specs.yml for role in redhat.rhel_idm.
2026-10-05T12:47:49.674823+00:00 ERROR 'ansible_navigator.actions.collections._parse' /usr/share/ansible/collections/ansible_collections/redhat/rhel_idm/roles/ipasmartcard_client/meta/argument_specs.yml Failed to find argument_specs.yml for role in redhat.rhel_idm.
2026-10-05T12:47:49.674860+00:00 ERROR 'ansible_navigator.actions.collections._parse' /usr/share/ansible/collections/ansible_collections/redhat/rhel_idm/roles/ipasmartcard_server/meta/argument_specs.yml Failed to find argument_specs.yml for role in redhat.rhel_idm.
2026-10-05T12:47:49.674882+00:00 ERROR 'ansible_navigator.actions.collections._parse' /usr/share/ansible/collections/ansible_collections/redhat/rhel_system_roles/roles/ad_integration/meta/argument_specs.yml Failed to find argument_specs.yml for role in redhat.rhel_system_roles.
2026-10-05T12:47:49.674902+00:00 ERROR 'ansible_navigator.actions.collections._parse' /usr/share/ansible/collections/ansible_collections/redhat/rhel_system_roles/roles/aide/meta/argument_specs.yml Failed to find argument_specs.yml for role in redhat.rhel_system_roles.
2026-10-05T12:47:49.674935+00:00 ERROR 'ansible_navigator.actions.collections._parse' /usr/share/ansible/collections/ansible_collections/redhat/rhel_system_roles/roles/bootloader/meta/argument_specs.yml Failed to find argument_specs.yml for role in redhat.rhel_system_roles.
2026-10-05T12:47:49.674954+00:00 ERROR 'ansible_navigator.actions.collections._parse' /usr/share/ansible/collections/ansible_collections/redhat/rhel_system_roles/roles/certificate/meta/argument_specs.yml Failed to find argument_specs.yml for role in redhat.rhel_system_roles.
2026-10-05T12:47:49.674973+00:00 ERROR 'ansible_navigator.actions.collections._parse' /usr/share/ansible/collections/ansible_collections/redhat/rhel_system_roles/roles/cockpit/meta/argument_specs.yml Failed to find argument_specs.yml for role in redhat.rhel_system_roles.
2026-10-05T12:47:49.675005+00:00 ERROR 'ansible_navigator.actions.collections._parse' /usr/share/ansible/collections/ansible_collections/redhat/rhel_system_roles/roles/crypto_policies/meta/argument_specs.yml Failed to find argument_specs.yml for role in redhat.rhel_system_roles.
2026-10-05T12:47:49.675028+00:00 ERROR 'ansible_navigator.actions.collections._parse' /usr/share/ansible/collections/ansible_collections/redhat/rhel_system_roles/roles/fapolicyd/meta/argument_specs.yml Failed to find argument_specs.yml for role in redhat.rhel_system_roles.
2026-10-05T12:47:49.675071+00:00 ERROR 'ansible_navigator.actions.collections._parse' /usr/share/ansible/collections/ansible_collections/redhat/rhel_system_roles/roles/firewall/meta/argument_specs.yml Failed to find argument_specs.yml for role in redhat.rhel_system_roles.
2026-10-05T12:47:49.675092+00:00 ERROR 'ansible_navigator.actions.collections._parse' /usr/share/ansible/collections/ansible_collections/redhat/rhel_system_roles/roles/ha_cluster/meta/argument_specs.yml Failed to find argument_specs.yml for role in redhat.rhel_system_roles.
2026-10-05T12:47:49.675113+00:00 ERROR 'ansible_navigator.actions.collections._parse' /usr/share/ansible/collections/ansible_collections/redhat/rhel_system_roles/roles/journald/meta/argument_specs.yml Failed to find argument_specs.yml for role in redhat.rhel_system_roles.
2026-10-05T12:47:49.675130+00:00 ERROR 'ansible_navigator.actions.collections._parse' /usr/share/ansible/collections/ansible_collections/redhat/rhel_system_roles/roles/kdump/meta/argument_specs.yml Failed to find argument_specs.yml for role in redhat.rhel_system_roles.
2026-10-05T12:47:49.675148+00:00 ERROR 'ansible_navigator.actions.collections._parse' /usr/share/ansible/collections/ansible_collections/redhat/rhel_system_roles/roles/kernel_settings/meta/argument_specs.yml Failed to find argument_specs.yml for role in redhat.rhel_system_roles.
2026-10-05T12:47:49.675169+00:00 ERROR 'ansible_navigator.actions.collections._parse' /usr/share/ansible/collections/ansible_collections/redhat/rhel_system_roles/roles/keylime_server/meta/argument_specs.yml Failed to find argument_specs.yml for role in redhat.rhel_system_roles.
2026-10-05T12:47:49.675186+00:00 ERROR 'ansible_navigator.actions.collections._parse' /usr/share/ansible/collections/ansible_collections/redhat/rhel_system_roles/roles/logging/meta/argument_specs.yml Failed to find argument_specs.yml for role in redhat.rhel_system_roles.
2026-10-05T12:47:49.675203+00:00 ERROR 'ansible_navigator.actions.collections._parse' /usr/share/ansible/collections/ansible_collections/redhat/rhel_system_roles/roles/metrics/meta/argument_specs.yml Failed to find argument_specs.yml for role in redhat.rhel_system_roles.
2026-10-05T12:47:49.675220+00:00 ERROR 'ansible_navigator.actions.collections._parse' /usr/share/ansible/collections/ansible_collections/redhat/rhel_system_roles/roles/nbde_client/meta/argument_specs.yml Failed to find argument_specs.yml for role in redhat.rhel_system_roles.
2026-10-05T12:47:49.675237+00:00 ERROR 'ansible_navigator.actions.collections._parse' /usr/share/ansible/collections/ansible_collections/redhat/rhel_system_roles/roles/nbde_server/meta/argument_specs.yml Failed to find argument_specs.yml for role in redhat.rhel_system_roles.
2026-10-05T12:47:49.675258+00:00 ERROR 'ansible_navigator.actions.collections._parse' /usr/share/ansible/collections/ansible_collections/redhat/rhel_system_roles/roles/network/meta/argument_specs.yml Failed to find argument_specs.yml for role in redhat.rhel_system_roles.
2026-10-05T12:47:49.675276+00:00 ERROR 'ansible_navigator.actions.collections._parse' /usr/share/ansible/collections/ansible_collections/redhat/rhel_system_roles/roles/podman/meta/argument_specs.yml Failed to find argument_specs.yml for role in redhat.rhel_system_roles.
2026-10-05T12:47:49.675293+00:00 ERROR 'ansible_navigator.actions.collections._parse' /usr/share/ansible/collections/ansible_collections/redhat/rhel_system_roles/roles/postfix/meta/argument_specs.yml Failed to find argument_specs.yml for role in redhat.rhel_system_roles.
2026-10-05T12:47:49.675310+00:00 ERROR 'ansible_navigator.actions.collections._parse' /usr/share/ansible/collections/ansible_collections/redhat/rhel_system_roles/roles/postgresql/meta/argument_specs.yml Failed to find argument_specs.yml for role in redhat.rhel_system_roles.
2026-10-05T12:47:49.675326+00:00 ERROR 'ansible_navigator.actions.collections._parse' /usr/share/ansible/collections/ansible_collections/redhat/rhel_system_roles/roles/private_logging_subrole_rsyslog/meta/argument_specs.yml Failed to find argument_specs.yml for role in redhat.rhel_system_roles.
2026-10-05T12:47:49.675343+00:00 ERROR 'ansible_navigator.actions.collections._parse' /usr/share/ansible/collections/ansible_collections/redhat/rhel_system_roles/roles/private_metrics_subrole_bpftrace/meta/argument_specs.yml Failed to find argument_specs.yml for role in redhat.rhel_system_roles.
2026-10-05T12:47:49.675361+00:00 ERROR 'ansible_navigator.actions.collections._parse' /usr/share/ansible/collections/ansible_collections/redhat/rhel_system_roles/roles/private_metrics_subrole_elasticsearch/meta/argument_specs.yml Failed to find argument_specs.yml for role in redhat.rhel_system_roles.
2026-10-05T12:47:49.675378+00:00 ERROR 'ansible_navigator.actions.collections._parse' /usr/share/ansible/collections/ansible_collections/redhat/rhel_system_roles/roles/private_metrics_subrole_grafana/meta/argument_specs.yml Failed to find argument_specs.yml for role in redhat.rhel_system_roles.
2026-10-05T12:47:49.675395+00:00 ERROR 'ansible_navigator.actions.collections._parse' /usr/share/ansible/collections/ansible_collections/redhat/rhel_system_roles/roles/private_metrics_subrole_keyserver/meta/argument_specs.yml Failed to find argument_specs.yml for role in redhat.rhel_system_roles.
2026-10-05T12:47:49.675412+00:00 ERROR 'ansible_navigator.actions.collections._parse' /usr/share/ansible/collections/ansible_collections/redhat/rhel_system_roles/roles/private_metrics_subrole_mssql/meta/argument_specs.yml Failed to find argument_specs.yml for role in redhat.rhel_system_roles.
2026-10-05T12:47:49.675429+00:00 ERROR 'ansible_navigator.actions.collections._parse' /usr/share/ansible/collections/ansible_collections/redhat/rhel_system_roles/roles/private_metrics_subrole_pcp/meta/argument_specs.yml Failed to find argument_specs.yml for role in redhat.rhel_system_roles.
2026-10-05T12:47:49.675446+00:00 ERROR 'ansible_navigator.actions.collections._parse' /usr/share/ansible/collections/ansible_collections/redhat/rhel_system_roles/roles/private_metrics_subrole_postfix/meta/argument_specs.yml Failed to find argument_specs.yml for role in redhat.rhel_system_roles.
2026-10-05T12:47:49.675463+00:00 ERROR 'ansible_navigator.actions.collections._parse' /usr/share/ansible/collections/ansible_collections/redhat/rhel_system_roles/roles/private_metrics_subrole_repository/meta/argument_specs.yml Failed to find argument_specs.yml for role in redhat.rhel_system_roles.
2026-10-05T12:47:49.675480+00:00 ERROR 'ansible_navigator.actions.collections._parse' /usr/share/ansible/collections/ansible_collections/redhat/rhel_system_roles/roles/private_metrics_subrole_spark/meta/argument_specs.yml Failed to find argument_specs.yml for role in redhat.rhel_system_roles.
2026-10-05T12:47:49.675499+00:00 ERROR 'ansible_navigator.actions.collections._parse' /usr/share/ansible/collections/ansible_collections/redhat/rhel_system_roles/roles/rhc/meta/argument_specs.yml Failed to find argument_specs.yml for role in redhat.rhel_system_roles.
2026-10-05T12:47:49.675516+00:00 ERROR 'ansible_navigator.actions.collections._parse' /usr/share/ansible/collections/ansible_collections/redhat/rhel_system_roles/roles/selinux/meta/argument_specs.yml Failed to find argument_specs.yml for role in redhat.rhel_system_roles.
2026-10-05T12:47:49.675533+00:00 ERROR 'ansible_navigator.actions.collections._parse' /usr/share/ansible/collections/ansible_collections/redhat/rhel_system_roles/roles/snapshot/meta/argument_specs.yml Failed to find argument_specs.yml for role in redhat.rhel_system_roles.
2026-10-05T12:47:49.675550+00:00 ERROR 'ansible_navigator.actions.collections._parse' /usr/share/ansible/collections/ansible_collections/redhat/rhel_system_roles/roles/ssh/meta/argument_specs.yml Failed to find argument_specs.yml for role in redhat.rhel_system_roles.
2026-10-05T12:47:49.675566+00:00 ERROR 'ansible_navigator.actions.collections._parse' /usr/share/ansible/collections/ansible_collections/redhat/rhel_system_roles/roles/sshd/meta/argument_specs.yml Failed to find argument_specs.yml for role in redhat.rhel_system_roles.
2026-10-05T12:47:49.675583+00:00 ERROR 'ansible_navigator.actions.collections._parse' /usr/share/ansible/collections/ansible_collections/redhat/rhel_system_roles/roles/storage/meta/argument_specs.yml Failed to find argument_specs.yml for role in redhat.rhel_system_roles.
2026-10-05T12:47:49.675602+00:00 ERROR 'ansible_navigator.actions.collections._parse' /usr/share/ansible/collections/ansible_collections/redhat/rhel_system_roles/roles/sudo/meta/argument_specs.yml Failed to find argument_specs.yml for role in redhat.rhel_system_roles.
2026-10-05T12:47:49.675618+00:00 ERROR 'ansible_navigator.actions.collections._parse' /usr/share/ansible/collections/ansible_collections/redhat/rhel_system_roles/roles/systemd/meta/argument_specs.yml Failed to find argument_specs.yml for role in redhat.rhel_system_roles.
2026-10-05T12:47:49.675635+00:00 ERROR 'ansible_navigator.actions.collections._parse' /usr/share/ansible/collections/ansible_collections/redhat/rhel_system_roles/roles/timesync/meta/argument_specs.yml Failed to find argument_specs.yml for role in redhat.rhel_system_roles.
2026-10-05T12:47:49.675651+00:00 ERROR 'ansible_navigator.actions.collections._parse' /usr/share/ansible/collections/ansible_collections/redhat/rhel_system_roles/roles/tlog/meta/argument_specs.yml Failed to find argument_specs.yml for role in redhat.rhel_system_roles.
2026-10-05T12:47:49.675668+00:00 ERROR 'ansible_navigator.actions.collections._parse' /usr/share/ansible/collections/ansible_collections/redhat/rhel_system_roles/roles/vpn/meta/argument_specs.yml Failed to find argument_specs.yml for role in redhat.rhel_system_roles.
2026-10-05T12:47:49.675684+00:00 ERROR 'ansible_navigator.actions.collections._parse' /usr/share/ansible/collections/ansible_collections/redhat/rhv/roles/cluster_upgrade/meta/argument_specs.yml Failed to find argument_specs.yml for role in redhat.rhv.
2026-10-05T12:47:49.675704+00:00 ERROR 'ansible_navigator.actions.collections._parse' /usr/share/ansible/collections/ansible_collections/redhat/rhv/roles/cluster_upgrade/meta/main.yml Failed to find main.yml for role in redhat.rhv.
2026-10-05T12:47:49.675722+00:00 ERROR 'ansible_navigator.actions.collections._parse' /usr/share/ansible/collections/ansible_collections/redhat/rhv/roles/disaster_recovery/meta/argument_specs.yml Failed to find argument_specs.yml for role in redhat.rhv.
2026-10-05T12:47:49.675738+00:00 ERROR 'ansible_navigator.actions.collections._parse' /usr/share/ansible/collections/ansible_collections/redhat/rhv/roles/disaster_recovery/meta/main.yml Failed to find main.yml for role in redhat.rhv.
2026-10-05T12:47:49.675756+00:00 ERROR 'ansible_navigator.actions.collections._parse' /usr/share/ansible/collections/ansible_collections/redhat/rhv/roles/engine_setup/meta/argument_specs.yml Failed to find argument_specs.yml for role in redhat.rhv.
2026-10-05T12:47:49.675777+00:00 ERROR 'ansible_navigator.actions.collections._parse' /usr/share/ansible/collections/ansible_collections/redhat/rhv/roles/engine_setup/meta/main.yml Failed to find main.yml for role in redhat.rhv.
2026-10-05T12:47:49.675794+00:00 ERROR 'ansible_navigator.actions.collections._parse' /usr/share/ansible/collections/ansible_collections/redhat/rhv/roles/hosted_engine_setup/meta/argument_specs.yml Failed to find argument_specs.yml for role in redhat.rhv.
2026-10-05T12:47:49.675811+00:00 ERROR 'ansible_navigator.actions.collections._parse' /usr/share/ansible/collections/ansible_collections/redhat/rhv/roles/hosted_engine_setup/meta/main.yml Failed to find main.yml for role in redhat.rhv.
2026-10-05T12:47:49.675830+00:00 ERROR 'ansible_navigator.actions.collections._parse' /usr/share/ansible/collections/ansible_collections/redhat/rhv/roles/image_template/meta/argument_specs.yml Failed to find argument_specs.yml for role in redhat.rhv.
2026-10-05T12:47:49.675866+00:00 ERROR 'ansible_navigator.actions.collections._parse' /usr/share/ansible/collections/ansible_collections/redhat/rhv/roles/image_template/meta/main.yml Failed to find main.yml for role in redhat.rhv.
2026-10-05T12:47:49.675884+00:00 ERROR 'ansible_navigator.actions.collections._parse' /usr/share/ansible/collections/ansible_collections/redhat/rhv/roles/infra/meta/argument_specs.yml Failed to find argument_specs.yml for role in redhat.rhv.
2026-10-05T12:47:49.675901+00:00 ERROR 'ansible_navigator.actions.collections._parse' /usr/share/ansible/collections/ansible_collections/redhat/rhv/roles/infra/meta/main.yml Failed to find main.yml for role in redhat.rhv.
2026-10-05T12:47:49.675919+00:00 ERROR 'ansible_navigator.actions.collections._parse' /usr/share/ansible/collections/ansible_collections/redhat/rhv/roles/remove_stale_lun/meta/argument_specs.yml Failed to find argument_specs.yml for role in redhat.rhv.
2026-10-05T12:47:49.675937+00:00 ERROR 'ansible_navigator.actions.collections._parse' /usr/share/ansible/collections/ansible_collections/redhat/rhv/roles/remove_stale_lun/meta/main.yml Failed to find main.yml for role in redhat.rhv.
2026-10-05T12:47:49.675954+00:00 ERROR 'ansible_navigator.actions.collections._parse' /usr/share/ansible/collections/ansible_collections/redhat/rhv/roles/repositories/meta/argument_specs.yml Failed to find argument_specs.yml for role in redhat.rhv.
2026-10-05T12:47:49.675971+00:00 ERROR 'ansible_navigator.actions.collections._parse' /usr/share/ansible/collections/ansible_collections/redhat/rhv/roles/repositories/meta/main.yml Failed to find main.yml for role in redhat.rhv.
2026-10-05T12:47:49.675988+00:00 ERROR 'ansible_navigator.actions.collections._parse' /usr/share/ansible/collections/ansible_collections/redhat/rhv/roles/shutdown_env/meta/argument_specs.yml Failed to find argument_specs.yml for role in redhat.rhv.
2026-10-05T12:47:49.676018+00:00 ERROR 'ansible_navigator.actions.collections._parse' /usr/share/ansible/collections/ansible_collections/redhat/rhv/roles/shutdown_env/meta/main.yml Failed to find main.yml for role in redhat.rhv.
2026-10-05T12:47:49.676036+00:00 ERROR 'ansible_navigator.actions.collections._parse' /usr/share/ansible/collections/ansible_collections/redhat/rhv/roles/vm_infra/meta/argument_specs.yml Failed to find argument_specs.yml for role in redhat.rhv.
2026-10-05T12:47:49.676068+00:00 ERROR 'ansible_navigator.actions.collections._parse' /usr/share/ansible/collections/ansible_collections/redhat/rhv/roles/vm_infra/meta/main.yml Failed to find main.yml for role in redhat.rhv.
2026-10-05T12:47:49.676086+00:00 ERROR 'ansible_navigator.actions.collections._parse' /usr/share/ansible/collections/ansible_collections/redhat/sap_install/roles/sap_ha_install_hana_hsr/meta/argument_specs.yml Failed to find argument_specs.yml for role in redhat.sap_install.
2026-10-05T12:47:49.676103+00:00 ERROR 'ansible_navigator.actions.collections._parse' /usr/share/ansible/collections/ansible_collections/redhat/sap_install/roles/sap_swpm/meta/argument_specs.yml Failed to find argument_specs.yml for role in redhat.sap_install.
2026-10-05T12:47:49.676140+00:00 ERROR 'ansible_navigator.actions.collections._parse' /usr/share/ansible/collections/ansible_collections/redhat/satellite/roles/activation_keys/meta/argument_specs.yml Failed to find argument_specs.yml for role in redhat.satellite.
2026-10-05T12:47:49.676168+00:00 ERROR 'ansible_navigator.actions.collections._parse' /usr/share/ansible/collections/ansible_collections/redhat/satellite/roles/auth_sources_ldap/meta/argument_specs.yml Failed to find argument_specs.yml for role in redhat.satellite.
2026-10-05T12:47:49.676188+00:00 ERROR 'ansible_navigator.actions.collections._parse' /usr/share/ansible/collections/ansible_collections/redhat/satellite/roles/compute_profiles/meta/argument_specs.yml Failed to find argument_specs.yml for role in redhat.satellite.
2026-10-05T12:47:49.676207+00:00 ERROR 'ansible_navigator.actions.collections._parse' /usr/share/ansible/collections/ansible_collections/redhat/satellite/roles/compute_resources/meta/argument_specs.yml Failed to find argument_specs.yml for role in redhat.satellite.
2026-10-05T12:47:49.676224+00:00 ERROR 'ansible_navigator.actions.collections._parse' /usr/share/ansible/collections/ansible_collections/redhat/satellite/roles/content_credentials/meta/argument_specs.yml Failed to find argument_specs.yml for role in redhat.satellite.
2026-10-05T12:47:49.676242+00:00 ERROR 'ansible_navigator.actions.collections._parse' /usr/share/ansible/collections/ansible_collections/redhat/satellite/roles/content_rhel/meta/argument_specs.yml Failed to find argument_specs.yml for role in redhat.satellite.
2026-10-05T12:47:49.676259+00:00 ERROR 'ansible_navigator.actions.collections._parse' /usr/share/ansible/collections/ansible_collections/redhat/satellite/roles/content_view_publish/meta/argument_specs.yml Failed to find argument_specs.yml for role in redhat.satellite.
2026-10-05T12:47:49.676276+00:00 ERROR 'ansible_navigator.actions.collections._parse' /usr/share/ansible/collections/ansible_collections/redhat/satellite/roles/content_view_version_cleanup/meta/argument_specs.yml Failed to find argument_specs.yml for role in redhat.satellite.
2026-10-05T12:47:49.676294+00:00 ERROR 'ansible_navigator.actions.collections._parse' /usr/share/ansible/collections/ansible_collections/redhat/satellite/roles/content_views/meta/argument_specs.yml Failed to find argument_specs.yml for role in redhat.satellite.
2026-10-05T12:47:49.676311+00:00 ERROR 'ansible_navigator.actions.collections._parse' /usr/share/ansible/collections/ansible_collections/redhat/satellite/roles/convert2rhel/meta/argument_specs.yml Failed to find argument_specs.yml for role in redhat.satellite.
2026-10-05T12:47:49.676328+00:00 ERROR 'ansible_navigator.actions.collections._parse' /usr/share/ansible/collections/ansible_collections/redhat/satellite/roles/domains/meta/argument_specs.yml Failed to find argument_specs.yml for role in redhat.satellite.
2026-10-05T12:47:49.676345+00:00 ERROR 'ansible_navigator.actions.collections._parse' /usr/share/ansible/collections/ansible_collections/redhat/satellite/roles/hostgroups/meta/argument_specs.yml Failed to find argument_specs.yml for role in redhat.satellite.
2026-10-05T12:47:49.676362+00:00 ERROR 'ansible_navigator.actions.collections._parse' /usr/share/ansible/collections/ansible_collections/redhat/satellite/roles/lifecycle_environments/meta/argument_specs.yml Failed to find argument_specs.yml for role in redhat.satellite.
2026-10-05T12:47:49.676379+00:00 ERROR 'ansible_navigator.actions.collections._parse' /usr/share/ansible/collections/ansible_collections/redhat/satellite/roles/locations/meta/argument_specs.yml Failed to find argument_specs.yml for role in redhat.satellite.
2026-10-05T12:47:49.676395+00:00 ERROR 'ansible_navigator.actions.collections._parse' /usr/share/ansible/collections/ansible_collections/redhat/satellite/roles/manifest/meta/argument_specs.yml Failed to find argument_specs.yml for role in redhat.satellite.
2026-10-05T12:47:49.676415+00:00 ERROR 'ansible_navigator.actions.collections._parse' /usr/share/ansible/collections/ansible_collections/redhat/satellite/roles/operatingsystems/meta/argument_specs.yml Failed to find argument_specs.yml for role in redhat.satellite.
2026-10-05T12:47:49.676432+00:00 ERROR 'ansible_navigator.actions.collections._parse' /usr/share/ansible/collections/ansible_collections/redhat/satellite/roles/organizations/meta/argument_specs.yml Failed to find argument_specs.yml for role in redhat.satellite.
2026-10-05T12:47:49.676449+00:00 ERROR 'ansible_navigator.actions.collections._parse' /usr/share/ansible/collections/ansible_collections/redhat/satellite/roles/provisioning_templates/meta/argument_specs.yml Failed to find argument_specs.yml for role in redhat.satellite.
2026-10-05T12:47:49.676466+00:00 ERROR 'ansible_navigator.actions.collections._parse' /usr/share/ansible/collections/ansible_collections/redhat/satellite/roles/repositories/meta/argument_specs.yml Failed to find argument_specs.yml for role in redhat.satellite.
2026-10-05T12:47:49.676483+00:00 ERROR 'ansible_navigator.actions.collections._parse' /usr/share/ansible/collections/ansible_collections/redhat/satellite/roles/settings/meta/argument_specs.yml Failed to find argument_specs.yml for role in redhat.satellite.
2026-10-05T12:47:49.676499+00:00 ERROR 'ansible_navigator.actions.collections._parse' /usr/share/ansible/collections/ansible_collections/redhat/satellite/roles/subnets/meta/argument_specs.yml Failed to find argument_specs.yml for role in redhat.satellite.
2026-10-05T12:47:49.676516+00:00 ERROR 'ansible_navigator.actions.collections._parse' /usr/share/ansible/collections/ansible_collections/redhat/satellite/roles/sync_plans/meta/argument_specs.yml Failed to find argument_specs.yml for role in redhat.satellite.
2026-10-05T12:47:49.676533+00:00 ERROR 'ansible_navigator.actions.collections._parse' /usr/share/ansible/collections/ansible_collections/redhat/satellite_operations/roles/backup/meta/argument_specs.yml Failed to find argument_specs.yml for role in redhat.satellite_operations.
2026-10-05T12:47:49.676549+00:00 ERROR 'ansible_navigator.actions.collections._parse' /usr/share/ansible/collections/ansible_collections/redhat/satellite_operations/roles/backup/meta/main.yml Failed to find main.yml for role in redhat.satellite_operations.
2026-10-05T12:47:49.676566+00:00 ERROR 'ansible_navigator.actions.collections._parse' /usr/share/ansible/collections/ansible_collections/redhat/satellite_operations/roles/capsule_certs_generate/meta/argument_specs.yml Failed to find argument_specs.yml for role in redhat.satellite_operations.
2026-10-05T12:47:49.676583+00:00 ERROR 'ansible_navigator.actions.collections._parse' /usr/share/ansible/collections/ansible_collections/redhat/satellite_operations/roles/capsule_certs_generate/meta/main.yml Failed to find main.yml for role in redhat.satellite_operations.
2026-10-05T12:47:49.676599+00:00 ERROR 'ansible_navigator.actions.collections._parse' /usr/share/ansible/collections/ansible_collections/redhat/satellite_operations/roles/cloud_connector/meta/argument_specs.yml Failed to find argument_specs.yml for role in redhat.satellite_operations.
2026-10-05T12:47:49.676616+00:00 ERROR 'ansible_navigator.actions.collections._parse' /usr/share/ansible/collections/ansible_collections/redhat/satellite_operations/roles/cloud_connector/meta/main.yml Failed to find main.yml for role in redhat.satellite_operations.
2026-10-05T12:47:49.676632+00:00 ERROR 'ansible_navigator.actions.collections._parse' /usr/share/ansible/collections/ansible_collections/redhat/satellite_operations/roles/installer/meta/argument_specs.yml Failed to find argument_specs.yml for role in redhat.satellite_operations.
2026-10-05T12:47:49.676649+00:00 ERROR 'ansible_navigator.actions.collections._parse' /usr/share/ansible/collections/ansible_collections/redhat/satellite_operations/roles/installer/meta/main.yml Failed to find main.yml for role in redhat.satellite_operations.
2026-10-05T12:47:49.676667+00:00 ERROR 'ansible_navigator.actions.collections._parse' /usr/share/ansible/collections/ansible_collections/redhat/satellite_operations/roles/metrics/meta/argument_specs.yml Failed to find argument_specs.yml for role in redhat.satellite_operations.
2026-10-05T12:47:49.676684+00:00 ERROR 'ansible_navigator.actions.collections._parse' /usr/share/ansible/collections/ansible_collections/redhat/satellite_operations/roles/metrics/meta/main.yml Failed to find main.yml for role in redhat.satellite_operations.
2026-10-05T12:47:49.812296+00:00 ERROR 'ansible_navigator.actions.collections._get_collection_plugins_details' Error getting short name from plugin doc /usr/share/ansible/collections/ansible_collections/redhat/rhv/plugins/test/ovirt_proxied_check.py
Traceback (most recent call last):
  File "/usr/lib/python3.11/site-packages/ansible_navigator/actions/collections.py", line 662, in _get_collection_plugins_details
    short_name = plugin["doc"][plugin_type]
                 ~~~~~~~~~~~~~^^^^^^^^^^^^^
TypeError: string indices must be integers, not 'str'
2026-10-05T12:47:54.310993+00:00 WARNING 'ansible_navigator.run' Dirty exit, killing the pid
2026-10-05T12:48:19.942313+00:00 ERROR 'ansible_navigator.actions.collections._parse' /usr/share/ansible/collections/ansible_collections/redhat/insights/roles/compliance/meta/argument_specs.yml Failed to find argument_specs.yml for role in redhat.insights.
2026-10-05T12:48:19.943078+00:00 ERROR 'ansible_navigator.actions.collections._parse' /usr/share/ansible/collections/ansible_collections/redhat/insights/roles/insights_client/meta/argument_specs.yml Failed to find argument_specs.yml for role in redhat.insights.
2026-10-05T12:48:19.943148+00:00 ERROR 'ansible_navigator.actions.collections._parse' /usr/share/ansible/collections/ansible_collections/redhat/redhat_csp_download/roles/redhat_csp_download/meta/argument_specs.yml Failed to find argument_specs.yml for role in redhat.redhat_csp_download.
2026-10-05T12:48:19.943181+00:00 ERROR 'ansible_navigator.actions.collections._parse' /usr/share/ansible/collections/ansible_collections/redhat/redhat_csp_download/roles/redhat_csp_download/meta/main.yml Failed to find main.yml for role in redhat.redhat_csp_download.
2026-10-05T12:48:19.943215+00:00 ERROR 'ansible_navigator.actions.collections._parse' /usr/share/ansible/collections/ansible_collections/redhat/rhel_idm/roles/ipabackup/meta/argument_specs.yml Failed to find argument_specs.yml for role in redhat.rhel_idm.
2026-10-05T12:48:19.943250+00:00 ERROR 'ansible_navigator.actions.collections._parse' /usr/share/ansible/collections/ansible_collections/redhat/rhel_idm/roles/ipaclient/meta/argument_specs.yml Failed to find argument_specs.yml for role in redhat.rhel_idm.
2026-10-05T12:48:19.943277+00:00 ERROR 'ansible_navigator.actions.collections._parse' /usr/share/ansible/collections/ansible_collections/redhat/rhel_idm/roles/ipareplica/meta/argument_specs.yml Failed to find argument_specs.yml for role in redhat.rhel_idm.
2026-10-05T12:48:19.943317+00:00 ERROR 'ansible_navigator.actions.collections._parse' /usr/share/ansible/collections/ansible_collections/redhat/rhel_idm/roles/ipaserver/meta/argument_specs.yml Failed to find argument_specs.yml for role in redhat.rhel_idm.
2026-10-05T12:48:19.943367+00:00 ERROR 'ansible_navigator.actions.collections._parse' /usr/share/ansible/collections/ansible_collections/redhat/rhel_idm/roles/ipasmartcard_client/meta/argument_specs.yml Failed to find argument_specs.yml for role in redhat.rhel_idm.
2026-10-05T12:48:19.943391+00:00 ERROR 'ansible_navigator.actions.collections._parse' /usr/share/ansible/collections/ansible_collections/redhat/rhel_idm/roles/ipasmartcard_server/meta/argument_specs.yml Failed to find argument_specs.yml for role in redhat.rhel_idm.
2026-10-05T12:48:19.943413+00:00 ERROR 'ansible_navigator.actions.collections._parse' /usr/share/ansible/collections/ansible_collections/redhat/rhel_system_roles/roles/ad_integration/meta/argument_specs.yml Failed to find argument_specs.yml for role in redhat.rhel_system_roles.
2026-10-05T12:48:19.943441+00:00 ERROR 'ansible_navigator.actions.collections._parse' /usr/share/ansible/collections/ansible_collections/redhat/rhel_system_roles/roles/aide/meta/argument_specs.yml Failed to find argument_specs.yml for role in redhat.rhel_system_roles.
2026-10-05T12:48:19.943463+00:00 ERROR 'ansible_navigator.actions.collections._parse' /usr/share/ansible/collections/ansible_collections/redhat/rhel_system_roles/roles/bootloader/meta/argument_specs.yml Failed to find argument_specs.yml for role in redhat.rhel_system_roles.
2026-10-05T12:48:19.943480+00:00 ERROR 'ansible_navigator.actions.collections._parse' /usr/share/ansible/collections/ansible_collections/redhat/rhel_system_roles/roles/certificate/meta/argument_specs.yml Failed to find argument_specs.yml for role in redhat.rhel_system_roles.
2026-10-05T12:48:19.943498+00:00 ERROR 'ansible_navigator.actions.collections._parse' /usr/share/ansible/collections/ansible_collections/redhat/rhel_system_roles/roles/cockpit/meta/argument_specs.yml Failed to find argument_specs.yml for role in redhat.rhel_system_roles.
2026-10-05T12:48:19.943517+00:00 ERROR 'ansible_navigator.actions.collections._parse' /usr/share/ansible/collections/ansible_collections/redhat/rhel_system_roles/roles/crypto_policies/meta/argument_specs.yml Failed to find argument_specs.yml for role in redhat.rhel_system_roles.
2026-10-05T12:48:19.943534+00:00 ERROR 'ansible_navigator.actions.collections._parse' /usr/share/ansible/collections/ansible_collections/redhat/rhel_system_roles/roles/fapolicyd/meta/argument_specs.yml Failed to find argument_specs.yml for role in redhat.rhel_system_roles.
2026-10-05T12:48:19.943553+00:00 ERROR 'ansible_navigator.actions.collections._parse' /usr/share/ansible/collections/ansible_collections/redhat/rhel_system_roles/roles/firewall/meta/argument_specs.yml Failed to find argument_specs.yml for role in redhat.rhel_system_roles.
2026-10-05T12:48:19.943570+00:00 ERROR 'ansible_navigator.actions.collections._parse' /usr/share/ansible/collections/ansible_collections/redhat/rhel_system_roles/roles/ha_cluster/meta/argument_specs.yml Failed to find argument_specs.yml for role in redhat.rhel_system_roles.
2026-10-05T12:48:19.943588+00:00 ERROR 'ansible_navigator.actions.collections._parse' /usr/share/ansible/collections/ansible_collections/redhat/rhel_system_roles/roles/journald/meta/argument_specs.yml Failed to find argument_specs.yml for role in redhat.rhel_system_roles.
2026-10-05T12:48:19.943604+00:00 ERROR 'ansible_navigator.actions.collections._parse' /usr/share/ansible/collections/ansible_collections/redhat/rhel_system_roles/roles/kdump/meta/argument_specs.yml Failed to find argument_specs.yml for role in redhat.rhel_system_roles.
2026-10-05T12:48:19.943622+00:00 ERROR 'ansible_navigator.actions.collections._parse' /usr/share/ansible/collections/ansible_collections/redhat/rhel_system_roles/roles/kernel_settings/meta/argument_specs.yml Failed to find argument_specs.yml for role in redhat.rhel_system_roles.
2026-10-05T12:48:19.943639+00:00 ERROR 'ansible_navigator.actions.collections._parse' /usr/share/ansible/collections/ansible_collections/redhat/rhel_system_roles/roles/keylime_server/meta/argument_specs.yml Failed to find argument_specs.yml for role in redhat.rhel_system_roles.
2026-10-05T12:48:19.943657+00:00 ERROR 'ansible_navigator.actions.collections._parse' /usr/share/ansible/collections/ansible_collections/redhat/rhel_system_roles/roles/logging/meta/argument_specs.yml Failed to find argument_specs.yml for role in redhat.rhel_system_roles.
2026-10-05T12:48:19.943674+00:00 ERROR 'ansible_navigator.actions.collections._parse' /usr/share/ansible/collections/ansible_collections/redhat/rhel_system_roles/roles/metrics/meta/argument_specs.yml Failed to find argument_specs.yml for role in redhat.rhel_system_roles.
2026-10-05T12:48:19.943691+00:00 ERROR 'ansible_navigator.actions.collections._parse' /usr/share/ansible/collections/ansible_collections/redhat/rhel_system_roles/roles/nbde_client/meta/argument_specs.yml Failed to find argument_specs.yml for role in redhat.rhel_system_roles.
2026-10-05T12:48:19.943710+00:00 ERROR 'ansible_navigator.actions.collections._parse' /usr/share/ansible/collections/ansible_collections/redhat/rhel_system_roles/roles/nbde_server/meta/argument_specs.yml Failed to find argument_specs.yml for role in redhat.rhel_system_roles.
2026-10-05T12:48:19.943729+00:00 ERROR 'ansible_navigator.actions.collections._parse' /usr/share/ansible/collections/ansible_collections/redhat/rhel_system_roles/roles/network/meta/argument_specs.yml Failed to find argument_specs.yml for role in redhat.rhel_system_roles.
2026-10-05T12:48:19.943747+00:00 ERROR 'ansible_navigator.actions.collections._parse' /usr/share/ansible/collections/ansible_collections/redhat/rhel_system_roles/roles/podman/meta/argument_specs.yml Failed to find argument_specs.yml for role in redhat.rhel_system_roles.
2026-10-05T12:48:19.943764+00:00 ERROR 'ansible_navigator.actions.collections._parse' /usr/share/ansible/collections/ansible_collections/redhat/rhel_system_roles/roles/postfix/meta/argument_specs.yml Failed to find argument_specs.yml for role in redhat.rhel_system_roles.
2026-10-05T12:48:19.943781+00:00 ERROR 'ansible_navigator.actions.collections._parse' /usr/share/ansible/collections/ansible_collections/redhat/rhel_system_roles/roles/postgresql/meta/argument_specs.yml Failed to find argument_specs.yml for role in redhat.rhel_system_roles.
2026-10-05T12:48:19.943799+00:00 ERROR 'ansible_navigator.actions.collections._parse' /usr/share/ansible/collections/ansible_collections/redhat/rhel_system_roles/roles/private_logging_subrole_rsyslog/meta/argument_specs.yml Failed to find argument_specs.yml for role in redhat.rhel_system_roles.
2026-10-05T12:48:19.943818+00:00 ERROR 'ansible_navigator.actions.collections._parse' /usr/share/ansible/collections/ansible_collections/redhat/rhel_system_roles/roles/private_metrics_subrole_bpftrace/meta/argument_specs.yml Failed to find argument_specs.yml for role in redhat.rhel_system_roles.
2026-10-05T12:48:19.943845+00:00 ERROR 'ansible_navigator.actions.collections._parse' /usr/share/ansible/collections/ansible_collections/redhat/rhel_system_roles/roles/private_metrics_subrole_elasticsearch/meta/argument_specs.yml Failed to find argument_specs.yml for role in redhat.rhel_system_roles.
2026-10-05T12:48:19.943863+00:00 ERROR 'ansible_navigator.actions.collections._parse' /usr/share/ansible/collections/ansible_collections/redhat/rhel_system_roles/roles/private_metrics_subrole_grafana/meta/argument_specs.yml Failed to find argument_specs.yml for role in redhat.rhel_system_roles.
2026-10-05T12:48:19.943880+00:00 ERROR 'ansible_navigator.actions.collections._parse' /usr/share/ansible/collections/ansible_collections/redhat/rhel_system_roles/roles/private_metrics_subrole_keyserver/meta/argument_specs.yml Failed to find argument_specs.yml for role in redhat.rhel_system_roles.
2026-10-05T12:48:19.943896+00:00 ERROR 'ansible_navigator.actions.collections._parse' /usr/share/ansible/collections/ansible_collections/redhat/rhel_system_roles/roles/private_metrics_subrole_mssql/meta/argument_specs.yml Failed to find argument_specs.yml for role in redhat.rhel_system_roles.
2026-10-05T12:48:19.943912+00:00 ERROR 'ansible_navigator.actions.collections._parse' /usr/share/ansible/collections/ansible_collections/redhat/rhel_system_roles/roles/private_metrics_subrole_pcp/meta/argument_specs.yml Failed to find argument_specs.yml for role in redhat.rhel_system_roles.
2026-10-05T12:48:19.943928+00:00 ERROR 'ansible_navigator.actions.collections._parse' /usr/share/ansible/collections/ansible_collections/redhat/rhel_system_roles/roles/private_metrics_subrole_postfix/meta/argument_specs.yml Failed to find argument_specs.yml for role in redhat.rhel_system_roles.
2026-10-05T12:48:19.943947+00:00 ERROR 'ansible_navigator.actions.collections._parse' /usr/share/ansible/collections/ansible_collections/redhat/rhel_system_roles/roles/private_metrics_subrole_repository/meta/argument_specs.yml Failed to find argument_specs.yml for role in redhat.rhel_system_roles.
2026-10-05T12:48:19.943965+00:00 ERROR 'ansible_navigator.actions.collections._parse' /usr/share/ansible/collections/ansible_collections/redhat/rhel_system_roles/roles/private_metrics_subrole_spark/meta/argument_specs.yml Failed to find argument_specs.yml for role in redhat.rhel_system_roles.
2026-10-05T12:48:19.943983+00:00 ERROR 'ansible_navigator.actions.collections._parse' /usr/share/ansible/collections/ansible_collections/redhat/rhel_system_roles/roles/rhc/meta/argument_specs.yml Failed to find argument_specs.yml for role in redhat.rhel_system_roles.
2026-10-05T12:48:19.944000+00:00 ERROR 'ansible_navigator.actions.collections._parse' /usr/share/ansible/collections/ansible_collections/redhat/rhel_system_roles/roles/selinux/meta/argument_specs.yml Failed to find argument_specs.yml for role in redhat.rhel_system_roles.
2026-10-05T12:48:19.944017+00:00 ERROR 'ansible_navigator.actions.collections._parse' /usr/share/ansible/collections/ansible_collections/redhat/rhel_system_roles/roles/snapshot/meta/argument_specs.yml Failed to find argument_specs.yml for role in redhat.rhel_system_roles.
2026-10-05T12:48:19.944033+00:00 ERROR 'ansible_navigator.actions.collections._parse' /usr/share/ansible/collections/ansible_collections/redhat/rhel_system_roles/roles/ssh/meta/argument_specs.yml Failed to find argument_specs.yml for role in redhat.rhel_system_roles.
2026-10-05T12:48:19.944063+00:00 ERROR 'ansible_navigator.actions.collections._parse' /usr/share/ansible/collections/ansible_collections/redhat/rhel_system_roles/roles/sshd/meta/argument_specs.yml Failed to find argument_specs.yml for role in redhat.rhel_system_roles.
2026-10-05T12:48:19.944080+00:00 ERROR 'ansible_navigator.actions.collections._parse' /usr/share/ansible/collections/ansible_collections/redhat/rhel_system_roles/roles/storage/meta/argument_specs.yml Failed to find argument_specs.yml for role in redhat.rhel_system_roles.
2026-10-05T12:48:19.944098+00:00 ERROR 'ansible_navigator.actions.collections._parse' /usr/share/ansible/collections/ansible_collections/redhat/rhel_system_roles/roles/sudo/meta/argument_specs.yml Failed to find argument_specs.yml for role in redhat.rhel_system_roles.
2026-10-05T12:48:19.944115+00:00 ERROR 'ansible_navigator.actions.collections._parse' /usr/share/ansible/collections/ansible_collections/redhat/rhel_system_roles/roles/systemd/meta/argument_specs.yml Failed to find argument_specs.yml for role in redhat.rhel_system_roles.
2026-10-05T12:48:19.944132+00:00 ERROR 'ansible_navigator.actions.collections._parse' /usr/share/ansible/collections/ansible_collections/redhat/rhel_system_roles/roles/timesync/meta/argument_specs.yml Failed to find argument_specs.yml for role in redhat.rhel_system_roles.
2026-10-05T12:48:19.944149+00:00 ERROR 'ansible_navigator.actions.collections._parse' /usr/share/ansible/collections/ansible_collections/redhat/rhel_system_roles/roles/tlog/meta/argument_specs.yml Failed to find argument_specs.yml for role in redhat.rhel_system_roles.
2026-10-05T12:48:19.944165+00:00 ERROR 'ansible_navigator.actions.collections._parse' /usr/share/ansible/collections/ansible_collections/redhat/rhel_system_roles/roles/vpn/meta/argument_specs.yml Failed to find argument_specs.yml for role in redhat.rhel_system_roles.
2026-10-05T12:48:19.944182+00:00 ERROR 'ansible_navigator.actions.collections._parse' /usr/share/ansible/collections/ansible_collections/redhat/rhv/roles/cluster_upgrade/meta/argument_specs.yml Failed to find argument_specs.yml for role in redhat.rhv.
2026-10-05T12:48:19.944198+00:00 ERROR 'ansible_navigator.actions.collections._parse' /usr/share/ansible/collections/ansible_collections/redhat/rhv/roles/cluster_upgrade/meta/main.yml Failed to find main.yml for role in redhat.rhv.
2026-10-05T12:48:19.944215+00:00 ERROR 'ansible_navigator.actions.collections._parse' /usr/share/ansible/collections/ansible_collections/redhat/rhv/roles/disaster_recovery/meta/argument_specs.yml Failed to find argument_specs.yml for role in redhat.rhv.
2026-10-05T12:48:19.944231+00:00 ERROR 'ansible_navigator.actions.collections._parse' /usr/share/ansible/collections/ansible_collections/redhat/rhv/roles/disaster_recovery/meta/main.yml Failed to find main.yml for role in redhat.rhv.
2026-10-05T12:48:19.944251+00:00 ERROR 'ansible_navigator.actions.collections._parse' /usr/share/ansible/collections/ansible_collections/redhat/rhv/roles/engine_setup/meta/argument_specs.yml Failed to find argument_specs.yml for role in redhat.rhv.
2026-10-05T12:48:19.944268+00:00 ERROR 'ansible_navigator.actions.collections._parse' /usr/share/ansible/collections/ansible_collections/redhat/rhv/roles/engine_setup/meta/main.yml Failed to find main.yml for role in redhat.rhv.
2026-10-05T12:48:19.944285+00:00 ERROR 'ansible_navigator.actions.collections._parse' /usr/share/ansible/collections/ansible_collections/redhat/rhv/roles/hosted_engine_setup/meta/argument_specs.yml Failed to find argument_specs.yml for role in redhat.rhv.
2026-10-05T12:48:19.944301+00:00 ERROR 'ansible_navigator.actions.collections._parse' /usr/share/ansible/collections/ansible_collections/redhat/rhv/roles/hosted_engine_setup/meta/main.yml Failed to find main.yml for role in redhat.rhv.
2026-10-05T12:48:19.944318+00:00 ERROR 'ansible_navigator.actions.collections._parse' /usr/share/ansible/collections/ansible_collections/redhat/rhv/roles/image_template/meta/argument_specs.yml Failed to find argument_specs.yml for role in redhat.rhv.
2026-10-05T12:48:19.944334+00:00 ERROR 'ansible_navigator.actions.collections._parse' /usr/share/ansible/collections/ansible_collections/redhat/rhv/roles/image_template/meta/main.yml Failed to find main.yml for role in redhat.rhv.
2026-10-05T12:48:19.944351+00:00 ERROR 'ansible_navigator.actions.collections._parse' /usr/share/ansible/collections/ansible_collections/redhat/rhv/roles/infra/meta/argument_specs.yml Failed to find argument_specs.yml for role in redhat.rhv.
2026-10-05T12:48:19.944367+00:00 ERROR 'ansible_navigator.actions.collections._parse' /usr/share/ansible/collections/ansible_collections/redhat/rhv/roles/infra/meta/main.yml Failed to find main.yml for role in redhat.rhv.
2026-10-05T12:48:19.944385+00:00 ERROR 'ansible_navigator.actions.collections._parse' /usr/share/ansible/collections/ansible_collections/redhat/rhv/roles/remove_stale_lun/meta/argument_specs.yml Failed to find argument_specs.yml for role in redhat.rhv.
2026-10-05T12:48:19.944402+00:00 ERROR 'ansible_navigator.actions.collections._parse' /usr/share/ansible/collections/ansible_collections/redhat/rhv/roles/remove_stale_lun/meta/main.yml Failed to find main.yml for role in redhat.rhv.
2026-10-05T12:48:19.944418+00:00 ERROR 'ansible_navigator.actions.collections._parse' /usr/share/ansible/collections/ansible_collections/redhat/rhv/roles/repositories/meta/argument_specs.yml Failed to find argument_specs.yml for role in redhat.rhv.
2026-10-05T12:48:19.944435+00:00 ERROR 'ansible_navigator.actions.collections._parse' /usr/share/ansible/collections/ansible_collections/redhat/rhv/roles/repositories/meta/main.yml Failed to find main.yml for role in redhat.rhv.
2026-10-05T12:48:19.944451+00:00 ERROR 'ansible_navigator.actions.collections._parse' /usr/share/ansible/collections/ansible_collections/redhat/rhv/roles/shutdown_env/meta/argument_specs.yml Failed to find argument_specs.yml for role in redhat.rhv.
2026-10-05T12:48:19.944468+00:00 ERROR 'ansible_navigator.actions.collections._parse' /usr/share/ansible/collections/ansible_collections/redhat/rhv/roles/shutdown_env/meta/main.yml Failed to find main.yml for role in redhat.rhv.
2026-10-05T12:48:19.944484+00:00 ERROR 'ansible_navigator.actions.collections._parse' /usr/share/ansible/collections/ansible_collections/redhat/rhv/roles/vm_infra/meta/argument_specs.yml Failed to find argument_specs.yml for role in redhat.rhv.
2026-10-05T12:48:19.944500+00:00 ERROR 'ansible_navigator.actions.collections._parse' /usr/share/ansible/collections/ansible_collections/redhat/rhv/roles/vm_infra/meta/main.yml Failed to find main.yml for role in redhat.rhv.
2026-10-05T12:48:19.944516+00:00 ERROR 'ansible_navigator.actions.collections._parse' /usr/share/ansible/collections/ansible_collections/redhat/sap_install/roles/sap_ha_install_hana_hsr/meta/argument_specs.yml Failed to find argument_specs.yml for role in redhat.sap_install.
2026-10-05T12:48:19.944535+00:00 ERROR 'ansible_navigator.actions.collections._parse' /usr/share/ansible/collections/ansible_collections/redhat/sap_install/roles/sap_swpm/meta/argument_specs.yml Failed to find argument_specs.yml for role in redhat.sap_install.
2026-10-05T12:48:19.944552+00:00 ERROR 'ansible_navigator.actions.collections._parse' /usr/share/ansible/collections/ansible_collections/redhat/satellite/roles/activation_keys/meta/argument_specs.yml Failed to find argument_specs.yml for role in redhat.satellite.
2026-10-05T12:48:19.944568+00:00 ERROR 'ansible_navigator.actions.collections._parse' /usr/share/ansible/collections/ansible_collections/redhat/satellite/roles/auth_sources_ldap/meta/argument_specs.yml Failed to find argument_specs.yml for role in redhat.satellite.
2026-10-05T12:48:19.944584+00:00 ERROR 'ansible_navigator.actions.collections._parse' /usr/share/ansible/collections/ansible_collections/redhat/satellite/roles/compute_profiles/meta/argument_specs.yml Failed to find argument_specs.yml for role in redhat.satellite.
2026-10-05T12:48:19.944600+00:00 ERROR 'ansible_navigator.actions.collections._parse' /usr/share/ansible/collections/ansible_collections/redhat/satellite/roles/compute_resources/meta/argument_specs.yml Failed to find argument_specs.yml for role in redhat.satellite.
2026-10-05T12:48:19.944617+00:00 ERROR 'ansible_navigator.actions.collections._parse' /usr/share/ansible/collections/ansible_collections/redhat/satellite/roles/content_credentials/meta/argument_specs.yml Failed to find argument_specs.yml for role in redhat.satellite.
2026-10-05T12:48:19.944633+00:00 ERROR 'ansible_navigator.actions.collections._parse' /usr/share/ansible/collections/ansible_collections/redhat/satellite/roles/content_rhel/meta/argument_specs.yml Failed to find argument_specs.yml for role in redhat.satellite.
2026-10-05T12:48:19.944649+00:00 ERROR 'ansible_navigator.actions.collections._parse' /usr/share/ansible/collections/ansible_collections/redhat/satellite/roles/content_view_publish/meta/argument_specs.yml Failed to find argument_specs.yml for role in redhat.satellite.
2026-10-05T12:48:19.944664+00:00 ERROR 'ansible_navigator.actions.collections._parse' /usr/share/ansible/collections/ansible_collections/redhat/satellite/roles/content_view_version_cleanup/meta/argument_specs.yml Failed to find argument_specs.yml for role in redhat.satellite.
2026-10-05T12:48:19.944681+00:00 ERROR 'ansible_navigator.actions.collections._parse' /usr/share/ansible/collections/ansible_collections/redhat/satellite/roles/content_views/meta/argument_specs.yml Failed to find argument_specs.yml for role in redhat.satellite.
2026-10-05T12:48:19.944697+00:00 ERROR 'ansible_navigator.actions.collections._parse' /usr/share/ansible/collections/ansible_collections/redhat/satellite/roles/convert2rhel/meta/argument_specs.yml Failed to find argument_specs.yml for role in redhat.satellite.
2026-10-05T12:48:19.944713+00:00 ERROR 'ansible_navigator.actions.collections._parse' /usr/share/ansible/collections/ansible_collections/redhat/satellite/roles/domains/meta/argument_specs.yml Failed to find argument_specs.yml for role in redhat.satellite.
2026-10-05T12:48:19.944729+00:00 ERROR 'ansible_navigator.actions.collections._parse' /usr/share/ansible/collections/ansible_collections/redhat/satellite/roles/hostgroups/meta/argument_specs.yml Failed to find argument_specs.yml for role in redhat.satellite.
2026-10-05T12:48:19.944745+00:00 ERROR 'ansible_navigator.actions.collections._parse' /usr/share/ansible/collections/ansible_collections/redhat/satellite/roles/lifecycle_environments/meta/argument_specs.yml Failed to find argument_specs.yml for role in redhat.satellite.
2026-10-05T12:48:19.944761+00:00 ERROR 'ansible_navigator.actions.collections._parse' /usr/share/ansible/collections/ansible_collections/redhat/satellite/roles/locations/meta/argument_specs.yml Failed to find argument_specs.yml for role in redhat.satellite.
2026-10-05T12:48:19.944777+00:00 ERROR 'ansible_navigator.actions.collections._parse' /usr/share/ansible/collections/ansible_collections/redhat/satellite/roles/manifest/meta/argument_specs.yml Failed to find argument_specs.yml for role in redhat.satellite.
2026-10-05T12:48:19.944795+00:00 ERROR 'ansible_navigator.actions.collections._parse' /usr/share/ansible/collections/ansible_collections/redhat/satellite/roles/operatingsystems/meta/argument_specs.yml Failed to find argument_specs.yml for role in redhat.satellite.
2026-10-05T12:48:19.944812+00:00 ERROR 'ansible_navigator.actions.collections._parse' /usr/share/ansible/collections/ansible_collections/redhat/satellite/roles/organizations/meta/argument_specs.yml Failed to find argument_specs.yml for role in redhat.satellite.
2026-10-05T12:48:19.944828+00:00 ERROR 'ansible_navigator.actions.collections._parse' /usr/share/ansible/collections/ansible_collections/redhat/satellite/roles/provisioning_templates/meta/argument_specs.yml Failed to find argument_specs.yml for role in redhat.satellite.
2026-10-05T12:48:19.944852+00:00 ERROR 'ansible_navigator.actions.collections._parse' /usr/share/ansible/collections/ansible_collections/redhat/satellite/roles/repositories/meta/argument_specs.yml Failed to find argument_specs.yml for role in redhat.satellite.
2026-10-05T12:48:19.944868+00:00 ERROR 'ansible_navigator.actions.collections._parse' /usr/share/ansible/collections/ansible_collections/redhat/satellite/roles/settings/meta/argument_specs.yml Failed to find argument_specs.yml for role in redhat.satellite.
2026-10-05T12:48:19.944885+00:00 ERROR 'ansible_navigator.actions.collections._parse' /usr/share/ansible/collections/ansible_collections/redhat/satellite/roles/subnets/meta/argument_specs.yml Failed to find argument_specs.yml for role in redhat.satellite.
2026-10-05T12:48:19.944901+00:00 ERROR 'ansible_navigator.actions.collections._parse' /usr/share/ansible/collections/ansible_collections/redhat/satellite/roles/sync_plans/meta/argument_specs.yml Failed to find argument_specs.yml for role in redhat.satellite.
2026-10-05T12:48:19.944917+00:00 ERROR 'ansible_navigator.actions.collections._parse' /usr/share/ansible/collections/ansible_collections/redhat/satellite_operations/roles/backup/meta/argument_specs.yml Failed to find argument_specs.yml for role in redhat.satellite_operations.
2026-10-05T12:48:19.944933+00:00 ERROR 'ansible_navigator.actions.collections._parse' /usr/share/ansible/collections/ansible_collections/redhat/satellite_operations/roles/backup/meta/main.yml Failed to find main.yml for role in redhat.satellite_operations.
2026-10-05T12:48:19.944949+00:00 ERROR 'ansible_navigator.actions.collections._parse' /usr/share/ansible/collections/ansible_collections/redhat/satellite_operations/roles/capsule_certs_generate/meta/argument_specs.yml Failed to find argument_specs.yml for role in redhat.satellite_operations.
2026-10-05T12:48:19.944965+00:00 ERROR 'ansible_navigator.actions.collections._parse' /usr/share/ansible/collections/ansible_collections/redhat/satellite_operations/roles/capsule_certs_generate/meta/main.yml Failed to find main.yml for role in redhat.satellite_operations.
2026-10-05T12:48:19.944981+00:00 ERROR 'ansible_navigator.actions.collections._parse' /usr/share/ansible/collections/ansible_collections/redhat/satellite_operations/roles/cloud_connector/meta/argument_specs.yml Failed to find argument_specs.yml for role in redhat.satellite_operations.
2026-10-05T12:48:19.944997+00:00 ERROR 'ansible_navigator.actions.collections._parse' /usr/share/ansible/collections/ansible_collections/redhat/satellite_operations/roles/cloud_connector/meta/main.yml Failed to find main.yml for role in redhat.satellite_operations.
2026-10-05T12:48:19.945013+00:00 ERROR 'ansible_navigator.actions.collections._parse' /usr/share/ansible/collections/ansible_collections/redhat/satellite_operations/roles/installer/meta/argument_specs.yml Failed to find argument_specs.yml for role in redhat.satellite_operations.
2026-10-05T12:48:19.945029+00:00 ERROR 'ansible_navigator.actions.collections._parse' /usr/share/ansible/collections/ansible_collections/redhat/satellite_operations/roles/installer/meta/main.yml Failed to find main.yml for role in redhat.satellite_operations.
2026-10-05T12:48:19.945058+00:00 ERROR 'ansible_navigator.actions.collections._parse' /usr/share/ansible/collections/ansible_collections/redhat/satellite_operations/roles/metrics/meta/argument_specs.yml Failed to find argument_specs.yml for role in redhat.satellite_operations.
2026-10-05T12:48:19.945076+00:00 ERROR 'ansible_navigator.actions.collections._parse' /usr/share/ansible/collections/ansible_collections/redhat/satellite_operations/roles/metrics/meta/main.yml Failed to find main.yml for role in redhat.satellite_operations.
2026-10-05T12:48:48.125295+00:00 ERROR 'ansible_navigator.actions.collections._parse' /usr/share/ansible/collections/ansible_collections/redhat/insights/roles/compliance/meta/argument_specs.yml Failed to find argument_specs.yml for role in redhat.insights.
2026-10-05T12:48:48.125934+00:00 ERROR 'ansible_navigator.actions.collections._parse' /usr/share/ansible/collections/ansible_collections/redhat/insights/roles/insights_client/meta/argument_specs.yml Failed to find argument_specs.yml for role in redhat.insights.
2026-10-05T12:48:48.125996+00:00 ERROR 'ansible_navigator.actions.collections._parse' /usr/share/ansible/collections/ansible_collections/redhat/redhat_csp_download/roles/redhat_csp_download/meta/argument_specs.yml Failed to find argument_specs.yml for role in redhat.redhat_csp_download.
2026-10-05T12:48:48.126026+00:00 ERROR 'ansible_navigator.actions.collections._parse' /usr/share/ansible/collections/ansible_collections/redhat/redhat_csp_download/roles/redhat_csp_download/meta/main.yml Failed to find main.yml for role in redhat.redhat_csp_download.
2026-10-05T12:48:48.126085+00:00 ERROR 'ansible_navigator.actions.collections._parse' /usr/share/ansible/collections/ansible_collections/redhat/rhel_idm/roles/ipabackup/meta/argument_specs.yml Failed to find argument_specs.yml for role in redhat.rhel_idm.
2026-10-05T12:48:48.126115+00:00 ERROR 'ansible_navigator.actions.collections._parse' /usr/share/ansible/collections/ansible_collections/redhat/rhel_idm/roles/ipaclient/meta/argument_specs.yml Failed to find argument_specs.yml for role in redhat.rhel_idm.
2026-10-05T12:48:48.126139+00:00 ERROR 'ansible_navigator.actions.collections._parse' /usr/share/ansible/collections/ansible_collections/redhat/rhel_idm/roles/ipareplica/meta/argument_specs.yml Failed to find argument_specs.yml for role in redhat.rhel_idm.
2026-10-05T12:48:48.126174+00:00 ERROR 'ansible_navigator.actions.collections._parse' /usr/share/ansible/collections/ansible_collections/redhat/rhel_idm/roles/ipaserver/meta/argument_specs.yml Failed to find argument_specs.yml for role in redhat.rhel_idm.
2026-10-05T12:48:48.126224+00:00 ERROR 'ansible_navigator.actions.collections._parse' /usr/share/ansible/collections/ansible_collections/redhat/rhel_idm/roles/ipasmartcard_client/meta/argument_specs.yml Failed to find argument_specs.yml for role in redhat.rhel_idm.
2026-10-05T12:48:48.126249+00:00 ERROR 'ansible_navigator.actions.collections._parse' /usr/share/ansible/collections/ansible_collections/redhat/rhel_idm/roles/ipasmartcard_server/meta/argument_specs.yml Failed to find argument_specs.yml for role in redhat.rhel_idm.
2026-10-05T12:48:48.126269+00:00 ERROR 'ansible_navigator.actions.collections._parse' /usr/share/ansible/collections/ansible_collections/redhat/rhel_system_roles/roles/ad_integration/meta/argument_specs.yml Failed to find argument_specs.yml for role in redhat.rhel_system_roles.
2026-10-05T12:48:48.126289+00:00 ERROR 'ansible_navigator.actions.collections._parse' /usr/share/ansible/collections/ansible_collections/redhat/rhel_system_roles/roles/aide/meta/argument_specs.yml Failed to find argument_specs.yml for role in redhat.rhel_system_roles.
2026-10-05T12:48:48.126307+00:00 ERROR 'ansible_navigator.actions.collections._parse' /usr/share/ansible/collections/ansible_collections/redhat/rhel_system_roles/roles/bootloader/meta/argument_specs.yml Failed to find argument_specs.yml for role in redhat.rhel_system_roles.
2026-10-05T12:48:48.126345+00:00 ERROR 'ansible_navigator.actions.collections._parse' /usr/share/ansible/collections/ansible_collections/redhat/rhel_system_roles/roles/certificate/meta/argument_specs.yml Failed to find argument_specs.yml for role in redhat.rhel_system_roles.
2026-10-05T12:48:48.126363+00:00 ERROR 'ansible_navigator.actions.collections._parse' /usr/share/ansible/collections/ansible_collections/redhat/rhel_system_roles/roles/cockpit/meta/argument_specs.yml Failed to find argument_specs.yml for role in redhat.rhel_system_roles.
2026-10-05T12:48:48.126380+00:00 ERROR 'ansible_navigator.actions.collections._parse' /usr/share/ansible/collections/ansible_collections/redhat/rhel_system_roles/roles/crypto_policies/meta/argument_specs.yml Failed to find argument_specs.yml for role in redhat.rhel_system_roles.
2026-10-05T12:48:48.126397+00:00 ERROR 'ansible_navigator.actions.collections._parse' /usr/share/ansible/collections/ansible_collections/redhat/rhel_system_roles/roles/fapolicyd/meta/argument_specs.yml Failed to find argument_specs.yml for role in redhat.rhel_system_roles.
2026-10-05T12:48:48.126414+00:00 ERROR 'ansible_navigator.actions.collections._parse' /usr/share/ansible/collections/ansible_collections/redhat/rhel_system_roles/roles/firewall/meta/argument_specs.yml Failed to find argument_specs.yml for role in redhat.rhel_system_roles.
2026-10-05T12:48:48.126433+00:00 ERROR 'ansible_navigator.actions.collections._parse' /usr/share/ansible/collections/ansible_collections/redhat/rhel_system_roles/roles/ha_cluster/meta/argument_specs.yml Failed to find argument_specs.yml for role in redhat.rhel_system_roles.
2026-10-05T12:48:48.126453+00:00 ERROR 'ansible_navigator.actions.collections._parse' /usr/share/ansible/collections/ansible_collections/redhat/rhel_system_roles/roles/journald/meta/argument_specs.yml Failed to find argument_specs.yml for role in redhat.rhel_system_roles.
2026-10-05T12:48:48.126473+00:00 ERROR 'ansible_navigator.actions.collections._parse' /usr/share/ansible/collections/ansible_collections/redhat/rhel_system_roles/roles/kdump/meta/argument_specs.yml Failed to find argument_specs.yml for role in redhat.rhel_system_roles.
2026-10-05T12:48:48.126490+00:00 ERROR 'ansible_navigator.actions.collections._parse' /usr/share/ansible/collections/ansible_collections/redhat/rhel_system_roles/roles/kernel_settings/meta/argument_specs.yml Failed to find argument_specs.yml for role in redhat.rhel_system_roles.
2026-10-05T12:48:48.126508+00:00 ERROR 'ansible_navigator.actions.collections._parse' /usr/share/ansible/collections/ansible_collections/redhat/rhel_system_roles/roles/keylime_server/meta/argument_specs.yml Failed to find argument_specs.yml for role in redhat.rhel_system_roles.
2026-10-05T12:48:48.126527+00:00 ERROR 'ansible_navigator.actions.collections._parse' /usr/share/ansible/collections/ansible_collections/redhat/rhel_system_roles/roles/logging/meta/argument_specs.yml Failed to find argument_specs.yml for role in redhat.rhel_system_roles.
2026-10-05T12:48:48.126546+00:00 ERROR 'ansible_navigator.actions.collections._parse' /usr/share/ansible/collections/ansible_collections/redhat/rhel_system_roles/roles/metrics/meta/argument_specs.yml Failed to find argument_specs.yml for role in redhat.rhel_system_roles.
2026-10-05T12:48:48.126566+00:00 ERROR 'ansible_navigator.actions.collections._parse' /usr/share/ansible/collections/ansible_collections/redhat/rhel_system_roles/roles/nbde_client/meta/argument_specs.yml Failed to find argument_specs.yml for role in redhat.rhel_system_roles.
2026-10-05T12:48:48.126599+00:00 ERROR 'ansible_navigator.actions.collections._parse' /usr/share/ansible/collections/ansible_collections/redhat/rhel_system_roles/roles/nbde_server/meta/argument_specs.yml Failed to find argument_specs.yml for role in redhat.rhel_system_roles.
2026-10-05T12:48:48.126617+00:00 ERROR 'ansible_navigator.actions.collections._parse' /usr/share/ansible/collections/ansible_collections/redhat/rhel_system_roles/roles/network/meta/argument_specs.yml Failed to find argument_specs.yml for role in redhat.rhel_system_roles.
2026-10-05T12:48:48.126637+00:00 ERROR 'ansible_navigator.actions.collections._parse' /usr/share/ansible/collections/ansible_collections/redhat/rhel_system_roles/roles/podman/meta/argument_specs.yml Failed to find argument_specs.yml for role in redhat.rhel_system_roles.
2026-10-05T12:48:48.126655+00:00 ERROR 'ansible_navigator.actions.collections._parse' /usr/share/ansible/collections/ansible_collections/redhat/rhel_system_roles/roles/postfix/meta/argument_specs.yml Failed to find argument_specs.yml for role in redhat.rhel_system_roles.
2026-10-05T12:48:48.126672+00:00 ERROR 'ansible_navigator.actions.collections._parse' /usr/share/ansible/collections/ansible_collections/redhat/rhel_system_roles/roles/postgresql/meta/argument_specs.yml Failed to find argument_specs.yml for role in redhat.rhel_system_roles.
2026-10-05T12:48:48.126689+00:00 ERROR 'ansible_navigator.actions.collections._parse' /usr/share/ansible/collections/ansible_collections/redhat/rhel_system_roles/roles/private_logging_subrole_rsyslog/meta/argument_specs.yml Failed to find argument_specs.yml for role in redhat.rhel_system_roles.
2026-10-05T12:48:48.126707+00:00 ERROR 'ansible_navigator.actions.collections._parse' /usr/share/ansible/collections/ansible_collections/redhat/rhel_system_roles/roles/private_metrics_subrole_bpftrace/meta/argument_specs.yml Failed to find argument_specs.yml for role in redhat.rhel_system_roles.
2026-10-05T12:48:48.126725+00:00 ERROR 'ansible_navigator.actions.collections._parse' /usr/share/ansible/collections/ansible_collections/redhat/rhel_system_roles/roles/private_metrics_subrole_elasticsearch/meta/argument_specs.yml Failed to find argument_specs.yml for role in redhat.rhel_system_roles.
2026-10-05T12:48:48.126743+00:00 ERROR 'ansible_navigator.actions.collections._parse' /usr/share/ansible/collections/ansible_collections/redhat/rhel_system_roles/roles/private_metrics_subrole_grafana/meta/argument_specs.yml Failed to find argument_specs.yml for role in redhat.rhel_system_roles.
2026-10-05T12:48:48.126760+00:00 ERROR 'ansible_navigator.actions.collections._parse' /usr/share/ansible/collections/ansible_collections/redhat/rhel_system_roles/roles/private_metrics_subrole_keyserver/meta/argument_specs.yml Failed to find argument_specs.yml for role in redhat.rhel_system_roles.
2026-10-05T12:48:48.126776+00:00 ERROR 'ansible_navigator.actions.collections._parse' /usr/share/ansible/collections/ansible_collections/redhat/rhel_system_roles/roles/private_metrics_subrole_mssql/meta/argument_specs.yml Failed to find argument_specs.yml for role in redhat.rhel_system_roles.
2026-10-05T12:48:48.126793+00:00 ERROR 'ansible_navigator.actions.collections._parse' /usr/share/ansible/collections/ansible_collections/redhat/rhel_system_roles/roles/private_metrics_subrole_pcp/meta/argument_specs.yml Failed to find argument_specs.yml for role in redhat.rhel_system_roles.
2026-10-05T12:48:48.126810+00:00 ERROR 'ansible_navigator.actions.collections._parse' /usr/share/ansible/collections/ansible_collections/redhat/rhel_system_roles/roles/private_metrics_subrole_postfix/meta/argument_specs.yml Failed to find argument_specs.yml for role in redhat.rhel_system_roles.
2026-10-05T12:48:48.126827+00:00 ERROR 'ansible_navigator.actions.collections._parse' /usr/share/ansible/collections/ansible_collections/redhat/rhel_system_roles/roles/private_metrics_subrole_repository/meta/argument_specs.yml Failed to find argument_specs.yml for role in redhat.rhel_system_roles.
2026-10-05T12:48:48.126860+00:00 ERROR 'ansible_navigator.actions.collections._parse' /usr/share/ansible/collections/ansible_collections/redhat/rhel_system_roles/roles/private_metrics_subrole_spark/meta/argument_specs.yml Failed to find argument_specs.yml for role in redhat.rhel_system_roles.
2026-10-05T12:48:48.126881+00:00 ERROR 'ansible_navigator.actions.collections._parse' /usr/share/ansible/collections/ansible_collections/redhat/rhel_system_roles/roles/rhc/meta/argument_specs.yml Failed to find argument_specs.yml for role in redhat.rhel_system_roles.
2026-10-05T12:48:48.126901+00:00 ERROR 'ansible_navigator.actions.collections._parse' /usr/share/ansible/collections/ansible_collections/redhat/rhel_system_roles/roles/selinux/meta/argument_specs.yml Failed to find argument_specs.yml for role in redhat.rhel_system_roles.
2026-10-05T12:48:48.126922+00:00 ERROR 'ansible_navigator.actions.collections._parse' /usr/share/ansible/collections/ansible_collections/redhat/rhel_system_roles/roles/snapshot/meta/argument_specs.yml Failed to find argument_specs.yml for role in redhat.rhel_system_roles.
2026-10-05T12:48:48.126942+00:00 ERROR 'ansible_navigator.actions.collections._parse' /usr/share/ansible/collections/ansible_collections/redhat/rhel_system_roles/roles/ssh/meta/argument_specs.yml Failed to find argument_specs.yml for role in redhat.rhel_system_roles.
2026-10-05T12:48:48.126961+00:00 ERROR 'ansible_navigator.actions.collections._parse' /usr/share/ansible/collections/ansible_collections/redhat/rhel_system_roles/roles/sshd/meta/argument_specs.yml Failed to find argument_specs.yml for role in redhat.rhel_system_roles.
2026-10-05T12:48:48.126979+00:00 ERROR 'ansible_navigator.actions.collections._parse' /usr/share/ansible/collections/ansible_collections/redhat/rhel_system_roles/roles/storage/meta/argument_specs.yml Failed to find argument_specs.yml for role in redhat.rhel_system_roles.
2026-10-05T12:48:48.126996+00:00 ERROR 'ansible_navigator.actions.collections._parse' /usr/share/ansible/collections/ansible_collections/redhat/rhel_system_roles/roles/sudo/meta/argument_specs.yml Failed to find argument_specs.yml for role in redhat.rhel_system_roles.
2026-10-05T12:48:48.127012+00:00 ERROR 'ansible_navigator.actions.collections._parse' /usr/share/ansible/collections/ansible_collections/redhat/rhel_system_roles/roles/systemd/meta/argument_specs.yml Failed to find argument_specs.yml for role in redhat.rhel_system_roles.
2026-10-05T12:48:48.127029+00:00 ERROR 'ansible_navigator.actions.collections._parse' /usr/share/ansible/collections/ansible_collections/redhat/rhel_system_roles/roles/timesync/meta/argument_specs.yml Failed to find argument_specs.yml for role in redhat.rhel_system_roles.
2026-10-05T12:48:48.127061+00:00 ERROR 'ansible_navigator.actions.collections._parse' /usr/share/ansible/collections/ansible_collections/redhat/rhel_system_roles/roles/tlog/meta/argument_specs.yml Failed to find argument_specs.yml for role in redhat.rhel_system_roles.
2026-10-05T12:48:48.127079+00:00 ERROR 'ansible_navigator.actions.collections._parse' /usr/share/ansible/collections/ansible_collections/redhat/rhel_system_roles/roles/vpn/meta/argument_specs.yml Failed to find argument_specs.yml for role in redhat.rhel_system_roles.
2026-10-05T12:48:48.127098+00:00 ERROR 'ansible_navigator.actions.collections._parse' /usr/share/ansible/collections/ansible_collections/redhat/rhv/roles/cluster_upgrade/meta/argument_specs.yml Failed to find argument_specs.yml for role in redhat.rhv.
2026-10-05T12:48:48.127115+00:00 ERROR 'ansible_navigator.actions.collections._parse' /usr/share/ansible/collections/ansible_collections/redhat/rhv/roles/cluster_upgrade/meta/main.yml Failed to find main.yml for role in redhat.rhv.
2026-10-05T12:48:48.127132+00:00 ERROR 'ansible_navigator.actions.collections._parse' /usr/share/ansible/collections/ansible_collections/redhat/rhv/roles/disaster_recovery/meta/argument_specs.yml Failed to find argument_specs.yml for role in redhat.rhv.
2026-10-05T12:48:48.127149+00:00 ERROR 'ansible_navigator.actions.collections._parse' /usr/share/ansible/collections/ansible_collections/redhat/rhv/roles/disaster_recovery/meta/main.yml Failed to find main.yml for role in redhat.rhv.
2026-10-05T12:48:48.127167+00:00 ERROR 'ansible_navigator.actions.collections._parse' /usr/share/ansible/collections/ansible_collections/redhat/rhv/roles/engine_setup/meta/argument_specs.yml Failed to find argument_specs.yml for role in redhat.rhv.
2026-10-05T12:48:48.127184+00:00 ERROR 'ansible_navigator.actions.collections._parse' /usr/share/ansible/collections/ansible_collections/redhat/rhv/roles/engine_setup/meta/main.yml Failed to find main.yml for role in redhat.rhv.
2026-10-05T12:48:48.127203+00:00 ERROR 'ansible_navigator.actions.collections._parse' /usr/share/ansible/collections/ansible_collections/redhat/rhv/roles/hosted_engine_setup/meta/argument_specs.yml Failed to find argument_specs.yml for role in redhat.rhv.
2026-10-05T12:48:48.127220+00:00 ERROR 'ansible_navigator.actions.collections._parse' /usr/share/ansible/collections/ansible_collections/redhat/rhv/roles/hosted_engine_setup/meta/main.yml Failed to find main.yml for role in redhat.rhv.
2026-10-05T12:48:48.127237+00:00 ERROR 'ansible_navigator.actions.collections._parse' /usr/share/ansible/collections/ansible_collections/redhat/rhv/roles/image_template/meta/argument_specs.yml Failed to find argument_specs.yml for role in redhat.rhv.
2026-10-05T12:48:48.127255+00:00 ERROR 'ansible_navigator.actions.collections._parse' /usr/share/ansible/collections/ansible_collections/redhat/rhv/roles/image_template/meta/main.yml Failed to find main.yml for role in redhat.rhv.
2026-10-05T12:48:48.127272+00:00 ERROR 'ansible_navigator.actions.collections._parse' /usr/share/ansible/collections/ansible_collections/redhat/rhv/roles/infra/meta/argument_specs.yml Failed to find argument_specs.yml for role in redhat.rhv.
2026-10-05T12:48:48.127291+00:00 ERROR 'ansible_navigator.actions.collections._parse' /usr/share/ansible/collections/ansible_collections/redhat/rhv/roles/infra/meta/main.yml Failed to find main.yml for role in redhat.rhv.
2026-10-05T12:48:48.127308+00:00 ERROR 'ansible_navigator.actions.collections._parse' /usr/share/ansible/collections/ansible_collections/redhat/rhv/roles/remove_stale_lun/meta/argument_specs.yml Failed to find argument_specs.yml for role in redhat.rhv.
2026-10-05T12:48:48.127326+00:00 ERROR 'ansible_navigator.actions.collections._parse' /usr/share/ansible/collections/ansible_collections/redhat/rhv/roles/remove_stale_lun/meta/main.yml Failed to find main.yml for role in redhat.rhv.
2026-10-05T12:48:48.127343+00:00 ERROR 'ansible_navigator.actions.collections._parse' /usr/share/ansible/collections/ansible_collections/redhat/rhv/roles/repositories/meta/argument_specs.yml Failed to find argument_specs.yml for role in redhat.rhv.
2026-10-05T12:48:48.127359+00:00 ERROR 'ansible_navigator.actions.collections._parse' /usr/share/ansible/collections/ansible_collections/redhat/rhv/roles/repositories/meta/main.yml Failed to find main.yml for role in redhat.rhv.
2026-10-05T12:48:48.127376+00:00 ERROR 'ansible_navigator.actions.collections._parse' /usr/share/ansible/collections/ansible_collections/redhat/rhv/roles/shutdown_env/meta/argument_specs.yml Failed to find argument_specs.yml for role in redhat.rhv.
2026-10-05T12:48:48.127392+00:00 ERROR 'ansible_navigator.actions.collections._parse' /usr/share/ansible/collections/ansible_collections/redhat/rhv/roles/shutdown_env/meta/main.yml Failed to find main.yml for role in redhat.rhv.
2026-10-05T12:48:48.127425+00:00 ERROR 'ansible_navigator.actions.collections._parse' /usr/share/ansible/collections/ansible_collections/redhat/rhv/roles/vm_infra/meta/argument_specs.yml Failed to find argument_specs.yml for role in redhat.rhv.
2026-10-05T12:48:48.127463+00:00 ERROR 'ansible_navigator.actions.collections._parse' /usr/share/ansible/collections/ansible_collections/redhat/rhv/roles/vm_infra/meta/main.yml Failed to find main.yml for role in redhat.rhv.
2026-10-05T12:48:48.127493+00:00 ERROR 'ansible_navigator.actions.collections._parse' /usr/share/ansible/collections/ansible_collections/redhat/sap_install/roles/sap_ha_install_hana_hsr/meta/argument_specs.yml Failed to find argument_specs.yml for role in redhat.sap_install.
2026-10-05T12:48:48.127519+00:00 ERROR 'ansible_navigator.actions.collections._parse' /usr/share/ansible/collections/ansible_collections/redhat/sap_install/roles/sap_swpm/meta/argument_specs.yml Failed to find argument_specs.yml for role in redhat.sap_install.
2026-10-05T12:48:48.127543+00:00 ERROR 'ansible_navigator.actions.collections._parse' /usr/share/ansible/collections/ansible_collections/redhat/satellite/roles/activation_keys/meta/argument_specs.yml Failed to find argument_specs.yml for role in redhat.satellite.
2026-10-05T12:48:48.127577+00:00 ERROR 'ansible_navigator.actions.collections._parse' /usr/share/ansible/collections/ansible_collections/redhat/satellite/roles/auth_sources_ldap/meta/argument_specs.yml Failed to find argument_specs.yml for role in redhat.satellite.
2026-10-05T12:48:48.127596+00:00 ERROR 'ansible_navigator.actions.collections._parse' /usr/share/ansible/collections/ansible_collections/redhat/satellite/roles/compute_profiles/meta/argument_specs.yml Failed to find argument_specs.yml for role in redhat.satellite.
2026-10-05T12:48:48.127613+00:00 ERROR 'ansible_navigator.actions.collections._parse' /usr/share/ansible/collections/ansible_collections/redhat/satellite/roles/compute_resources/meta/argument_specs.yml Failed to find argument_specs.yml for role in redhat.satellite.
2026-10-05T12:48:48.127631+00:00 ERROR 'ansible_navigator.actions.collections._parse' /usr/share/ansible/collections/ansible_collections/redhat/satellite/roles/content_credentials/meta/argument_specs.yml Failed to find argument_specs.yml for role in redhat.satellite.
2026-10-05T12:48:48.127647+00:00 ERROR 'ansible_navigator.actions.collections._parse' /usr/share/ansible/collections/ansible_collections/redhat/satellite/roles/content_rhel/meta/argument_specs.yml Failed to find argument_specs.yml for role in redhat.satellite.
2026-10-05T12:48:48.127664+00:00 ERROR 'ansible_navigator.actions.collections._parse' /usr/share/ansible/collections/ansible_collections/redhat/satellite/roles/content_view_publish/meta/argument_specs.yml Failed to find argument_specs.yml for role in redhat.satellite.
2026-10-05T12:48:48.127681+00:00 ERROR 'ansible_navigator.actions.collections._parse' /usr/share/ansible/collections/ansible_collections/redhat/satellite/roles/content_view_version_cleanup/meta/argument_specs.yml Failed to find argument_specs.yml for role in redhat.satellite.
2026-10-05T12:48:48.127698+00:00 ERROR 'ansible_navigator.actions.collections._parse' /usr/share/ansible/collections/ansible_collections/redhat/satellite/roles/content_views/meta/argument_specs.yml Failed to find argument_specs.yml for role in redhat.satellite.
2026-10-05T12:48:48.127715+00:00 ERROR 'ansible_navigator.actions.collections._parse' /usr/share/ansible/collections/ansible_collections/redhat/satellite/roles/convert2rhel/meta/argument_specs.yml Failed to find argument_specs.yml for role in redhat.satellite.
2026-10-05T12:48:48.127732+00:00 ERROR 'ansible_navigator.actions.collections._parse' /usr/share/ansible/collections/ansible_collections/redhat/satellite/roles/domains/meta/argument_specs.yml Failed to find argument_specs.yml for role in redhat.satellite.
2026-10-05T12:48:48.127752+00:00 ERROR 'ansible_navigator.actions.collections._parse' /usr/share/ansible/collections/ansible_collections/redhat/satellite/roles/hostgroups/meta/argument_specs.yml Failed to find argument_specs.yml for role in redhat.satellite.
2026-10-05T12:48:48.127773+00:00 ERROR 'ansible_navigator.actions.collections._parse' /usr/share/ansible/collections/ansible_collections/redhat/satellite/roles/lifecycle_environments/meta/argument_specs.yml Failed to find argument_specs.yml for role in redhat.satellite.
2026-10-05T12:48:48.127789+00:00 ERROR 'ansible_navigator.actions.collections._parse' /usr/share/ansible/collections/ansible_collections/redhat/satellite/roles/locations/meta/argument_specs.yml Failed to find argument_specs.yml for role in redhat.satellite.
2026-10-05T12:48:48.127805+00:00 ERROR 'ansible_navigator.actions.collections._parse' /usr/share/ansible/collections/ansible_collections/redhat/satellite/roles/manifest/meta/argument_specs.yml Failed to find argument_specs.yml for role in redhat.satellite.
2026-10-05T12:48:48.127822+00:00 ERROR 'ansible_navigator.actions.collections._parse' /usr/share/ansible/collections/ansible_collections/redhat/satellite/roles/operatingsystems/meta/argument_specs.yml Failed to find argument_specs.yml for role in redhat.satellite.
2026-10-05T12:48:48.127853+00:00 ERROR 'ansible_navigator.actions.collections._parse' /usr/share/ansible/collections/ansible_collections/redhat/satellite/roles/organizations/meta/argument_specs.yml Failed to find argument_specs.yml for role in redhat.satellite.
2026-10-05T12:48:48.127873+00:00 ERROR 'ansible_navigator.actions.collections._parse' /usr/share/ansible/collections/ansible_collections/redhat/satellite/roles/provisioning_templates/meta/argument_specs.yml Failed to find argument_specs.yml for role in redhat.satellite.
2026-10-05T12:48:48.127890+00:00 ERROR 'ansible_navigator.actions.collections._parse' /usr/share/ansible/collections/ansible_collections/redhat/satellite/roles/repositories/meta/argument_specs.yml Failed to find argument_specs.yml for role in redhat.satellite.
2026-10-05T12:48:48.127910+00:00 ERROR 'ansible_navigator.actions.collections._parse' /usr/share/ansible/collections/ansible_collections/redhat/satellite/roles/settings/meta/argument_specs.yml Failed to find argument_specs.yml for role in redhat.satellite.
2026-10-05T12:48:48.127928+00:00 ERROR 'ansible_navigator.actions.collections._parse' /usr/share/ansible/collections/ansible_collections/redhat/satellite/roles/subnets/meta/argument_specs.yml Failed to find argument_specs.yml for role in redhat.satellite.
2026-10-05T12:48:48.127945+00:00 ERROR 'ansible_navigator.actions.collections._parse' /usr/share/ansible/collections/ansible_collections/redhat/satellite/roles/sync_plans/meta/argument_specs.yml Failed to find argument_specs.yml for role in redhat.satellite.
2026-10-05T12:48:48.127961+00:00 ERROR 'ansible_navigator.actions.collections._parse' /usr/share/ansible/collections/ansible_collections/redhat/satellite_operations/roles/backup/meta/argument_specs.yml Failed to find argument_specs.yml for role in redhat.satellite_operations.
2026-10-05T12:48:48.127978+00:00 ERROR 'ansible_navigator.actions.collections._parse' /usr/share/ansible/collections/ansible_collections/redhat/satellite_operations/roles/backup/meta/main.yml Failed to find main.yml for role in redhat.satellite_operations.
2026-10-05T12:48:48.127994+00:00 ERROR 'ansible_navigator.actions.collections._parse' /usr/share/ansible/collections/ansible_collections/redhat/satellite_operations/roles/capsule_certs_generate/meta/argument_specs.yml Failed to find argument_specs.yml for role in redhat.satellite_operations.
2026-10-05T12:48:48.128011+00:00 ERROR 'ansible_navigator.actions.collections._parse' /usr/share/ansible/collections/ansible_collections/redhat/satellite_operations/roles/capsule_certs_generate/meta/main.yml Failed to find main.yml for role in redhat.satellite_operations.
2026-10-05T12:48:48.128028+00:00 ERROR 'ansible_navigator.actions.collections._parse' /usr/share/ansible/collections/ansible_collections/redhat/satellite_operations/roles/cloud_connector/meta/argument_specs.yml Failed to find argument_specs.yml for role in redhat.satellite_operations.
2026-10-05T12:48:48.128063+00:00 ERROR 'ansible_navigator.actions.collections._parse' /usr/share/ansible/collections/ansible_collections/redhat/satellite_operations/roles/cloud_connector/meta/main.yml Failed to find main.yml for role in redhat.satellite_operations.
2026-10-05T12:48:48.128083+00:00 ERROR 'ansible_navigator.actions.collections._parse' /usr/share/ansible/collections/ansible_collections/redhat/satellite_operations/roles/installer/meta/argument_specs.yml Failed to find argument_specs.yml for role in redhat.satellite_operations.
2026-10-05T12:48:48.128101+00:00 ERROR 'ansible_navigator.actions.collections._parse' /usr/share/ansible/collections/ansible_collections/redhat/satellite_operations/roles/installer/meta/main.yml Failed to find main.yml for role in redhat.satellite_operations.
2026-10-05T12:48:48.128118+00:00 ERROR 'ansible_navigator.actions.collections._parse' /usr/share/ansible/collections/ansible_collections/redhat/satellite_operations/roles/metrics/meta/argument_specs.yml Failed to find argument_specs.yml for role in redhat.satellite_operations.
2026-10-05T12:48:48.128135+00:00 ERROR 'ansible_navigator.actions.collections._parse' /usr/share/ansible/collections/ansible_collections/redhat/satellite_operations/roles/metrics/meta/main.yml Failed to find main.yml for role in redhat.satellite_operations.
2026-10-05T15:10:54.922208+00:00 ERROR 'ansible_navigator.actions.collections._parse' /usr/share/ansible/collections/ansible_collections/redhat/insights/roles/compliance/meta/argument_specs.yml Failed to find argument_specs.yml for role in redhat.insights.
2026-10-05T15:10:54.922837+00:00 ERROR 'ansible_navigator.actions.collections._parse' /usr/share/ansible/collections/ansible_collections/redhat/insights/roles/insights_client/meta/argument_specs.yml Failed to find argument_specs.yml for role in redhat.insights.
2026-10-05T15:10:54.922893+00:00 ERROR 'ansible_navigator.actions.collections._parse' /usr/share/ansible/collections/ansible_collections/redhat/redhat_csp_download/roles/redhat_csp_download/meta/argument_specs.yml Failed to find argument_specs.yml for role in redhat.redhat_csp_download.
2026-10-05T15:10:54.922923+00:00 ERROR 'ansible_navigator.actions.collections._parse' /usr/share/ansible/collections/ansible_collections/redhat/redhat_csp_download/roles/redhat_csp_download/meta/main.yml Failed to find main.yml for role in redhat.redhat_csp_download.
2026-10-05T15:10:54.922952+00:00 ERROR 'ansible_navigator.actions.collections._parse' /usr/share/ansible/collections/ansible_collections/redhat/rhel_idm/roles/ipabackup/meta/argument_specs.yml Failed to find argument_specs.yml for role in redhat.rhel_idm.
2026-10-05T15:10:54.922984+00:00 ERROR 'ansible_navigator.actions.collections._parse' /usr/share/ansible/collections/ansible_collections/redhat/rhel_idm/roles/ipaclient/meta/argument_specs.yml Failed to find argument_specs.yml for role in redhat.rhel_idm.
2026-10-05T15:10:54.923009+00:00 ERROR 'ansible_navigator.actions.collections._parse' /usr/share/ansible/collections/ansible_collections/redhat/rhel_idm/roles/ipareplica/meta/argument_specs.yml Failed to find argument_specs.yml for role in redhat.rhel_idm.
2026-10-05T15:10:54.923068+00:00 ERROR 'ansible_navigator.actions.collections._parse' /usr/share/ansible/collections/ansible_collections/redhat/rhel_idm/roles/ipaserver/meta/argument_specs.yml Failed to find argument_specs.yml for role in redhat.rhel_idm.
2026-10-05T15:10:54.923135+00:00 ERROR 'ansible_navigator.actions.collections._parse' /usr/share/ansible/collections/ansible_collections/redhat/rhel_idm/roles/ipasmartcard_client/meta/argument_specs.yml Failed to find argument_specs.yml for role in redhat.rhel_idm.
2026-10-05T15:10:54.923160+00:00 ERROR 'ansible_navigator.actions.collections._parse' /usr/share/ansible/collections/ansible_collections/redhat/rhel_idm/roles/ipasmartcard_server/meta/argument_specs.yml Failed to find argument_specs.yml for role in redhat.rhel_idm.
2026-10-05T15:10:54.923181+00:00 ERROR 'ansible_navigator.actions.collections._parse' /usr/share/ansible/collections/ansible_collections/redhat/rhel_system_roles/roles/ad_integration/meta/argument_specs.yml Failed to find argument_specs.yml for role in redhat.rhel_system_roles.
2026-10-05T15:10:54.923201+00:00 ERROR 'ansible_navigator.actions.collections._parse' /usr/share/ansible/collections/ansible_collections/redhat/rhel_system_roles/roles/aide/meta/argument_specs.yml Failed to find argument_specs.yml for role in redhat.rhel_system_roles.
2026-10-05T15:10:54.923220+00:00 ERROR 'ansible_navigator.actions.collections._parse' /usr/share/ansible/collections/ansible_collections/redhat/rhel_system_roles/roles/bootloader/meta/argument_specs.yml Failed to find argument_specs.yml for role in redhat.rhel_system_roles.
2026-10-05T15:10:54.923238+00:00 ERROR 'ansible_navigator.actions.collections._parse' /usr/share/ansible/collections/ansible_collections/redhat/rhel_system_roles/roles/certificate/meta/argument_specs.yml Failed to find argument_specs.yml for role in redhat.rhel_system_roles.
2026-10-05T15:10:54.923256+00:00 ERROR 'ansible_navigator.actions.collections._parse' /usr/share/ansible/collections/ansible_collections/redhat/rhel_system_roles/roles/cockpit/meta/argument_specs.yml Failed to find argument_specs.yml for role in redhat.rhel_system_roles.
2026-10-05T15:10:54.923287+00:00 ERROR 'ansible_navigator.actions.collections._parse' /usr/share/ansible/collections/ansible_collections/redhat/rhel_system_roles/roles/crypto_policies/meta/argument_specs.yml Failed to find argument_specs.yml for role in redhat.rhel_system_roles.
2026-10-05T15:10:54.923305+00:00 ERROR 'ansible_navigator.actions.collections._parse' /usr/share/ansible/collections/ansible_collections/redhat/rhel_system_roles/roles/fapolicyd/meta/argument_specs.yml Failed to find argument_specs.yml for role in redhat.rhel_system_roles.
2026-10-05T15:10:54.923322+00:00 ERROR 'ansible_navigator.actions.collections._parse' /usr/share/ansible/collections/ansible_collections/redhat/rhel_system_roles/roles/firewall/meta/argument_specs.yml Failed to find argument_specs.yml for role in redhat.rhel_system_roles.
2026-10-05T15:10:54.923340+00:00 ERROR 'ansible_navigator.actions.collections._parse' /usr/share/ansible/collections/ansible_collections/redhat/rhel_system_roles/roles/ha_cluster/meta/argument_specs.yml Failed to find argument_specs.yml for role in redhat.rhel_system_roles.
2026-10-05T15:10:54.923357+00:00 ERROR 'ansible_navigator.actions.collections._parse' /usr/share/ansible/collections/ansible_collections/redhat/rhel_system_roles/roles/journald/meta/argument_specs.yml Failed to find argument_specs.yml for role in redhat.rhel_system_roles.
2026-10-05T15:10:54.923374+00:00 ERROR 'ansible_navigator.actions.collections._parse' /usr/share/ansible/collections/ansible_collections/redhat/rhel_system_roles/roles/kdump/meta/argument_specs.yml Failed to find argument_specs.yml for role in redhat.rhel_system_roles.
2026-10-05T15:10:54.923393+00:00 ERROR 'ansible_navigator.actions.collections._parse' /usr/share/ansible/collections/ansible_collections/redhat/rhel_system_roles/roles/kernel_settings/meta/argument_specs.yml Failed to find argument_specs.yml for role in redhat.rhel_system_roles.
2026-10-05T15:10:54.923412+00:00 ERROR 'ansible_navigator.actions.collections._parse' /usr/share/ansible/collections/ansible_collections/redhat/rhel_system_roles/roles/keylime_server/meta/argument_specs.yml Failed to find argument_specs.yml for role in redhat.rhel_system_roles.
2026-10-05T15:10:54.923429+00:00 ERROR 'ansible_navigator.actions.collections._parse' /usr/share/ansible/collections/ansible_collections/redhat/rhel_system_roles/roles/logging/meta/argument_specs.yml Failed to find argument_specs.yml for role in redhat.rhel_system_roles.
2026-10-05T15:10:54.923446+00:00 ERROR 'ansible_navigator.actions.collections._parse' /usr/share/ansible/collections/ansible_collections/redhat/rhel_system_roles/roles/metrics/meta/argument_specs.yml Failed to find argument_specs.yml for role in redhat.rhel_system_roles.
2026-10-05T15:10:54.923462+00:00 ERROR 'ansible_navigator.actions.collections._parse' /usr/share/ansible/collections/ansible_collections/redhat/rhel_system_roles/roles/nbde_client/meta/argument_specs.yml Failed to find argument_specs.yml for role in redhat.rhel_system_roles.
2026-10-05T15:10:54.923481+00:00 ERROR 'ansible_navigator.actions.collections._parse' /usr/share/ansible/collections/ansible_collections/redhat/rhel_system_roles/roles/nbde_server/meta/argument_specs.yml Failed to find argument_specs.yml for role in redhat.rhel_system_roles.
2026-10-05T15:10:54.923498+00:00 ERROR 'ansible_navigator.actions.collections._parse' /usr/share/ansible/collections/ansible_collections/redhat/rhel_system_roles/roles/network/meta/argument_specs.yml Failed to find argument_specs.yml for role in redhat.rhel_system_roles.
2026-10-05T15:10:54.923514+00:00 ERROR 'ansible_navigator.actions.collections._parse' /usr/share/ansible/collections/ansible_collections/redhat/rhel_system_roles/roles/podman/meta/argument_specs.yml Failed to find argument_specs.yml for role in redhat.rhel_system_roles.
2026-10-05T15:10:54.923531+00:00 ERROR 'ansible_navigator.actions.collections._parse' /usr/share/ansible/collections/ansible_collections/redhat/rhel_system_roles/roles/postfix/meta/argument_specs.yml Failed to find argument_specs.yml for role in redhat.rhel_system_roles.
2026-10-05T15:10:54.923553+00:00 ERROR 'ansible_navigator.actions.collections._parse' /usr/share/ansible/collections/ansible_collections/redhat/rhel_system_roles/roles/postgresql/meta/argument_specs.yml Failed to find argument_specs.yml for role in redhat.rhel_system_roles.
2026-10-05T15:10:54.923572+00:00 ERROR 'ansible_navigator.actions.collections._parse' /usr/share/ansible/collections/ansible_collections/redhat/rhel_system_roles/roles/private_logging_subrole_rsyslog/meta/argument_specs.yml Failed to find argument_specs.yml for role in redhat.rhel_system_roles.
2026-10-05T15:10:54.923600+00:00 ERROR 'ansible_navigator.actions.collections._parse' /usr/share/ansible/collections/ansible_collections/redhat/rhel_system_roles/roles/private_metrics_subrole_bpftrace/meta/argument_specs.yml Failed to find argument_specs.yml for role in redhat.rhel_system_roles.
2026-10-05T15:10:54.923618+00:00 ERROR 'ansible_navigator.actions.collections._parse' /usr/share/ansible/collections/ansible_collections/redhat/rhel_system_roles/roles/private_metrics_subrole_elasticsearch/meta/argument_specs.yml Failed to find argument_specs.yml for role in redhat.rhel_system_roles.
2026-10-05T15:10:54.923635+00:00 ERROR 'ansible_navigator.actions.collections._parse' /usr/share/ansible/collections/ansible_collections/redhat/rhel_system_roles/roles/private_metrics_subrole_grafana/meta/argument_specs.yml Failed to find argument_specs.yml for role in redhat.rhel_system_roles.
2026-10-05T15:10:54.923654+00:00 ERROR 'ansible_navigator.actions.collections._parse' /usr/share/ansible/collections/ansible_collections/redhat/rhel_system_roles/roles/private_metrics_subrole_keyserver/meta/argument_specs.yml Failed to find argument_specs.yml for role in redhat.rhel_system_roles.
2026-10-05T15:10:54.923671+00:00 ERROR 'ansible_navigator.actions.collections._parse' /usr/share/ansible/collections/ansible_collections/redhat/rhel_system_roles/roles/private_metrics_subrole_mssql/meta/argument_specs.yml Failed to find argument_specs.yml for role in redhat.rhel_system_roles.
2026-10-05T15:10:54.923687+00:00 ERROR 'ansible_navigator.actions.collections._parse' /usr/share/ansible/collections/ansible_collections/redhat/rhel_system_roles/roles/private_metrics_subrole_pcp/meta/argument_specs.yml Failed to find argument_specs.yml for role in redhat.rhel_system_roles.
2026-10-05T15:10:54.923704+00:00 ERROR 'ansible_navigator.actions.collections._parse' /usr/share/ansible/collections/ansible_collections/redhat/rhel_system_roles/roles/private_metrics_subrole_postfix/meta/argument_specs.yml Failed to find argument_specs.yml for role in redhat.rhel_system_roles.
2026-10-05T15:10:54.923720+00:00 ERROR 'ansible_navigator.actions.collections._parse' /usr/share/ansible/collections/ansible_collections/redhat/rhel_system_roles/roles/private_metrics_subrole_repository/meta/argument_specs.yml Failed to find argument_specs.yml for role in redhat.rhel_system_roles.
2026-10-05T15:10:54.923737+00:00 ERROR 'ansible_navigator.actions.collections._parse' /usr/share/ansible/collections/ansible_collections/redhat/rhel_system_roles/roles/private_metrics_subrole_spark/meta/argument_specs.yml Failed to find argument_specs.yml for role in redhat.rhel_system_roles.
2026-10-05T15:10:54.923753+00:00 ERROR 'ansible_navigator.actions.collections._parse' /usr/share/ansible/collections/ansible_collections/redhat/rhel_system_roles/roles/rhc/meta/argument_specs.yml Failed to find argument_specs.yml for role in redhat.rhel_system_roles.
2026-10-05T15:10:54.923770+00:00 ERROR 'ansible_navigator.actions.collections._parse' /usr/share/ansible/collections/ansible_collections/redhat/rhel_system_roles/roles/selinux/meta/argument_specs.yml Failed to find argument_specs.yml for role in redhat.rhel_system_roles.
2026-10-05T15:10:54.923787+00:00 ERROR 'ansible_navigator.actions.collections._parse' /usr/share/ansible/collections/ansible_collections/redhat/rhel_system_roles/roles/snapshot/meta/argument_specs.yml Failed to find argument_specs.yml for role in redhat.rhel_system_roles.
2026-10-05T15:10:54.923805+00:00 ERROR 'ansible_navigator.actions.collections._parse' /usr/share/ansible/collections/ansible_collections/redhat/rhel_system_roles/roles/ssh/meta/argument_specs.yml Failed to find argument_specs.yml for role in redhat.rhel_system_roles.
2026-10-05T15:10:54.923823+00:00 ERROR 'ansible_navigator.actions.collections._parse' /usr/share/ansible/collections/ansible_collections/redhat/rhel_system_roles/roles/sshd/meta/argument_specs.yml Failed to find argument_specs.yml for role in redhat.rhel_system_roles.
2026-10-05T15:10:54.923839+00:00 ERROR 'ansible_navigator.actions.collections._parse' /usr/share/ansible/collections/ansible_collections/redhat/rhel_system_roles/roles/storage/meta/argument_specs.yml Failed to find argument_specs.yml for role in redhat.rhel_system_roles.
2026-10-05T15:10:54.923856+00:00 ERROR 'ansible_navigator.actions.collections._parse' /usr/share/ansible/collections/ansible_collections/redhat/rhel_system_roles/roles/sudo/meta/argument_specs.yml Failed to find argument_specs.yml for role in redhat.rhel_system_roles.
2026-10-05T15:10:54.923872+00:00 ERROR 'ansible_navigator.actions.collections._parse' /usr/share/ansible/collections/ansible_collections/redhat/rhel_system_roles/roles/systemd/meta/argument_specs.yml Failed to find argument_specs.yml for role in redhat.rhel_system_roles.
2026-10-05T15:10:54.923889+00:00 ERROR 'ansible_navigator.actions.collections._parse' /usr/share/ansible/collections/ansible_collections/redhat/rhel_system_roles/roles/timesync/meta/argument_specs.yml Failed to find argument_specs.yml for role in redhat.rhel_system_roles.
2026-10-05T15:10:54.923906+00:00 ERROR 'ansible_navigator.actions.collections._parse' /usr/share/ansible/collections/ansible_collections/redhat/rhel_system_roles/roles/tlog/meta/argument_specs.yml Failed to find argument_specs.yml for role in redhat.rhel_system_roles.
2026-10-05T15:10:54.923923+00:00 ERROR 'ansible_navigator.actions.collections._parse' /usr/share/ansible/collections/ansible_collections/redhat/rhel_system_roles/roles/vpn/meta/argument_specs.yml Failed to find argument_specs.yml for role in redhat.rhel_system_roles.
2026-10-05T15:10:54.923939+00:00 ERROR 'ansible_navigator.actions.collections._parse' /usr/share/ansible/collections/ansible_collections/redhat/rhv/roles/cluster_upgrade/meta/argument_specs.yml Failed to find argument_specs.yml for role in redhat.rhv.
2026-10-05T15:10:54.923955+00:00 ERROR 'ansible_navigator.actions.collections._parse' /usr/share/ansible/collections/ansible_collections/redhat/rhv/roles/cluster_upgrade/meta/main.yml Failed to find main.yml for role in redhat.rhv.
2026-10-05T15:10:54.923974+00:00 ERROR 'ansible_navigator.actions.collections._parse' /usr/share/ansible/collections/ansible_collections/redhat/rhv/roles/disaster_recovery/meta/argument_specs.yml Failed to find argument_specs.yml for role in redhat.rhv.
2026-10-05T15:10:54.923990+00:00 ERROR 'ansible_navigator.actions.collections._parse' /usr/share/ansible/collections/ansible_collections/redhat/rhv/roles/disaster_recovery/meta/main.yml Failed to find main.yml for role in redhat.rhv.
2026-10-05T15:10:54.924007+00:00 ERROR 'ansible_navigator.actions.collections._parse' /usr/share/ansible/collections/ansible_collections/redhat/rhv/roles/engine_setup/meta/argument_specs.yml Failed to find argument_specs.yml for role in redhat.rhv.
2026-10-05T15:10:54.924024+00:00 ERROR 'ansible_navigator.actions.collections._parse' /usr/share/ansible/collections/ansible_collections/redhat/rhv/roles/engine_setup/meta/main.yml Failed to find main.yml for role in redhat.rhv.
2026-10-05T15:10:54.924049+00:00 ERROR 'ansible_navigator.actions.collections._parse' /usr/share/ansible/collections/ansible_collections/redhat/rhv/roles/hosted_engine_setup/meta/argument_specs.yml Failed to find argument_specs.yml for role in redhat.rhv.
2026-10-05T15:10:54.924071+00:00 ERROR 'ansible_navigator.actions.collections._parse' /usr/share/ansible/collections/ansible_collections/redhat/rhv/roles/hosted_engine_setup/meta/main.yml Failed to find main.yml for role in redhat.rhv.
2026-10-05T15:10:54.924097+00:00 ERROR 'ansible_navigator.actions.collections._parse' /usr/share/ansible/collections/ansible_collections/redhat/rhv/roles/image_template/meta/argument_specs.yml Failed to find argument_specs.yml for role in redhat.rhv.
2026-10-05T15:10:54.924114+00:00 ERROR 'ansible_navigator.actions.collections._parse' /usr/share/ansible/collections/ansible_collections/redhat/rhv/roles/image_template/meta/main.yml Failed to find main.yml for role in redhat.rhv.
2026-10-05T15:10:54.924131+00:00 ERROR 'ansible_navigator.actions.collections._parse' /usr/share/ansible/collections/ansible_collections/redhat/rhv/roles/infra/meta/argument_specs.yml Failed to find argument_specs.yml for role in redhat.rhv.
2026-10-05T15:10:54.924148+00:00 ERROR 'ansible_navigator.actions.collections._parse' /usr/share/ansible/collections/ansible_collections/redhat/rhv/roles/infra/meta/main.yml Failed to find main.yml for role in redhat.rhv.
2026-10-05T15:10:54.924165+00:00 ERROR 'ansible_navigator.actions.collections._parse' /usr/share/ansible/collections/ansible_collections/redhat/rhv/roles/remove_stale_lun/meta/argument_specs.yml Failed to find argument_specs.yml for role in redhat.rhv.
2026-10-05T15:10:54.924182+00:00 ERROR 'ansible_navigator.actions.collections._parse' /usr/share/ansible/collections/ansible_collections/redhat/rhv/roles/remove_stale_lun/meta/main.yml Failed to find main.yml for role in redhat.rhv.
2026-10-05T15:10:54.924199+00:00 ERROR 'ansible_navigator.actions.collections._parse' /usr/share/ansible/collections/ansible_collections/redhat/rhv/roles/repositories/meta/argument_specs.yml Failed to find argument_specs.yml for role in redhat.rhv.
2026-10-05T15:10:54.924215+00:00 ERROR 'ansible_navigator.actions.collections._parse' /usr/share/ansible/collections/ansible_collections/redhat/rhv/roles/repositories/meta/main.yml Failed to find main.yml for role in redhat.rhv.
2026-10-05T15:10:54.924231+00:00 ERROR 'ansible_navigator.actions.collections._parse' /usr/share/ansible/collections/ansible_collections/redhat/rhv/roles/shutdown_env/meta/argument_specs.yml Failed to find argument_specs.yml for role in redhat.rhv.
2026-10-05T15:10:54.924247+00:00 ERROR 'ansible_navigator.actions.collections._parse' /usr/share/ansible/collections/ansible_collections/redhat/rhv/roles/shutdown_env/meta/main.yml Failed to find main.yml for role in redhat.rhv.
2026-10-05T15:10:54.924263+00:00 ERROR 'ansible_navigator.actions.collections._parse' /usr/share/ansible/collections/ansible_collections/redhat/rhv/roles/vm_infra/meta/argument_specs.yml Failed to find argument_specs.yml for role in redhat.rhv.
2026-10-05T15:10:54.924279+00:00 ERROR 'ansible_navigator.actions.collections._parse' /usr/share/ansible/collections/ansible_collections/redhat/rhv/roles/vm_infra/meta/main.yml Failed to find main.yml for role in redhat.rhv.
2026-10-05T15:10:54.924295+00:00 ERROR 'ansible_navigator.actions.collections._parse' /usr/share/ansible/collections/ansible_collections/redhat/sap_install/roles/sap_ha_install_hana_hsr/meta/argument_specs.yml Failed to find argument_specs.yml for role in redhat.sap_install.
2026-10-05T15:10:54.924312+00:00 ERROR 'ansible_navigator.actions.collections._parse' /usr/share/ansible/collections/ansible_collections/redhat/sap_install/roles/sap_swpm/meta/argument_specs.yml Failed to find argument_specs.yml for role in redhat.sap_install.
2026-10-05T15:10:54.924328+00:00 ERROR 'ansible_navigator.actions.collections._parse' /usr/share/ansible/collections/ansible_collections/redhat/satellite/roles/activation_keys/meta/argument_specs.yml Failed to find argument_specs.yml for role in redhat.satellite.
2026-10-05T15:10:54.924344+00:00 ERROR 'ansible_navigator.actions.collections._parse' /usr/share/ansible/collections/ansible_collections/redhat/satellite/roles/auth_sources_ldap/meta/argument_specs.yml Failed to find argument_specs.yml for role in redhat.satellite.
2026-10-05T15:10:54.924361+00:00 ERROR 'ansible_navigator.actions.collections._parse' /usr/share/ansible/collections/ansible_collections/redhat/satellite/roles/compute_profiles/meta/argument_specs.yml Failed to find argument_specs.yml for role in redhat.satellite.
2026-10-05T15:10:54.924379+00:00 ERROR 'ansible_navigator.actions.collections._parse' /usr/share/ansible/collections/ansible_collections/redhat/satellite/roles/compute_resources/meta/argument_specs.yml Failed to find argument_specs.yml for role in redhat.satellite.
2026-10-05T15:10:54.924395+00:00 ERROR 'ansible_navigator.actions.collections._parse' /usr/share/ansible/collections/ansible_collections/redhat/satellite/roles/content_credentials/meta/argument_specs.yml Failed to find argument_specs.yml for role in redhat.satellite.
2026-10-05T15:10:54.924411+00:00 ERROR 'ansible_navigator.actions.collections._parse' /usr/share/ansible/collections/ansible_collections/redhat/satellite/roles/content_rhel/meta/argument_specs.yml Failed to find argument_specs.yml for role in redhat.satellite.
2026-10-05T15:10:54.924427+00:00 ERROR 'ansible_navigator.actions.collections._parse' /usr/share/ansible/collections/ansible_collections/redhat/satellite/roles/content_view_publish/meta/argument_specs.yml Failed to find argument_specs.yml for role in redhat.satellite.
2026-10-05T15:10:54.924442+00:00 ERROR 'ansible_navigator.actions.collections._parse' /usr/share/ansible/collections/ansible_collections/redhat/satellite/roles/content_view_version_cleanup/meta/argument_specs.yml Failed to find argument_specs.yml for role in redhat.satellite.
2026-10-05T15:10:54.924459+00:00 ERROR 'ansible_navigator.actions.collections._parse' /usr/share/ansible/collections/ansible_collections/redhat/satellite/roles/content_views/meta/argument_specs.yml Failed to find argument_specs.yml for role in redhat.satellite.
2026-10-05T15:10:54.924474+00:00 ERROR 'ansible_navigator.actions.collections._parse' /usr/share/ansible/collections/ansible_collections/redhat/satellite/roles/convert2rhel/meta/argument_specs.yml Failed to find argument_specs.yml for role in redhat.satellite.
2026-10-05T15:10:54.924490+00:00 ERROR 'ansible_navigator.actions.collections._parse' /usr/share/ansible/collections/ansible_collections/redhat/satellite/roles/domains/meta/argument_specs.yml Failed to find argument_specs.yml for role in redhat.satellite.
2026-10-05T15:10:54.924506+00:00 ERROR 'ansible_navigator.actions.collections._parse' /usr/share/ansible/collections/ansible_collections/redhat/satellite/roles/hostgroups/meta/argument_specs.yml Failed to find argument_specs.yml for role in redhat.satellite.
2026-10-05T15:10:54.924522+00:00 ERROR 'ansible_navigator.actions.collections._parse' /usr/share/ansible/collections/ansible_collections/redhat/satellite/roles/lifecycle_environments/meta/argument_specs.yml Failed to find argument_specs.yml for role in redhat.satellite.
2026-10-05T15:10:54.924538+00:00 ERROR 'ansible_navigator.actions.collections._parse' /usr/share/ansible/collections/ansible_collections/redhat/satellite/roles/locations/meta/argument_specs.yml Failed to find argument_specs.yml for role in redhat.satellite.
2026-10-05T15:10:54.924555+00:00 ERROR 'ansible_navigator.actions.collections._parse' /usr/share/ansible/collections/ansible_collections/redhat/satellite/roles/manifest/meta/argument_specs.yml Failed to find argument_specs.yml for role in redhat.satellite.
2026-10-05T15:10:54.924571+00:00 ERROR 'ansible_navigator.actions.collections._parse' /usr/share/ansible/collections/ansible_collections/redhat/satellite/roles/operatingsystems/meta/argument_specs.yml Failed to find argument_specs.yml for role in redhat.satellite.
2026-10-05T15:10:54.924587+00:00 ERROR 'ansible_navigator.actions.collections._parse' /usr/share/ansible/collections/ansible_collections/redhat/satellite/roles/organizations/meta/argument_specs.yml Failed to find argument_specs.yml for role in redhat.satellite.
2026-10-05T15:10:54.924602+00:00 ERROR 'ansible_navigator.actions.collections._parse' /usr/share/ansible/collections/ansible_collections/redhat/satellite/roles/provisioning_templates/meta/argument_specs.yml Failed to find argument_specs.yml for role in redhat.satellite.
2026-10-05T15:10:54.924621+00:00 ERROR 'ansible_navigator.actions.collections._parse' /usr/share/ansible/collections/ansible_collections/redhat/satellite/roles/repositories/meta/argument_specs.yml Failed to find argument_specs.yml for role in redhat.satellite.
2026-10-05T15:10:54.924637+00:00 ERROR 'ansible_navigator.actions.collections._parse' /usr/share/ansible/collections/ansible_collections/redhat/satellite/roles/settings/meta/argument_specs.yml Failed to find argument_specs.yml for role in redhat.satellite.
2026-10-05T15:10:54.924653+00:00 ERROR 'ansible_navigator.actions.collections._parse' /usr/share/ansible/collections/ansible_collections/redhat/satellite/roles/subnets/meta/argument_specs.yml Failed to find argument_specs.yml for role in redhat.satellite.
2026-10-05T15:10:54.924669+00:00 ERROR 'ansible_navigator.actions.collections._parse' /usr/share/ansible/collections/ansible_collections/redhat/satellite/roles/sync_plans/meta/argument_specs.yml Failed to find argument_specs.yml for role in redhat.satellite.
2026-10-05T15:10:54.924685+00:00 ERROR 'ansible_navigator.actions.collections._parse' /usr/share/ansible/collections/ansible_collections/redhat/satellite_operations/roles/backup/meta/argument_specs.yml Failed to find argument_specs.yml for role in redhat.satellite_operations.
2026-10-05T15:10:54.924701+00:00 ERROR 'ansible_navigator.actions.collections._parse' /usr/share/ansible/collections/ansible_collections/redhat/satellite_operations/roles/backup/meta/main.yml Failed to find main.yml for role in redhat.satellite_operations.
2026-10-05T15:10:54.924717+00:00 ERROR 'ansible_navigator.actions.collections._parse' /usr/share/ansible/collections/ansible_collections/redhat/satellite_operations/roles/capsule_certs_generate/meta/argument_specs.yml Failed to find argument_specs.yml for role in redhat.satellite_operations.
2026-10-05T15:10:54.924733+00:00 ERROR 'ansible_navigator.actions.collections._parse' /usr/share/ansible/collections/ansible_collections/redhat/satellite_operations/roles/capsule_certs_generate/meta/main.yml Failed to find main.yml for role in redhat.satellite_operations.
2026-10-05T15:10:54.924749+00:00 ERROR 'ansible_navigator.actions.collections._parse' /usr/share/ansible/collections/ansible_collections/redhat/satellite_operations/roles/cloud_connector/meta/argument_specs.yml Failed to find argument_specs.yml for role in redhat.satellite_operations.
2026-10-05T15:10:54.924765+00:00 ERROR 'ansible_navigator.actions.collections._parse' /usr/share/ansible/collections/ansible_collections/redhat/satellite_operations/roles/cloud_connector/meta/main.yml Failed to find main.yml for role in redhat.satellite_operations.
2026-10-05T15:10:54.924781+00:00 ERROR 'ansible_navigator.actions.collections._parse' /usr/share/ansible/collections/ansible_collections/redhat/satellite_operations/roles/installer/meta/argument_specs.yml Failed to find argument_specs.yml for role in redhat.satellite_operations.
2026-10-05T15:10:54.924797+00:00 ERROR 'ansible_navigator.actions.collections._parse' /usr/share/ansible/collections/ansible_collections/redhat/satellite_operations/roles/installer/meta/main.yml Failed to find main.yml for role in redhat.satellite_operations.
2026-10-05T15:10:54.924813+00:00 ERROR 'ansible_navigator.actions.collections._parse' /usr/share/ansible/collections/ansible_collections/redhat/satellite_operations/roles/metrics/meta/argument_specs.yml Failed to find argument_specs.yml for role in redhat.satellite_operations.
2026-10-05T15:10:54.924829+00:00 ERROR 'ansible_navigator.actions.collections._parse' /usr/share/ansible/collections/ansible_collections/redhat/satellite_operations/roles/metrics/meta/main.yml Failed to find main.yml for role in redhat.satellite_operations.
2026-10-05T15:11:46.734138+00:00 ERROR 'ansible_navigator.actions.collections._parse' /usr/share/ansible/collections/ansible_collections/redhat/insights/roles/compliance/meta/argument_specs.yml Failed to find argument_specs.yml for role in redhat.insights.
2026-10-05T15:11:46.734911+00:00 ERROR 'ansible_navigator.actions.collections._parse' /usr/share/ansible/collections/ansible_collections/redhat/insights/roles/insights_client/meta/argument_specs.yml Failed to find argument_specs.yml for role in redhat.insights.
2026-10-05T15:11:46.734990+00:00 ERROR 'ansible_navigator.actions.collections._parse' /usr/share/ansible/collections/ansible_collections/redhat/redhat_csp_download/roles/redhat_csp_download/meta/argument_specs.yml Failed to find argument_specs.yml for role in redhat.redhat_csp_download.
2026-10-05T15:11:46.735021+00:00 ERROR 'ansible_navigator.actions.collections._parse' /usr/share/ansible/collections/ansible_collections/redhat/redhat_csp_download/roles/redhat_csp_download/meta/main.yml Failed to find main.yml for role in redhat.redhat_csp_download.
2026-10-05T15:11:46.735079+00:00 ERROR 'ansible_navigator.actions.collections._parse' /usr/share/ansible/collections/ansible_collections/redhat/rhel_idm/roles/ipabackup/meta/argument_specs.yml Failed to find argument_specs.yml for role in redhat.rhel_idm.
2026-10-05T15:11:46.735127+00:00 ERROR 'ansible_navigator.actions.collections._parse' /usr/share/ansible/collections/ansible_collections/redhat/rhel_idm/roles/ipaclient/meta/argument_specs.yml Failed to find argument_specs.yml for role in redhat.rhel_idm.
2026-10-05T15:11:46.735182+00:00 ERROR 'ansible_navigator.actions.collections._parse' /usr/share/ansible/collections/ansible_collections/redhat/rhel_idm/roles/ipareplica/meta/argument_specs.yml Failed to find argument_specs.yml for role in redhat.rhel_idm.
2026-10-05T15:11:46.735245+00:00 ERROR 'ansible_navigator.actions.collections._parse' /usr/share/ansible/collections/ansible_collections/redhat/rhel_idm/roles/ipaserver/meta/argument_specs.yml Failed to find argument_specs.yml for role in redhat.rhel_idm.
2026-10-05T15:11:46.735321+00:00 ERROR 'ansible_navigator.actions.collections._parse' /usr/share/ansible/collections/ansible_collections/redhat/rhel_idm/roles/ipasmartcard_client/meta/argument_specs.yml Failed to find argument_specs.yml for role in redhat.rhel_idm.
2026-10-05T15:11:46.735368+00:00 ERROR 'ansible_navigator.actions.collections._parse' /usr/share/ansible/collections/ansible_collections/redhat/rhel_idm/roles/ipasmartcard_server/meta/argument_specs.yml Failed to find argument_specs.yml for role in redhat.rhel_idm.
2026-10-05T15:11:46.735408+00:00 ERROR 'ansible_navigator.actions.collections._parse' /usr/share/ansible/collections/ansible_collections/redhat/rhel_system_roles/roles/ad_integration/meta/argument_specs.yml Failed to find argument_specs.yml for role in redhat.rhel_system_roles.
2026-10-05T15:11:46.735445+00:00 ERROR 'ansible_navigator.actions.collections._parse' /usr/share/ansible/collections/ansible_collections/redhat/rhel_system_roles/roles/aide/meta/argument_specs.yml Failed to find argument_specs.yml for role in redhat.rhel_system_roles.
2026-10-05T15:11:46.735477+00:00 ERROR 'ansible_navigator.actions.collections._parse' /usr/share/ansible/collections/ansible_collections/redhat/rhel_system_roles/roles/bootloader/meta/argument_specs.yml Failed to find argument_specs.yml for role in redhat.rhel_system_roles.
2026-10-05T15:11:46.735505+00:00 ERROR 'ansible_navigator.actions.collections._parse' /usr/share/ansible/collections/ansible_collections/redhat/rhel_system_roles/roles/certificate/meta/argument_specs.yml Failed to find argument_specs.yml for role in redhat.rhel_system_roles.
2026-10-05T15:11:46.735532+00:00 ERROR 'ansible_navigator.actions.collections._parse' /usr/share/ansible/collections/ansible_collections/redhat/rhel_system_roles/roles/cockpit/meta/argument_specs.yml Failed to find argument_specs.yml for role in redhat.rhel_system_roles.
2026-10-05T15:11:46.735560+00:00 ERROR 'ansible_navigator.actions.collections._parse' /usr/share/ansible/collections/ansible_collections/redhat/rhel_system_roles/roles/crypto_policies/meta/argument_specs.yml Failed to find argument_specs.yml for role in redhat.rhel_system_roles.
2026-10-05T15:11:46.735587+00:00 ERROR 'ansible_navigator.actions.collections._parse' /usr/share/ansible/collections/ansible_collections/redhat/rhel_system_roles/roles/fapolicyd/meta/argument_specs.yml Failed to find argument_specs.yml for role in redhat.rhel_system_roles.
2026-10-05T15:11:46.735626+00:00 ERROR 'ansible_navigator.actions.collections._parse' /usr/share/ansible/collections/ansible_collections/redhat/rhel_system_roles/roles/firewall/meta/argument_specs.yml Failed to find argument_specs.yml for role in redhat.rhel_system_roles.
2026-10-05T15:11:46.735671+00:00 ERROR 'ansible_navigator.actions.collections._parse' /usr/share/ansible/collections/ansible_collections/redhat/rhel_system_roles/roles/ha_cluster/meta/argument_specs.yml Failed to find argument_specs.yml for role in redhat.rhel_system_roles.
2026-10-05T15:11:46.735706+00:00 ERROR 'ansible_navigator.actions.collections._parse' /usr/share/ansible/collections/ansible_collections/redhat/rhel_system_roles/roles/journald/meta/argument_specs.yml Failed to find argument_specs.yml for role in redhat.rhel_system_roles.
2026-10-05T15:11:46.735747+00:00 ERROR 'ansible_navigator.actions.collections._parse' /usr/share/ansible/collections/ansible_collections/redhat/rhel_system_roles/roles/kdump/meta/argument_specs.yml Failed to find argument_specs.yml for role in redhat.rhel_system_roles.
2026-10-05T15:11:46.735796+00:00 ERROR 'ansible_navigator.actions.collections._parse' /usr/share/ansible/collections/ansible_collections/redhat/rhel_system_roles/roles/kernel_settings/meta/argument_specs.yml Failed to find argument_specs.yml for role in redhat.rhel_system_roles.
2026-10-05T15:11:46.735841+00:00 ERROR 'ansible_navigator.actions.collections._parse' /usr/share/ansible/collections/ansible_collections/redhat/rhel_system_roles/roles/keylime_server/meta/argument_specs.yml Failed to find argument_specs.yml for role in redhat.rhel_system_roles.
2026-10-05T15:11:46.735883+00:00 ERROR 'ansible_navigator.actions.collections._parse' /usr/share/ansible/collections/ansible_collections/redhat/rhel_system_roles/roles/logging/meta/argument_specs.yml Failed to find argument_specs.yml for role in redhat.rhel_system_roles.
2026-10-05T15:11:46.735924+00:00 ERROR 'ansible_navigator.actions.collections._parse' /usr/share/ansible/collections/ansible_collections/redhat/rhel_system_roles/roles/metrics/meta/argument_specs.yml Failed to find argument_specs.yml for role in redhat.rhel_system_roles.
2026-10-05T15:11:46.735957+00:00 ERROR 'ansible_navigator.actions.collections._parse' /usr/share/ansible/collections/ansible_collections/redhat/rhel_system_roles/roles/nbde_client/meta/argument_specs.yml Failed to find argument_specs.yml for role in redhat.rhel_system_roles.
2026-10-05T15:11:46.735996+00:00 ERROR 'ansible_navigator.actions.collections._parse' /usr/share/ansible/collections/ansible_collections/redhat/rhel_system_roles/roles/nbde_server/meta/argument_specs.yml Failed to find argument_specs.yml for role in redhat.rhel_system_roles.
2026-10-05T15:11:46.736036+00:00 ERROR 'ansible_navigator.actions.collections._parse' /usr/share/ansible/collections/ansible_collections/redhat/rhel_system_roles/roles/network/meta/argument_specs.yml Failed to find argument_specs.yml for role in redhat.rhel_system_roles.
2026-10-05T15:11:46.736125+00:00 ERROR 'ansible_navigator.actions.collections._parse' /usr/share/ansible/collections/ansible_collections/redhat/rhel_system_roles/roles/podman/meta/argument_specs.yml Failed to find argument_specs.yml for role in redhat.rhel_system_roles.
2026-10-05T15:11:46.736176+00:00 ERROR 'ansible_navigator.actions.collections._parse' /usr/share/ansible/collections/ansible_collections/redhat/rhel_system_roles/roles/postfix/meta/argument_specs.yml Failed to find argument_specs.yml for role in redhat.rhel_system_roles.
2026-10-05T15:11:46.736217+00:00 ERROR 'ansible_navigator.actions.collections._parse' /usr/share/ansible/collections/ansible_collections/redhat/rhel_system_roles/roles/postgresql/meta/argument_specs.yml Failed to find argument_specs.yml for role in redhat.rhel_system_roles.
2026-10-05T15:11:46.736240+00:00 ERROR 'ansible_navigator.actions.collections._parse' /usr/share/ansible/collections/ansible_collections/redhat/rhel_system_roles/roles/private_logging_subrole_rsyslog/meta/argument_specs.yml Failed to find argument_specs.yml for role in redhat.rhel_system_roles.
2026-10-05T15:11:46.736265+00:00 ERROR 'ansible_navigator.actions.collections._parse' /usr/share/ansible/collections/ansible_collections/redhat/rhel_system_roles/roles/private_metrics_subrole_bpftrace/meta/argument_specs.yml Failed to find argument_specs.yml for role in redhat.rhel_system_roles.
2026-10-05T15:11:46.736285+00:00 ERROR 'ansible_navigator.actions.collections._parse' /usr/share/ansible/collections/ansible_collections/redhat/rhel_system_roles/roles/private_metrics_subrole_elasticsearch/meta/argument_specs.yml Failed to find argument_specs.yml for role in redhat.rhel_system_roles.
2026-10-05T15:11:46.736310+00:00 ERROR 'ansible_navigator.actions.collections._parse' /usr/share/ansible/collections/ansible_collections/redhat/rhel_system_roles/roles/private_metrics_subrole_grafana/meta/argument_specs.yml Failed to find argument_specs.yml for role in redhat.rhel_system_roles.
2026-10-05T15:11:46.736332+00:00 ERROR 'ansible_navigator.actions.collections._parse' /usr/share/ansible/collections/ansible_collections/redhat/rhel_system_roles/roles/private_metrics_subrole_keyserver/meta/argument_specs.yml Failed to find argument_specs.yml for role in redhat.rhel_system_roles.
2026-10-05T15:11:46.736350+00:00 ERROR 'ansible_navigator.actions.collections._parse' /usr/share/ansible/collections/ansible_collections/redhat/rhel_system_roles/roles/private_metrics_subrole_mssql/meta/argument_specs.yml Failed to find argument_specs.yml for role in redhat.rhel_system_roles.
2026-10-05T15:11:46.736384+00:00 ERROR 'ansible_navigator.actions.collections._parse' /usr/share/ansible/collections/ansible_collections/redhat/rhel_system_roles/roles/private_metrics_subrole_pcp/meta/argument_specs.yml Failed to find argument_specs.yml for role in redhat.rhel_system_roles.
2026-10-05T15:11:46.736425+00:00 ERROR 'ansible_navigator.actions.collections._parse' /usr/share/ansible/collections/ansible_collections/redhat/rhel_system_roles/roles/private_metrics_subrole_postfix/meta/argument_specs.yml Failed to find argument_specs.yml for role in redhat.rhel_system_roles.
2026-10-05T15:11:46.736455+00:00 ERROR 'ansible_navigator.actions.collections._parse' /usr/share/ansible/collections/ansible_collections/redhat/rhel_system_roles/roles/private_metrics_subrole_repository/meta/argument_specs.yml Failed to find argument_specs.yml for role in redhat.rhel_system_roles.
2026-10-05T15:11:46.736483+00:00 ERROR 'ansible_navigator.actions.collections._parse' /usr/share/ansible/collections/ansible_collections/redhat/rhel_system_roles/roles/private_metrics_subrole_spark/meta/argument_specs.yml Failed to find argument_specs.yml for role in redhat.rhel_system_roles.
2026-10-05T15:11:46.736513+00:00 ERROR 'ansible_navigator.actions.collections._parse' /usr/share/ansible/collections/ansible_collections/redhat/rhel_system_roles/roles/rhc/meta/argument_specs.yml Failed to find argument_specs.yml for role in redhat.rhel_system_roles.
2026-10-05T15:11:46.736540+00:00 ERROR 'ansible_navigator.actions.collections._parse' /usr/share/ansible/collections/ansible_collections/redhat/rhel_system_roles/roles/selinux/meta/argument_specs.yml Failed to find argument_specs.yml for role in redhat.rhel_system_roles.
2026-10-05T15:11:46.736566+00:00 ERROR 'ansible_navigator.actions.collections._parse' /usr/share/ansible/collections/ansible_collections/redhat/rhel_system_roles/roles/snapshot/meta/argument_specs.yml Failed to find argument_specs.yml for role in redhat.rhel_system_roles.
2026-10-05T15:11:46.736593+00:00 ERROR 'ansible_navigator.actions.collections._parse' /usr/share/ansible/collections/ansible_collections/redhat/rhel_system_roles/roles/ssh/meta/argument_specs.yml Failed to find argument_specs.yml for role in redhat.rhel_system_roles.
2026-10-05T15:11:46.736620+00:00 ERROR 'ansible_navigator.actions.collections._parse' /usr/share/ansible/collections/ansible_collections/redhat/rhel_system_roles/roles/sshd/meta/argument_specs.yml Failed to find argument_specs.yml for role in redhat.rhel_system_roles.
2026-10-05T15:11:46.736667+00:00 ERROR 'ansible_navigator.actions.collections._parse' /usr/share/ansible/collections/ansible_collections/redhat/rhel_system_roles/roles/storage/meta/argument_specs.yml Failed to find argument_specs.yml for role in redhat.rhel_system_roles.
2026-10-05T15:11:46.736692+00:00 ERROR 'ansible_navigator.actions.collections._parse' /usr/share/ansible/collections/ansible_collections/redhat/rhel_system_roles/roles/sudo/meta/argument_specs.yml Failed to find argument_specs.yml for role in redhat.rhel_system_roles.
2026-10-05T15:11:46.736731+00:00 ERROR 'ansible_navigator.actions.collections._parse' /usr/share/ansible/collections/ansible_collections/redhat/rhel_system_roles/roles/systemd/meta/argument_specs.yml Failed to find argument_specs.yml for role in redhat.rhel_system_roles.
2026-10-05T15:11:46.736755+00:00 ERROR 'ansible_navigator.actions.collections._parse' /usr/share/ansible/collections/ansible_collections/redhat/rhel_system_roles/roles/timesync/meta/argument_specs.yml Failed to find argument_specs.yml for role in redhat.rhel_system_roles.
2026-10-05T15:11:46.736775+00:00 ERROR 'ansible_navigator.actions.collections._parse' /usr/share/ansible/collections/ansible_collections/redhat/rhel_system_roles/roles/tlog/meta/argument_specs.yml Failed to find argument_specs.yml for role in redhat.rhel_system_roles.
2026-10-05T15:11:46.736793+00:00 ERROR 'ansible_navigator.actions.collections._parse' /usr/share/ansible/collections/ansible_collections/redhat/rhel_system_roles/roles/vpn/meta/argument_specs.yml Failed to find argument_specs.yml for role in redhat.rhel_system_roles.
2026-10-05T15:11:46.736812+00:00 ERROR 'ansible_navigator.actions.collections._parse' /usr/share/ansible/collections/ansible_collections/redhat/rhv/roles/cluster_upgrade/meta/argument_specs.yml Failed to find argument_specs.yml for role in redhat.rhv.
2026-10-05T15:11:46.736830+00:00 ERROR 'ansible_navigator.actions.collections._parse' /usr/share/ansible/collections/ansible_collections/redhat/rhv/roles/cluster_upgrade/meta/main.yml Failed to find main.yml for role in redhat.rhv.
2026-10-05T15:11:46.736848+00:00 ERROR 'ansible_navigator.actions.collections._parse' /usr/share/ansible/collections/ansible_collections/redhat/rhv/roles/disaster_recovery/meta/argument_specs.yml Failed to find argument_specs.yml for role in redhat.rhv.
2026-10-05T15:11:46.736866+00:00 ERROR 'ansible_navigator.actions.collections._parse' /usr/share/ansible/collections/ansible_collections/redhat/rhv/roles/disaster_recovery/meta/main.yml Failed to find main.yml for role in redhat.rhv.
2026-10-05T15:11:46.736885+00:00 ERROR 'ansible_navigator.actions.collections._parse' /usr/share/ansible/collections/ansible_collections/redhat/rhv/roles/engine_setup/meta/argument_specs.yml Failed to find argument_specs.yml for role in redhat.rhv.
2026-10-05T15:11:46.736903+00:00 ERROR 'ansible_navigator.actions.collections._parse' /usr/share/ansible/collections/ansible_collections/redhat/rhv/roles/engine_setup/meta/main.yml Failed to find main.yml for role in redhat.rhv.
2026-10-05T15:11:46.736920+00:00 ERROR 'ansible_navigator.actions.collections._parse' /usr/share/ansible/collections/ansible_collections/redhat/rhv/roles/hosted_engine_setup/meta/argument_specs.yml Failed to find argument_specs.yml for role in redhat.rhv.
2026-10-05T15:11:46.736938+00:00 ERROR 'ansible_navigator.actions.collections._parse' /usr/share/ansible/collections/ansible_collections/redhat/rhv/roles/hosted_engine_setup/meta/main.yml Failed to find main.yml for role in redhat.rhv.
2026-10-05T15:11:46.736955+00:00 ERROR 'ansible_navigator.actions.collections._parse' /usr/share/ansible/collections/ansible_collections/redhat/rhv/roles/image_template/meta/argument_specs.yml Failed to find argument_specs.yml for role in redhat.rhv.
2026-10-05T15:11:46.736972+00:00 ERROR 'ansible_navigator.actions.collections._parse' /usr/share/ansible/collections/ansible_collections/redhat/rhv/roles/image_template/meta/main.yml Failed to find main.yml for role in redhat.rhv.
2026-10-05T15:11:46.736993+00:00 ERROR 'ansible_navigator.actions.collections._parse' /usr/share/ansible/collections/ansible_collections/redhat/rhv/roles/infra/meta/argument_specs.yml Failed to find argument_specs.yml for role in redhat.rhv.
2026-10-05T15:11:46.737011+00:00 ERROR 'ansible_navigator.actions.collections._parse' /usr/share/ansible/collections/ansible_collections/redhat/rhv/roles/infra/meta/main.yml Failed to find main.yml for role in redhat.rhv.
2026-10-05T15:11:46.737029+00:00 ERROR 'ansible_navigator.actions.collections._parse' /usr/share/ansible/collections/ansible_collections/redhat/rhv/roles/remove_stale_lun/meta/argument_specs.yml Failed to find argument_specs.yml for role in redhat.rhv.
2026-10-05T15:11:46.737068+00:00 ERROR 'ansible_navigator.actions.collections._parse' /usr/share/ansible/collections/ansible_collections/redhat/rhv/roles/remove_stale_lun/meta/main.yml Failed to find main.yml for role in redhat.rhv.
2026-10-05T15:11:46.737087+00:00 ERROR 'ansible_navigator.actions.collections._parse' /usr/share/ansible/collections/ansible_collections/redhat/rhv/roles/repositories/meta/argument_specs.yml Failed to find argument_specs.yml for role in redhat.rhv.
2026-10-05T15:11:46.737121+00:00 ERROR 'ansible_navigator.actions.collections._parse' /usr/share/ansible/collections/ansible_collections/redhat/rhv/roles/repositories/meta/main.yml Failed to find main.yml for role in redhat.rhv.
2026-10-05T15:11:46.737159+00:00 ERROR 'ansible_navigator.actions.collections._parse' /usr/share/ansible/collections/ansible_collections/redhat/rhv/roles/shutdown_env/meta/argument_specs.yml Failed to find argument_specs.yml for role in redhat.rhv.
2026-10-05T15:11:46.737182+00:00 ERROR 'ansible_navigator.actions.collections._parse' /usr/share/ansible/collections/ansible_collections/redhat/rhv/roles/shutdown_env/meta/main.yml Failed to find main.yml for role in redhat.rhv.
2026-10-05T15:11:46.737202+00:00 ERROR 'ansible_navigator.actions.collections._parse' /usr/share/ansible/collections/ansible_collections/redhat/rhv/roles/vm_infra/meta/argument_specs.yml Failed to find argument_specs.yml for role in redhat.rhv.
2026-10-05T15:11:46.737220+00:00 ERROR 'ansible_navigator.actions.collections._parse' /usr/share/ansible/collections/ansible_collections/redhat/rhv/roles/vm_infra/meta/main.yml Failed to find main.yml for role in redhat.rhv.
2026-10-05T15:11:46.737237+00:00 ERROR 'ansible_navigator.actions.collections._parse' /usr/share/ansible/collections/ansible_collections/redhat/sap_install/roles/sap_ha_install_hana_hsr/meta/argument_specs.yml Failed to find argument_specs.yml for role in redhat.sap_install.
2026-10-05T15:11:46.737255+00:00 ERROR 'ansible_navigator.actions.collections._parse' /usr/share/ansible/collections/ansible_collections/redhat/sap_install/roles/sap_swpm/meta/argument_specs.yml Failed to find argument_specs.yml for role in redhat.sap_install.
2026-10-05T15:11:46.737273+00:00 ERROR 'ansible_navigator.actions.collections._parse' /usr/share/ansible/collections/ansible_collections/redhat/satellite/roles/activation_keys/meta/argument_specs.yml Failed to find argument_specs.yml for role in redhat.satellite.
2026-10-05T15:11:46.737290+00:00 ERROR 'ansible_navigator.actions.collections._parse' /usr/share/ansible/collections/ansible_collections/redhat/satellite/roles/auth_sources_ldap/meta/argument_specs.yml Failed to find argument_specs.yml for role in redhat.satellite.
2026-10-05T15:11:46.737307+00:00 ERROR 'ansible_navigator.actions.collections._parse' /usr/share/ansible/collections/ansible_collections/redhat/satellite/roles/compute_profiles/meta/argument_specs.yml Failed to find argument_specs.yml for role in redhat.satellite.
2026-10-05T15:11:46.737324+00:00 ERROR 'ansible_navigator.actions.collections._parse' /usr/share/ansible/collections/ansible_collections/redhat/satellite/roles/compute_resources/meta/argument_specs.yml Failed to find argument_specs.yml for role in redhat.satellite.
2026-10-05T15:11:46.737341+00:00 ERROR 'ansible_navigator.actions.collections._parse' /usr/share/ansible/collections/ansible_collections/redhat/satellite/roles/content_credentials/meta/argument_specs.yml Failed to find argument_specs.yml for role in redhat.satellite.
2026-10-05T15:11:46.737362+00:00 ERROR 'ansible_navigator.actions.collections._parse' /usr/share/ansible/collections/ansible_collections/redhat/satellite/roles/content_rhel/meta/argument_specs.yml Failed to find argument_specs.yml for role in redhat.satellite.
2026-10-05T15:11:46.737380+00:00 ERROR 'ansible_navigator.actions.collections._parse' /usr/share/ansible/collections/ansible_collections/redhat/satellite/roles/content_view_publish/meta/argument_specs.yml Failed to find argument_specs.yml for role in redhat.satellite.
2026-10-05T15:11:46.737396+00:00 ERROR 'ansible_navigator.actions.collections._parse' /usr/share/ansible/collections/ansible_collections/redhat/satellite/roles/content_view_version_cleanup/meta/argument_specs.yml Failed to find argument_specs.yml for role in redhat.satellite.
2026-10-05T15:11:46.737413+00:00 ERROR 'ansible_navigator.actions.collections._parse' /usr/share/ansible/collections/ansible_collections/redhat/satellite/roles/content_views/meta/argument_specs.yml Failed to find argument_specs.yml for role in redhat.satellite.
2026-10-05T15:11:46.737430+00:00 ERROR 'ansible_navigator.actions.collections._parse' /usr/share/ansible/collections/ansible_collections/redhat/satellite/roles/convert2rhel/meta/argument_specs.yml Failed to find argument_specs.yml for role in redhat.satellite.
2026-10-05T15:11:46.737447+00:00 ERROR 'ansible_navigator.actions.collections._parse' /usr/share/ansible/collections/ansible_collections/redhat/satellite/roles/domains/meta/argument_specs.yml Failed to find argument_specs.yml for role in redhat.satellite.
2026-10-05T15:11:46.737464+00:00 ERROR 'ansible_navigator.actions.collections._parse' /usr/share/ansible/collections/ansible_collections/redhat/satellite/roles/hostgroups/meta/argument_specs.yml Failed to find argument_specs.yml for role in redhat.satellite.
2026-10-05T15:11:46.737480+00:00 ERROR 'ansible_navigator.actions.collections._parse' /usr/share/ansible/collections/ansible_collections/redhat/satellite/roles/lifecycle_environments/meta/argument_specs.yml Failed to find argument_specs.yml for role in redhat.satellite.
2026-10-05T15:11:46.737497+00:00 ERROR 'ansible_navigator.actions.collections._parse' /usr/share/ansible/collections/ansible_collections/redhat/satellite/roles/locations/meta/argument_specs.yml Failed to find argument_specs.yml for role in redhat.satellite.
2026-10-05T15:11:46.737514+00:00 ERROR 'ansible_navigator.actions.collections._parse' /usr/share/ansible/collections/ansible_collections/redhat/satellite/roles/manifest/meta/argument_specs.yml Failed to find argument_specs.yml for role in redhat.satellite.
2026-10-05T15:11:46.737530+00:00 ERROR 'ansible_navigator.actions.collections._parse' /usr/share/ansible/collections/ansible_collections/redhat/satellite/roles/operatingsystems/meta/argument_specs.yml Failed to find argument_specs.yml for role in redhat.satellite.
2026-10-05T15:11:46.737547+00:00 ERROR 'ansible_navigator.actions.collections._parse' /usr/share/ansible/collections/ansible_collections/redhat/satellite/roles/organizations/meta/argument_specs.yml Failed to find argument_specs.yml for role in redhat.satellite.
2026-10-05T15:11:46.737563+00:00 ERROR 'ansible_navigator.actions.collections._parse' /usr/share/ansible/collections/ansible_collections/redhat/satellite/roles/provisioning_templates/meta/argument_specs.yml Failed to find argument_specs.yml for role in redhat.satellite.
2026-10-05T15:11:46.737580+00:00 ERROR 'ansible_navigator.actions.collections._parse' /usr/share/ansible/collections/ansible_collections/redhat/satellite/roles/repositories/meta/argument_specs.yml Failed to find argument_specs.yml for role in redhat.satellite.
2026-10-05T15:11:46.737597+00:00 ERROR 'ansible_navigator.actions.collections._parse' /usr/share/ansible/collections/ansible_collections/redhat/satellite/roles/settings/meta/argument_specs.yml Failed to find argument_specs.yml for role in redhat.satellite.
2026-10-05T15:11:46.737617+00:00 ERROR 'ansible_navigator.actions.collections._parse' /usr/share/ansible/collections/ansible_collections/redhat/satellite/roles/subnets/meta/argument_specs.yml Failed to find argument_specs.yml for role in redhat.satellite.
2026-10-05T15:11:46.737634+00:00 ERROR 'ansible_navigator.actions.collections._parse' /usr/share/ansible/collections/ansible_collections/redhat/satellite/roles/sync_plans/meta/argument_specs.yml Failed to find argument_specs.yml for role in redhat.satellite.
2026-10-05T15:11:46.737650+00:00 ERROR 'ansible_navigator.actions.collections._parse' /usr/share/ansible/collections/ansible_collections/redhat/satellite_operations/roles/backup/meta/argument_specs.yml Failed to find argument_specs.yml for role in redhat.satellite_operations.
2026-10-05T15:11:46.737667+00:00 ERROR 'ansible_navigator.actions.collections._parse' /usr/share/ansible/collections/ansible_collections/redhat/satellite_operations/roles/backup/meta/main.yml Failed to find main.yml for role in redhat.satellite_operations.
2026-10-05T15:11:46.737686+00:00 ERROR 'ansible_navigator.actions.collections._parse' /usr/share/ansible/collections/ansible_collections/redhat/satellite_operations/roles/capsule_certs_generate/meta/argument_specs.yml Failed to find argument_specs.yml for role in redhat.satellite_operations.
2026-10-05T15:11:46.737704+00:00 ERROR 'ansible_navigator.actions.collections._parse' /usr/share/ansible/collections/ansible_collections/redhat/satellite_operations/roles/capsule_certs_generate/meta/main.yml Failed to find main.yml for role in redhat.satellite_operations.
2026-10-05T15:11:46.737733+00:00 ERROR 'ansible_navigator.actions.collections._parse' /usr/share/ansible/collections/ansible_collections/redhat/satellite_operations/roles/cloud_connector/meta/argument_specs.yml Failed to find argument_specs.yml for role in redhat.satellite_operations.
2026-10-05T15:11:46.737766+00:00 ERROR 'ansible_navigator.actions.collections._parse' /usr/share/ansible/collections/ansible_collections/redhat/satellite_operations/roles/cloud_connector/meta/main.yml Failed to find main.yml for role in redhat.satellite_operations.
2026-10-05T15:11:46.737786+00:00 ERROR 'ansible_navigator.actions.collections._parse' /usr/share/ansible/collections/ansible_collections/redhat/satellite_operations/roles/installer/meta/argument_specs.yml Failed to find argument_specs.yml for role in redhat.satellite_operations.
2026-10-05T15:11:46.737805+00:00 ERROR 'ansible_navigator.actions.collections._parse' /usr/share/ansible/collections/ansible_collections/redhat/satellite_operations/roles/installer/meta/main.yml Failed to find main.yml for role in redhat.satellite_operations.
2026-10-05T15:11:46.737823+00:00 ERROR 'ansible_navigator.actions.collections._parse' /usr/share/ansible/collections/ansible_collections/redhat/satellite_operations/roles/metrics/meta/argument_specs.yml Failed to find argument_specs.yml for role in redhat.satellite_operations.
2026-10-05T15:11:46.737841+00:00 ERROR 'ansible_navigator.actions.collections._parse' /usr/share/ansible/collections/ansible_collections/redhat/satellite_operations/roles/metrics/meta/main.yml Failed to find main.yml for role in redhat.satellite_operations.
2026-10-05T15:11:46.737859+00:00 ERROR 'ansible_navigator.actions.collections._parse' /usr/share/ansible/collections/ansible_collections/network/backup/roles/backup/meta/main.yml Failed to find main.yml for role in network.backup.
2026-10-05T15:11:46.737876+00:00 ERROR 'ansible_navigator.actions.collections._parse' /usr/share/ansible/collections/ansible_collections/network/backup/roles/restore/meta/argument_specs.yml Failed to find argument_specs.yml for role in network.backup.
2026-10-05T15:11:46.737893+00:00 ERROR 'ansible_navigator.actions.collections._parse' /usr/share/ansible/collections/ansible_collections/network/backup/roles/restore/meta/main.yml Failed to find main.yml for role in network.backup.
2026-10-05T15:11:46.737911+00:00 ERROR 'ansible_navigator.actions.collections._parse' /usr/share/ansible/collections/ansible_collections/network/base/roles/configure/meta/argument_specs.yml Failed to find argument_specs.yml for role in network.base.
2026-10-05T15:11:46.737931+00:00 ERROR 'ansible_navigator.actions.collections._parse' /usr/share/ansible/collections/ansible_collections/network/base/roles/configure/meta/main.yml Failed to find main.yml for role in network.base.
2026-10-05T15:11:46.737949+00:00 ERROR 'ansible_navigator.actions.collections._parse' /usr/share/ansible/collections/ansible_collections/network/base/roles/deploy/meta/argument_specs.yml Failed to find argument_specs.yml for role in network.base.
2026-10-05T15:11:46.737966+00:00 ERROR 'ansible_navigator.actions.collections._parse' /usr/share/ansible/collections/ansible_collections/network/base/roles/deploy/meta/main.yml Failed to find main.yml for role in network.base.
2026-10-05T15:11:46.737983+00:00 ERROR 'ansible_navigator.actions.collections._parse' /usr/share/ansible/collections/ansible_collections/network/base/roles/detect/meta/argument_specs.yml Failed to find argument_specs.yml for role in network.base.
2026-10-05T15:11:46.738000+00:00 ERROR 'ansible_navigator.actions.collections._parse' /usr/share/ansible/collections/ansible_collections/network/base/roles/detect/meta/main.yml Failed to find main.yml for role in network.base.
2026-10-05T15:11:46.738016+00:00 ERROR 'ansible_navigator.actions.collections._parse' /usr/share/ansible/collections/ansible_collections/network/base/roles/gather/meta/argument_specs.yml Failed to find argument_specs.yml for role in network.base.
2026-10-05T15:11:46.738033+00:00 ERROR 'ansible_navigator.actions.collections._parse' /usr/share/ansible/collections/ansible_collections/network/base/roles/gather/meta/main.yml Failed to find main.yml for role in network.base.
2026-10-05T15:11:46.738066+00:00 ERROR 'ansible_navigator.actions.collections._parse' /usr/share/ansible/collections/ansible_collections/network/base/roles/list/meta/argument_specs.yml Failed to find argument_specs.yml for role in network.base.
2026-10-05T15:11:46.738083+00:00 ERROR 'ansible_navigator.actions.collections._parse' /usr/share/ansible/collections/ansible_collections/network/base/roles/list/meta/main.yml Failed to find main.yml for role in network.base.
2026-10-05T15:11:46.738111+00:00 ERROR 'ansible_navigator.actions.collections._parse' /usr/share/ansible/collections/ansible_collections/network/base/roles/persist/meta/argument_specs.yml Failed to find argument_specs.yml for role in network.base.
2026-10-05T15:11:46.738129+00:00 ERROR 'ansible_navigator.actions.collections._parse' /usr/share/ansible/collections/ansible_collections/network/base/roles/persist/meta/main.yml Failed to find main.yml for role in network.base.
2026-10-05T15:11:46.738146+00:00 ERROR 'ansible_navigator.actions.collections._parse' /usr/share/ansible/collections/ansible_collections/network/base/roles/remediate/meta/argument_specs.yml Failed to find argument_specs.yml for role in network.base.
2026-10-05T15:11:46.738163+00:00 ERROR 'ansible_navigator.actions.collections._parse' /usr/share/ansible/collections/ansible_collections/network/base/roles/remediate/meta/main.yml Failed to find main.yml for role in network.base.
2026-10-05T15:11:46.738179+00:00 ERROR 'ansible_navigator.actions.collections._parse' /usr/share/ansible/collections/ansible_collections/network/base/roles/resource_manager/meta/argument_specs.yml Failed to find argument_specs.yml for role in network.base.
2026-10-05T15:11:46.738225+00:00 ERROR 'ansible_navigator.actions.collections._parse' /usr/share/ansible/collections/ansible_collections/network/base/roles/resource_manager/meta/main.yml Failed to find main.yml for role in network.base.
2026-10-05T15:11:46.738260+00:00 ERROR 'ansible_navigator.actions.collections._parse' /usr/share/ansible/collections/ansible_collections/network/base/roles/resource_manager/README.md Failed to find README.md for role in network.base.
2026-10-05T15:11:46.738282+00:00 ERROR 'ansible_navigator.actions.collections._parse' /usr/share/ansible/collections/ansible_collections/network/healthchecks/roles/bgp/meta/argument_specs.yml Failed to find argument_specs.yml for role in network.healthchecks.
2026-10-05T15:11:46.738323+00:00 ERROR 'ansible_navigator.actions.collections._parse' /usr/share/ansible/collections/ansible_collections/network/healthchecks/roles/bgp/meta/main.yml Failed to find main.yml for role in network.healthchecks.
2026-10-05T15:11:46.738371+00:00 ERROR 'ansible_navigator.actions.collections._parse' /usr/share/ansible/collections/ansible_collections/network/healthchecks/roles/cpu/meta/argument_specs.yml Failed to find argument_specs.yml for role in network.healthchecks.
2026-10-05T15:11:46.738406+00:00 ERROR 'ansible_navigator.actions.collections._parse' /usr/share/ansible/collections/ansible_collections/network/healthchecks/roles/cpu/meta/main.yml Failed to find main.yml for role in network.healthchecks.
2026-10-05T15:11:46.738442+00:00 ERROR 'ansible_navigator.actions.collections._parse' /usr/share/ansible/collections/ansible_collections/network/healthchecks/roles/crashfiles/meta/argument_specs.yml Failed to find argument_specs.yml for role in network.healthchecks.
2026-10-05T15:11:46.738476+00:00 ERROR 'ansible_navigator.actions.collections._parse' /usr/share/ansible/collections/ansible_collections/network/healthchecks/roles/crashfiles/meta/main.yml Failed to find main.yml for role in network.healthchecks.
2026-10-05T15:11:46.738506+00:00 ERROR 'ansible_navigator.actions.collections._parse' /usr/share/ansible/collections/ansible_collections/network/healthchecks/roles/environment/meta/argument_specs.yml Failed to find argument_specs.yml for role in network.healthchecks.
2026-10-05T15:11:46.738533+00:00 ERROR 'ansible_navigator.actions.collections._parse' /usr/share/ansible/collections/ansible_collections/network/healthchecks/roles/environment/meta/main.yml Failed to find main.yml for role in network.healthchecks.
2026-10-05T15:11:46.738801+00:00 ERROR 'ansible_navigator.actions.collections._parse' /usr/share/ansible/collections/ansible_collections/network/healthchecks/roles/filesystem/meta/argument_specs.yml Failed to find argument_specs.yml for role in network.healthchecks.
2026-10-05T15:11:46.738871+00:00 ERROR 'ansible_navigator.actions.collections._parse' /usr/share/ansible/collections/ansible_collections/network/healthchecks/roles/filesystem/meta/main.yml Failed to find main.yml for role in network.healthchecks.
2026-10-05T15:11:46.738907+00:00 ERROR 'ansible_navigator.actions.collections._parse' /usr/share/ansible/collections/ansible_collections/network/healthchecks/roles/interfaces/meta/argument_specs.yml Failed to find argument_specs.yml for role in network.healthchecks.
2026-10-05T15:11:46.738939+00:00 ERROR 'ansible_navigator.actions.collections._parse' /usr/share/ansible/collections/ansible_collections/network/healthchecks/roles/interfaces/meta/main.yml Failed to find main.yml for role in network.healthchecks.
2026-10-05T15:11:46.738979+00:00 ERROR 'ansible_navigator.actions.collections._parse' /usr/share/ansible/collections/ansible_collections/network/healthchecks/roles/ip_reachability/meta/argument_specs.yml Failed to find argument_specs.yml for role in network.healthchecks.
2026-10-05T15:11:46.739018+00:00 ERROR 'ansible_navigator.actions.collections._parse' /usr/share/ansible/collections/ansible_collections/network/healthchecks/roles/ip_reachability/meta/main.yml Failed to find main.yml for role in network.healthchecks.
2026-10-05T15:11:46.739054+00:00 ERROR 'ansible_navigator.actions.collections._parse' /usr/share/ansible/collections/ansible_collections/network/healthchecks/roles/memory/meta/argument_specs.yml Failed to find argument_specs.yml for role in network.healthchecks.
2026-10-05T15:11:46.739080+00:00 ERROR 'ansible_navigator.actions.collections._parse' /usr/share/ansible/collections/ansible_collections/network/healthchecks/roles/memory/meta/main.yml Failed to find main.yml for role in network.healthchecks.
2026-10-05T15:11:46.739117+00:00 ERROR 'ansible_navigator.actions.collections._parse' /usr/share/ansible/collections/ansible_collections/network/healthchecks/roles/ospf/meta/argument_specs.yml Failed to find argument_specs.yml for role in network.healthchecks.
2026-10-05T15:11:46.739180+00:00 ERROR 'ansible_navigator.actions.collections._parse' /usr/share/ansible/collections/ansible_collections/network/healthchecks/roles/ospf/meta/main.yml Failed to find main.yml for role in network.healthchecks.
2026-10-05T15:11:46.739204+00:00 ERROR 'ansible_navigator.actions.collections._parse' /usr/share/ansible/collections/ansible_collections/network/healthchecks/roles/uptime/meta/argument_specs.yml Failed to find argument_specs.yml for role in network.healthchecks.
2026-10-05T15:11:46.739223+00:00 ERROR 'ansible_navigator.actions.collections._parse' /usr/share/ansible/collections/ansible_collections/network/healthchecks/roles/uptime/meta/main.yml Failed to find main.yml for role in network.healthchecks.
2026-10-05T15:11:46.739241+00:00 ERROR 'ansible_navigator.actions.collections._parse' /usr/share/ansible/collections/ansible_collections/network/inventory_reports/roles/configure/meta/argument_specs.yml Failed to find argument_specs.yml for role in network.inventory_reports.
2026-10-05T15:11:46.739264+00:00 ERROR 'ansible_navigator.actions.collections._parse' /usr/share/ansible/collections/ansible_collections/network/inventory_reports/roles/configure/meta/main.yml Failed to find main.yml for role in network.inventory_reports.
2026-10-05T15:11:46.739315+00:00 ERROR 'ansible_navigator.actions.collections._parse' /usr/share/ansible/collections/ansible_collections/network/inventory_reports/roles/deploy/meta/argument_specs.yml Failed to find argument_specs.yml for role in network.inventory_reports.
2026-10-05T15:11:46.739356+00:00 ERROR 'ansible_navigator.actions.collections._parse' /usr/share/ansible/collections/ansible_collections/network/inventory_reports/roles/deploy/meta/main.yml Failed to find main.yml for role in network.inventory_reports.
2026-10-05T15:11:46.739389+00:00 ERROR 'ansible_navigator.actions.collections._parse' /usr/share/ansible/collections/ansible_collections/network/inventory_reports/roles/detect/meta/argument_specs.yml Failed to find argument_specs.yml for role in network.inventory_reports.
2026-10-05T15:11:46.739410+00:00 ERROR 'ansible_navigator.actions.collections._parse' /usr/share/ansible/collections/ansible_collections/network/inventory_reports/roles/detect/meta/main.yml Failed to find main.yml for role in network.inventory_reports.
2026-10-05T15:11:46.739429+00:00 ERROR 'ansible_navigator.actions.collections._parse' /usr/share/ansible/collections/ansible_collections/network/inventory_reports/roles/gather/meta/argument_specs.yml Failed to find argument_specs.yml for role in network.inventory_reports.
2026-10-05T15:11:46.739447+00:00 ERROR 'ansible_navigator.actions.collections._parse' /usr/share/ansible/collections/ansible_collections/network/inventory_reports/roles/gather/meta/main.yml Failed to find main.yml for role in network.inventory_reports.
2026-10-05T15:11:46.739465+00:00 ERROR 'ansible_navigator.actions.collections._parse' /usr/share/ansible/collections/ansible_collections/network/inventory_reports/roles/generate_report/meta/argument_specs.yml Failed to find argument_specs.yml for role in network.inventory_reports.
2026-10-05T15:11:46.739483+00:00 ERROR 'ansible_navigator.actions.collections._parse' /usr/share/ansible/collections/ansible_collections/network/inventory_reports/roles/generate_report/meta/main.yml Failed to find main.yml for role in network.inventory_reports.
2026-10-05T15:11:46.739501+00:00 ERROR 'ansible_navigator.actions.collections._parse' /usr/share/ansible/collections/ansible_collections/network/inventory_reports/roles/list/meta/argument_specs.yml Failed to find argument_specs.yml for role in network.inventory_reports.
2026-10-05T15:11:46.739519+00:00 ERROR 'ansible_navigator.actions.collections._parse' /usr/share/ansible/collections/ansible_collections/network/inventory_reports/roles/list/meta/main.yml Failed to find main.yml for role in network.inventory_reports.
2026-10-05T15:11:46.739540+00:00 ERROR 'ansible_navigator.actions.collections._parse' /usr/share/ansible/collections/ansible_collections/network/inventory_reports/roles/persist/meta/argument_specs.yml Failed to find argument_specs.yml for role in network.inventory_reports.
2026-10-05T15:11:46.739558+00:00 ERROR 'ansible_navigator.actions.collections._parse' /usr/share/ansible/collections/ansible_collections/network/inventory_reports/roles/persist/meta/main.yml Failed to find main.yml for role in network.inventory_reports.
2026-10-05T15:11:46.739576+00:00 ERROR 'ansible_navigator.actions.collections._parse' /usr/share/ansible/collections/ansible_collections/network/inventory_reports/roles/remediate/meta/argument_specs.yml Failed to find argument_specs.yml for role in network.inventory_reports.
2026-10-05T15:11:46.739593+00:00 ERROR 'ansible_navigator.actions.collections._parse' /usr/share/ansible/collections/ansible_collections/network/inventory_reports/roles/remediate/meta/main.yml Failed to find main.yml for role in network.inventory_reports.
2026-10-05T15:11:46.739611+00:00 ERROR 'ansible_navigator.actions.collections._parse' /usr/share/ansible/collections/ansible_collections/community/general/plugins/callback/tasks_only.py ComposerError (get_docstring): expected a single document in the stream
  in "<unicode string>", line 3, column 1:
    ansible_config: |-
    ^
but found another document
  in "<unicode string>", line 7, column 1:
    ---
    ^
2026-10-05T15:11:46.739630+00:00 ERROR 'ansible_navigator.actions.collections._parse' /usr/share/ansible/collections/ansible_collections/community/general/plugins/inventory/incus.py ComposerError (get_docstring): expected a single document in the stream
  in "<unicode string>", line 3, column 1:
    plugin: community.general.incus
    ^
but found another document
  in "<unicode string>", line 5, column 1:
    ---
    ^
2026-10-05T15:11:46.739648+00:00 ERROR 'ansible_navigator.actions.collections._parse' /usr/share/ansible/collections/ansible_collections/community/general/plugins/inventory/iocage.py ComposerError (get_docstring): expected a single document in the stream
  in "<unicode string>", line 3, column 1:
    plugin: community.general.iocage
    ^
but found another document
  in "<unicode string>", line 7, column 1:
    ---
    ^
2026-10-06T08:04:06.797348+00:00 ERROR 'ansible_navigator.actions.collections._parse' /usr/share/ansible/collections/ansible_collections/redhat/insights/roles/compliance/meta/argument_specs.yml Failed to find argument_specs.yml for role in redhat.insights.
2026-10-06T08:04:06.799297+00:00 ERROR 'ansible_navigator.actions.collections._parse' /usr/share/ansible/collections/ansible_collections/redhat/insights/roles/insights_client/meta/argument_specs.yml Failed to find argument_specs.yml for role in redhat.insights.
2026-10-06T08:04:06.799399+00:00 ERROR 'ansible_navigator.actions.collections._parse' /usr/share/ansible/collections/ansible_collections/redhat/redhat_csp_download/roles/redhat_csp_download/meta/argument_specs.yml Failed to find argument_specs.yml for role in redhat.redhat_csp_download.
2026-10-06T08:04:06.799432+00:00 ERROR 'ansible_navigator.actions.collections._parse' /usr/share/ansible/collections/ansible_collections/redhat/redhat_csp_download/roles/redhat_csp_download/meta/main.yml Failed to find main.yml for role in redhat.redhat_csp_download.
2026-10-06T08:04:06.799474+00:00 ERROR 'ansible_navigator.actions.collections._parse' /usr/share/ansible/collections/ansible_collections/redhat/rhel_idm/roles/ipabackup/meta/argument_specs.yml Failed to find argument_specs.yml for role in redhat.rhel_idm.
2026-10-06T08:04:06.799510+00:00 ERROR 'ansible_navigator.actions.collections._parse' /usr/share/ansible/collections/ansible_collections/redhat/rhel_idm/roles/ipaclient/meta/argument_specs.yml Failed to find argument_specs.yml for role in redhat.rhel_idm.
2026-10-06T08:04:06.799535+00:00 ERROR 'ansible_navigator.actions.collections._parse' /usr/share/ansible/collections/ansible_collections/redhat/rhel_idm/roles/ipareplica/meta/argument_specs.yml Failed to find argument_specs.yml for role in redhat.rhel_idm.
2026-10-06T08:04:06.799587+00:00 ERROR 'ansible_navigator.actions.collections._parse' /usr/share/ansible/collections/ansible_collections/redhat/rhel_idm/roles/ipaserver/meta/argument_specs.yml Failed to find argument_specs.yml for role in redhat.rhel_idm.
2026-10-06T08:04:06.799637+00:00 ERROR 'ansible_navigator.actions.collections._parse' /usr/share/ansible/collections/ansible_collections/redhat/rhel_idm/roles/ipasmartcard_client/meta/argument_specs.yml Failed to find argument_specs.yml for role in redhat.rhel_idm.
2026-10-06T08:04:06.799667+00:00 ERROR 'ansible_navigator.actions.collections._parse' /usr/share/ansible/collections/ansible_collections/redhat/rhel_idm/roles/ipasmartcard_server/meta/argument_specs.yml Failed to find argument_specs.yml for role in redhat.rhel_idm.
2026-10-06T08:04:06.799696+00:00 ERROR 'ansible_navigator.actions.collections._parse' /usr/share/ansible/collections/ansible_collections/redhat/rhel_system_roles/roles/ad_integration/meta/argument_specs.yml Failed to find argument_specs.yml for role in redhat.rhel_system_roles.
2026-10-06T08:04:06.799716+00:00 ERROR 'ansible_navigator.actions.collections._parse' /usr/share/ansible/collections/ansible_collections/redhat/rhel_system_roles/roles/aide/meta/argument_specs.yml Failed to find argument_specs.yml for role in redhat.rhel_system_roles.
2026-10-06T08:04:06.799736+00:00 ERROR 'ansible_navigator.actions.collections._parse' /usr/share/ansible/collections/ansible_collections/redhat/rhel_system_roles/roles/bootloader/meta/argument_specs.yml Failed to find argument_specs.yml for role in redhat.rhel_system_roles.
2026-10-06T08:04:06.799763+00:00 ERROR 'ansible_navigator.actions.collections._parse' /usr/share/ansible/collections/ansible_collections/redhat/rhel_system_roles/roles/certificate/meta/argument_specs.yml Failed to find argument_specs.yml for role in redhat.rhel_system_roles.
2026-10-06T08:04:06.799781+00:00 ERROR 'ansible_navigator.actions.collections._parse' /usr/share/ansible/collections/ansible_collections/redhat/rhel_system_roles/roles/cockpit/meta/argument_specs.yml Failed to find argument_specs.yml for role in redhat.rhel_system_roles.
2026-10-06T08:04:06.799799+00:00 ERROR 'ansible_navigator.actions.collections._parse' /usr/share/ansible/collections/ansible_collections/redhat/rhel_system_roles/roles/crypto_policies/meta/argument_specs.yml Failed to find argument_specs.yml for role in redhat.rhel_system_roles.
2026-10-06T08:04:06.799816+00:00 ERROR 'ansible_navigator.actions.collections._parse' /usr/share/ansible/collections/ansible_collections/redhat/rhel_system_roles/roles/fapolicyd/meta/argument_specs.yml Failed to find argument_specs.yml for role in redhat.rhel_system_roles.
2026-10-06T08:04:06.799833+00:00 ERROR 'ansible_navigator.actions.collections._parse' /usr/share/ansible/collections/ansible_collections/redhat/rhel_system_roles/roles/firewall/meta/argument_specs.yml Failed to find argument_specs.yml for role in redhat.rhel_system_roles.
2026-10-06T08:04:06.799862+00:00 ERROR 'ansible_navigator.actions.collections._parse' /usr/share/ansible/collections/ansible_collections/redhat/rhel_system_roles/roles/ha_cluster/meta/argument_specs.yml Failed to find argument_specs.yml for role in redhat.rhel_system_roles.
2026-10-06T08:04:06.799899+00:00 ERROR 'ansible_navigator.actions.collections._parse' /usr/share/ansible/collections/ansible_collections/redhat/rhel_system_roles/roles/journald/meta/argument_specs.yml Failed to find argument_specs.yml for role in redhat.rhel_system_roles.
2026-10-06T08:04:06.799924+00:00 ERROR 'ansible_navigator.actions.collections._parse' /usr/share/ansible/collections/ansible_collections/redhat/rhel_system_roles/roles/kdump/meta/argument_specs.yml Failed to find argument_specs.yml for role in redhat.rhel_system_roles.
2026-10-06T08:04:06.799944+00:00 ERROR 'ansible_navigator.actions.collections._parse' /usr/share/ansible/collections/ansible_collections/redhat/rhel_system_roles/roles/kernel_settings/meta/argument_specs.yml Failed to find argument_specs.yml for role in redhat.rhel_system_roles.
2026-10-06T08:04:06.799967+00:00 ERROR 'ansible_navigator.actions.collections._parse' /usr/share/ansible/collections/ansible_collections/redhat/rhel_system_roles/roles/keylime_server/meta/argument_specs.yml Failed to find argument_specs.yml for role in redhat.rhel_system_roles.
2026-10-06T08:04:06.799985+00:00 ERROR 'ansible_navigator.actions.collections._parse' /usr/share/ansible/collections/ansible_collections/redhat/rhel_system_roles/roles/logging/meta/argument_specs.yml Failed to find argument_specs.yml for role in redhat.rhel_system_roles.
2026-10-06T08:04:06.800002+00:00 ERROR 'ansible_navigator.actions.collections._parse' /usr/share/ansible/collections/ansible_collections/redhat/rhel_system_roles/roles/metrics/meta/argument_specs.yml Failed to find argument_specs.yml for role in redhat.rhel_system_roles.
2026-10-06T08:04:06.800020+00:00 ERROR 'ansible_navigator.actions.collections._parse' /usr/share/ansible/collections/ansible_collections/redhat/rhel_system_roles/roles/nbde_client/meta/argument_specs.yml Failed to find argument_specs.yml for role in redhat.rhel_system_roles.
2026-10-06T08:04:06.800037+00:00 ERROR 'ansible_navigator.actions.collections._parse' /usr/share/ansible/collections/ansible_collections/redhat/rhel_system_roles/roles/nbde_server/meta/argument_specs.yml Failed to find argument_specs.yml for role in redhat.rhel_system_roles.
2026-10-06T08:04:06.800072+00:00 ERROR 'ansible_navigator.actions.collections._parse' /usr/share/ansible/collections/ansible_collections/redhat/rhel_system_roles/roles/network/meta/argument_specs.yml Failed to find argument_specs.yml for role in redhat.rhel_system_roles.
2026-10-06T08:04:06.800090+00:00 ERROR 'ansible_navigator.actions.collections._parse' /usr/share/ansible/collections/ansible_collections/redhat/rhel_system_roles/roles/podman/meta/argument_specs.yml Failed to find argument_specs.yml for role in redhat.rhel_system_roles.
2026-10-06T08:04:06.800107+00:00 ERROR 'ansible_navigator.actions.collections._parse' /usr/share/ansible/collections/ansible_collections/redhat/rhel_system_roles/roles/postfix/meta/argument_specs.yml Failed to find argument_specs.yml for role in redhat.rhel_system_roles.
2026-10-06T08:04:06.800132+00:00 ERROR 'ansible_navigator.actions.collections._parse' /usr/share/ansible/collections/ansible_collections/redhat/rhel_system_roles/roles/postgresql/meta/argument_specs.yml Failed to find argument_specs.yml for role in redhat.rhel_system_roles.
2026-10-06T08:04:06.800172+00:00 ERROR 'ansible_navigator.actions.collections._parse' /usr/share/ansible/collections/ansible_collections/redhat/rhel_system_roles/roles/private_logging_subrole_rsyslog/meta/argument_specs.yml Failed to find argument_specs.yml for role in redhat.rhel_system_roles.
2026-10-06T08:04:06.800200+00:00 ERROR 'ansible_navigator.actions.collections._parse' /usr/share/ansible/collections/ansible_collections/redhat/rhel_system_roles/roles/private_metrics_subrole_bpftrace/meta/argument_specs.yml Failed to find argument_specs.yml for role in redhat.rhel_system_roles.
2026-10-06T08:04:06.800219+00:00 ERROR 'ansible_navigator.actions.collections._parse' /usr/share/ansible/collections/ansible_collections/redhat/rhel_system_roles/roles/private_metrics_subrole_elasticsearch/meta/argument_specs.yml Failed to find argument_specs.yml for role in redhat.rhel_system_roles.
2026-10-06T08:04:06.800238+00:00 ERROR 'ansible_navigator.actions.collections._parse' /usr/share/ansible/collections/ansible_collections/redhat/rhel_system_roles/roles/private_metrics_subrole_grafana/meta/argument_specs.yml Failed to find argument_specs.yml for role in redhat.rhel_system_roles.
2026-10-06T08:04:06.800255+00:00 ERROR 'ansible_navigator.actions.collections._parse' /usr/share/ansible/collections/ansible_collections/redhat/rhel_system_roles/roles/private_metrics_subrole_keyserver/meta/argument_specs.yml Failed to find argument_specs.yml for role in redhat.rhel_system_roles.
2026-10-06T08:04:06.800272+00:00 ERROR 'ansible_navigator.actions.collections._parse' /usr/share/ansible/collections/ansible_collections/redhat/rhel_system_roles/roles/private_metrics_subrole_mssql/meta/argument_specs.yml Failed to find argument_specs.yml for role in redhat.rhel_system_roles.
2026-10-06T08:04:06.800294+00:00 ERROR 'ansible_navigator.actions.collections._parse' /usr/share/ansible/collections/ansible_collections/redhat/rhel_system_roles/roles/private_metrics_subrole_pcp/meta/argument_specs.yml Failed to find argument_specs.yml for role in redhat.rhel_system_roles.
2026-10-06T08:04:06.800312+00:00 ERROR 'ansible_navigator.actions.collections._parse' /usr/share/ansible/collections/ansible_collections/redhat/rhel_system_roles/roles/private_metrics_subrole_postfix/meta/argument_specs.yml Failed to find argument_specs.yml for role in redhat.rhel_system_roles.
2026-10-06T08:04:06.800329+00:00 ERROR 'ansible_navigator.actions.collections._parse' /usr/share/ansible/collections/ansible_collections/redhat/rhel_system_roles/roles/private_metrics_subrole_repository/meta/argument_specs.yml Failed to find argument_specs.yml for role in redhat.rhel_system_roles.
2026-10-06T08:04:06.800346+00:00 ERROR 'ansible_navigator.actions.collections._parse' /usr/share/ansible/collections/ansible_collections/redhat/rhel_system_roles/roles/private_metrics_subrole_spark/meta/argument_specs.yml Failed to find argument_specs.yml for role in redhat.rhel_system_roles.
2026-10-06T08:04:06.800363+00:00 ERROR 'ansible_navigator.actions.collections._parse' /usr/share/ansible/collections/ansible_collections/redhat/rhel_system_roles/roles/rhc/meta/argument_specs.yml Failed to find argument_specs.yml for role in redhat.rhel_system_roles.
2026-10-06T08:04:06.800381+00:00 ERROR 'ansible_navigator.actions.collections._parse' /usr/share/ansible/collections/ansible_collections/redhat/rhel_system_roles/roles/selinux/meta/argument_specs.yml Failed to find argument_specs.yml for role in redhat.rhel_system_roles.
2026-10-06T08:04:06.800406+00:00 ERROR 'ansible_navigator.actions.collections._parse' /usr/share/ansible/collections/ansible_collections/redhat/rhel_system_roles/roles/snapshot/meta/argument_specs.yml Failed to find argument_specs.yml for role in redhat.rhel_system_roles.
2026-10-06T08:04:06.800424+00:00 ERROR 'ansible_navigator.actions.collections._parse' /usr/share/ansible/collections/ansible_collections/redhat/rhel_system_roles/roles/ssh/meta/argument_specs.yml Failed to find argument_specs.yml for role in redhat.rhel_system_roles.
2026-10-06T08:04:06.800451+00:00 ERROR 'ansible_navigator.actions.collections._parse' /usr/share/ansible/collections/ansible_collections/redhat/rhel_system_roles/roles/sshd/meta/argument_specs.yml Failed to find argument_specs.yml for role in redhat.rhel_system_roles.
2026-10-06T08:04:06.800468+00:00 ERROR 'ansible_navigator.actions.collections._parse' /usr/share/ansible/collections/ansible_collections/redhat/rhel_system_roles/roles/storage/meta/argument_specs.yml Failed to find argument_specs.yml for role in redhat.rhel_system_roles.
2026-10-06T08:04:06.800486+00:00 ERROR 'ansible_navigator.actions.collections._parse' /usr/share/ansible/collections/ansible_collections/redhat/rhel_system_roles/roles/sudo/meta/argument_specs.yml Failed to find argument_specs.yml for role in redhat.rhel_system_roles.
2026-10-06T08:04:06.800505+00:00 ERROR 'ansible_navigator.actions.collections._parse' /usr/share/ansible/collections/ansible_collections/redhat/rhel_system_roles/roles/systemd/meta/argument_specs.yml Failed to find argument_specs.yml for role in redhat.rhel_system_roles.
2026-10-06T08:04:06.800522+00:00 ERROR 'ansible_navigator.actions.collections._parse' /usr/share/ansible/collections/ansible_collections/redhat/rhel_system_roles/roles/timesync/meta/argument_specs.yml Failed to find argument_specs.yml for role in redhat.rhel_system_roles.
2026-10-06T08:04:06.800540+00:00 ERROR 'ansible_navigator.actions.collections._parse' /usr/share/ansible/collections/ansible_collections/redhat/rhel_system_roles/roles/tlog/meta/argument_specs.yml Failed to find argument_specs.yml for role in redhat.rhel_system_roles.
2026-10-06T08:04:06.800561+00:00 ERROR 'ansible_navigator.actions.collections._parse' /usr/share/ansible/collections/ansible_collections/redhat/rhel_system_roles/roles/vpn/meta/argument_specs.yml Failed to find argument_specs.yml for role in redhat.rhel_system_roles.
2026-10-06T08:04:06.800581+00:00 ERROR 'ansible_navigator.actions.collections._parse' /usr/share/ansible/collections/ansible_collections/redhat/rhv/roles/cluster_upgrade/meta/argument_specs.yml Failed to find argument_specs.yml for role in redhat.rhv.
2026-10-06T08:04:06.800599+00:00 ERROR 'ansible_navigator.actions.collections._parse' /usr/share/ansible/collections/ansible_collections/redhat/rhv/roles/cluster_upgrade/meta/main.yml Failed to find main.yml for role in redhat.rhv.
2026-10-06T08:04:06.800617+00:00 ERROR 'ansible_navigator.actions.collections._parse' /usr/share/ansible/collections/ansible_collections/redhat/rhv/roles/disaster_recovery/meta/argument_specs.yml Failed to find argument_specs.yml for role in redhat.rhv.
2026-10-06T08:04:06.800634+00:00 ERROR 'ansible_navigator.actions.collections._parse' /usr/share/ansible/collections/ansible_collections/redhat/rhv/roles/disaster_recovery/meta/main.yml Failed to find main.yml for role in redhat.rhv.
2026-10-06T08:04:06.800654+00:00 ERROR 'ansible_navigator.actions.collections._parse' /usr/share/ansible/collections/ansible_collections/redhat/rhv/roles/engine_setup/meta/argument_specs.yml Failed to find argument_specs.yml for role in redhat.rhv.
2026-10-06T08:04:06.800683+00:00 ERROR 'ansible_navigator.actions.collections._parse' /usr/share/ansible/collections/ansible_collections/redhat/rhv/roles/engine_setup/meta/main.yml Failed to find main.yml for role in redhat.rhv.
2026-10-06T08:04:06.800702+00:00 ERROR 'ansible_navigator.actions.collections._parse' /usr/share/ansible/collections/ansible_collections/redhat/rhv/roles/hosted_engine_setup/meta/argument_specs.yml Failed to find argument_specs.yml for role in redhat.rhv.
2026-10-06T08:04:06.800719+00:00 ERROR 'ansible_navigator.actions.collections._parse' /usr/share/ansible/collections/ansible_collections/redhat/rhv/roles/hosted_engine_setup/meta/main.yml Failed to find main.yml for role in redhat.rhv.
2026-10-06T08:04:06.800737+00:00 ERROR 'ansible_navigator.actions.collections._parse' /usr/share/ansible/collections/ansible_collections/redhat/rhv/roles/image_template/meta/argument_specs.yml Failed to find argument_specs.yml for role in redhat.rhv.
2026-10-06T08:04:06.800755+00:00 ERROR 'ansible_navigator.actions.collections._parse' /usr/share/ansible/collections/ansible_collections/redhat/rhv/roles/image_template/meta/main.yml Failed to find main.yml for role in redhat.rhv.
2026-10-06T08:04:06.800772+00:00 ERROR 'ansible_navigator.actions.collections._parse' /usr/share/ansible/collections/ansible_collections/redhat/rhv/roles/infra/meta/argument_specs.yml Failed to find argument_specs.yml for role in redhat.rhv.
2026-10-06T08:04:06.800790+00:00 ERROR 'ansible_navigator.actions.collections._parse' /usr/share/ansible/collections/ansible_collections/redhat/rhv/roles/infra/meta/main.yml Failed to find main.yml for role in redhat.rhv.
2026-10-06T08:04:06.800814+00:00 ERROR 'ansible_navigator.actions.collections._parse' /usr/share/ansible/collections/ansible_collections/redhat/rhv/roles/remove_stale_lun/meta/argument_specs.yml Failed to find argument_specs.yml for role in redhat.rhv.
2026-10-06T08:04:06.800833+00:00 ERROR 'ansible_navigator.actions.collections._parse' /usr/share/ansible/collections/ansible_collections/redhat/rhv/roles/remove_stale_lun/meta/main.yml Failed to find main.yml for role in redhat.rhv.
2026-10-06T08:04:06.800850+00:00 ERROR 'ansible_navigator.actions.collections._parse' /usr/share/ansible/collections/ansible_collections/redhat/rhv/roles/repositories/meta/argument_specs.yml Failed to find argument_specs.yml for role in redhat.rhv.
2026-10-06T08:04:06.800868+00:00 ERROR 'ansible_navigator.actions.collections._parse' /usr/share/ansible/collections/ansible_collections/redhat/rhv/roles/repositories/meta/main.yml Failed to find main.yml for role in redhat.rhv.
2026-10-06T08:04:06.800889+00:00 ERROR 'ansible_navigator.actions.collections._parse' /usr/share/ansible/collections/ansible_collections/redhat/rhv/roles/shutdown_env/meta/argument_specs.yml Failed to find argument_specs.yml for role in redhat.rhv.
2026-10-06T08:04:06.800906+00:00 ERROR 'ansible_navigator.actions.collections._parse' /usr/share/ansible/collections/ansible_collections/redhat/rhv/roles/shutdown_env/meta/main.yml Failed to find main.yml for role in redhat.rhv.
2026-10-06T08:04:06.800923+00:00 ERROR 'ansible_navigator.actions.collections._parse' /usr/share/ansible/collections/ansible_collections/redhat/rhv/roles/vm_infra/meta/argument_specs.yml Failed to find argument_specs.yml for role in redhat.rhv.
2026-10-06T08:04:06.800940+00:00 ERROR 'ansible_navigator.actions.collections._parse' /usr/share/ansible/collections/ansible_collections/redhat/rhv/roles/vm_infra/meta/main.yml Failed to find main.yml for role in redhat.rhv.
2026-10-06T08:04:06.800956+00:00 ERROR 'ansible_navigator.actions.collections._parse' /usr/share/ansible/collections/ansible_collections/redhat/sap_install/roles/sap_ha_install_hana_hsr/meta/argument_specs.yml Failed to find argument_specs.yml for role in redhat.sap_install.
2026-10-06T08:04:06.800974+00:00 ERROR 'ansible_navigator.actions.collections._parse' /usr/share/ansible/collections/ansible_collections/redhat/sap_install/roles/sap_swpm/meta/argument_specs.yml Failed to find argument_specs.yml for role in redhat.sap_install.
2026-10-06T08:04:06.800991+00:00 ERROR 'ansible_navigator.actions.collections._parse' /usr/share/ansible/collections/ansible_collections/redhat/satellite/roles/activation_keys/meta/argument_specs.yml Failed to find argument_specs.yml for role in redhat.satellite.
2026-10-06T08:04:06.801008+00:00 ERROR 'ansible_navigator.actions.collections._parse' /usr/share/ansible/collections/ansible_collections/redhat/satellite/roles/auth_sources_ldap/meta/argument_specs.yml Failed to find argument_specs.yml for role in redhat.satellite.
2026-10-06T08:04:06.801027+00:00 ERROR 'ansible_navigator.actions.collections._parse' /usr/share/ansible/collections/ansible_collections/redhat/satellite/roles/compute_profiles/meta/argument_specs.yml Failed to find argument_specs.yml for role in redhat.satellite.
2026-10-06T08:04:06.801054+00:00 ERROR 'ansible_navigator.actions.collections._parse' /usr/share/ansible/collections/ansible_collections/redhat/satellite/roles/compute_resources/meta/argument_specs.yml Failed to find argument_specs.yml for role in redhat.satellite.
2026-10-06T08:04:06.801075+00:00 ERROR 'ansible_navigator.actions.collections._parse' /usr/share/ansible/collections/ansible_collections/redhat/satellite/roles/content_credentials/meta/argument_specs.yml Failed to find argument_specs.yml for role in redhat.satellite.
2026-10-06T08:04:06.801095+00:00 ERROR 'ansible_navigator.actions.collections._parse' /usr/share/ansible/collections/ansible_collections/redhat/satellite/roles/content_rhel/meta/argument_specs.yml Failed to find argument_specs.yml for role in redhat.satellite.
2026-10-06T08:04:06.801115+00:00 ERROR 'ansible_navigator.actions.collections._parse' /usr/share/ansible/collections/ansible_collections/redhat/satellite/roles/content_view_publish/meta/argument_specs.yml Failed to find argument_specs.yml for role in redhat.satellite.
2026-10-06T08:04:06.801132+00:00 ERROR 'ansible_navigator.actions.collections._parse' /usr/share/ansible/collections/ansible_collections/redhat/satellite/roles/content_view_version_cleanup/meta/argument_specs.yml Failed to find argument_specs.yml for role in redhat.satellite.
2026-10-06T08:04:06.801149+00:00 ERROR 'ansible_navigator.actions.collections._parse' /usr/share/ansible/collections/ansible_collections/redhat/satellite/roles/content_views/meta/argument_specs.yml Failed to find argument_specs.yml for role in redhat.satellite.
2026-10-06T08:04:06.801177+00:00 ERROR 'ansible_navigator.actions.collections._parse' /usr/share/ansible/collections/ansible_collections/redhat/satellite/roles/convert2rhel/meta/argument_specs.yml Failed to find argument_specs.yml for role in redhat.satellite.
2026-10-06T08:04:06.801198+00:00 ERROR 'ansible_navigator.actions.collections._parse' /usr/share/ansible/collections/ansible_collections/redhat/satellite/roles/domains/meta/argument_specs.yml Failed to find argument_specs.yml for role in redhat.satellite.
2026-10-06T08:04:06.801230+00:00 ERROR 'ansible_navigator.actions.collections._parse' /usr/share/ansible/collections/ansible_collections/redhat/satellite/roles/hostgroups/meta/argument_specs.yml Failed to find argument_specs.yml for role in redhat.satellite.
2026-10-06T08:04:06.801256+00:00 ERROR 'ansible_navigator.actions.collections._parse' /usr/share/ansible/collections/ansible_collections/redhat/satellite/roles/lifecycle_environments/meta/argument_specs.yml Failed to find argument_specs.yml for role in redhat.satellite.
2026-10-06T08:04:06.801275+00:00 ERROR 'ansible_navigator.actions.collections._parse' /usr/share/ansible/collections/ansible_collections/redhat/satellite/roles/locations/meta/argument_specs.yml Failed to find argument_specs.yml for role in redhat.satellite.
2026-10-06T08:04:06.801293+00:00 ERROR 'ansible_navigator.actions.collections._parse' /usr/share/ansible/collections/ansible_collections/redhat/satellite/roles/manifest/meta/argument_specs.yml Failed to find argument_specs.yml for role in redhat.satellite.
2026-10-06T08:04:06.801310+00:00 ERROR 'ansible_navigator.actions.collections._parse' /usr/share/ansible/collections/ansible_collections/redhat/satellite/roles/operatingsystems/meta/argument_specs.yml Failed to find argument_specs.yml for role in redhat.satellite.
2026-10-06T08:04:06.801327+00:00 ERROR 'ansible_navigator.actions.collections._parse' /usr/share/ansible/collections/ansible_collections/redhat/satellite/roles/organizations/meta/argument_specs.yml Failed to find argument_specs.yml for role in redhat.satellite.
2026-10-06T08:04:06.801344+00:00 ERROR 'ansible_navigator.actions.collections._parse' /usr/share/ansible/collections/ansible_collections/redhat/satellite/roles/provisioning_templates/meta/argument_specs.yml Failed to find argument_specs.yml for role in redhat.satellite.
2026-10-06T08:04:06.801361+00:00 ERROR 'ansible_navigator.actions.collections._parse' /usr/share/ansible/collections/ansible_collections/redhat/satellite/roles/repositories/meta/argument_specs.yml Failed to find argument_specs.yml for role in redhat.satellite.
2026-10-06T08:04:06.801381+00:00 ERROR 'ansible_navigator.actions.collections._parse' /usr/share/ansible/collections/ansible_collections/redhat/satellite/roles/settings/meta/argument_specs.yml Failed to find argument_specs.yml for role in redhat.satellite.
2026-10-06T08:04:06.801400+00:00 ERROR 'ansible_navigator.actions.collections._parse' /usr/share/ansible/collections/ansible_collections/redhat/satellite/roles/subnets/meta/argument_specs.yml Failed to find argument_specs.yml for role in redhat.satellite.
2026-10-06T08:04:06.801417+00:00 ERROR 'ansible_navigator.actions.collections._parse' /usr/share/ansible/collections/ansible_collections/redhat/satellite/roles/sync_plans/meta/argument_specs.yml Failed to find argument_specs.yml for role in redhat.satellite.
2026-10-06T08:04:06.801434+00:00 ERROR 'ansible_navigator.actions.collections._parse' /usr/share/ansible/collections/ansible_collections/redhat/satellite_operations/roles/backup/meta/argument_specs.yml Failed to find argument_specs.yml for role in redhat.satellite_operations.
2026-10-06T08:04:06.801455+00:00 ERROR 'ansible_navigator.actions.collections._parse' /usr/share/ansible/collections/ansible_collections/redhat/satellite_operations/roles/backup/meta/main.yml Failed to find main.yml for role in redhat.satellite_operations.
2026-10-06T08:04:06.801471+00:00 ERROR 'ansible_navigator.actions.collections._parse' /usr/share/ansible/collections/ansible_collections/redhat/satellite_operations/roles/capsule_certs_generate/meta/argument_specs.yml Failed to find argument_specs.yml for role in redhat.satellite_operations.
2026-10-06T08:04:06.801489+00:00 ERROR 'ansible_navigator.actions.collections._parse' /usr/share/ansible/collections/ansible_collections/redhat/satellite_operations/roles/capsule_certs_generate/meta/main.yml Failed to find main.yml for role in redhat.satellite_operations.
2026-10-06T08:04:06.801509+00:00 ERROR 'ansible_navigator.actions.collections._parse' /usr/share/ansible/collections/ansible_collections/redhat/satellite_operations/roles/cloud_connector/meta/argument_specs.yml Failed to find argument_specs.yml for role in redhat.satellite_operations.
2026-10-06T08:04:06.801527+00:00 ERROR 'ansible_navigator.actions.collections._parse' /usr/share/ansible/collections/ansible_collections/redhat/satellite_operations/roles/cloud_connector/meta/main.yml Failed to find main.yml for role in redhat.satellite_operations.
2026-10-06T08:04:06.801544+00:00 ERROR 'ansible_navigator.actions.collections._parse' /usr/share/ansible/collections/ansible_collections/redhat/satellite_operations/roles/installer/meta/argument_specs.yml Failed to find argument_specs.yml for role in redhat.satellite_operations.
2026-10-06T08:04:06.801561+00:00 ERROR 'ansible_navigator.actions.collections._parse' /usr/share/ansible/collections/ansible_collections/redhat/satellite_operations/roles/installer/meta/main.yml Failed to find main.yml for role in redhat.satellite_operations.
2026-10-06T08:04:06.801577+00:00 ERROR 'ansible_navigator.actions.collections._parse' /usr/share/ansible/collections/ansible_collections/redhat/satellite_operations/roles/metrics/meta/argument_specs.yml Failed to find argument_specs.yml for role in redhat.satellite_operations.
2026-10-06T08:04:06.801594+00:00 ERROR 'ansible_navigator.actions.collections._parse' /usr/share/ansible/collections/ansible_collections/redhat/satellite_operations/roles/metrics/meta/main.yml Failed to find main.yml for role in redhat.satellite_operations.
2026-10-06T08:04:06.801610+00:00 ERROR 'ansible_navigator.actions.collections._parse' /usr/share/ansible/collections/ansible_collections/network/backup/roles/backup/meta/main.yml Failed to find main.yml for role in network.backup.
2026-10-06T08:04:06.801627+00:00 ERROR 'ansible_navigator.actions.collections._parse' /usr/share/ansible/collections/ansible_collections/network/backup/roles/restore/meta/argument_specs.yml Failed to find argument_specs.yml for role in network.backup.
2026-10-06T08:04:06.801644+00:00 ERROR 'ansible_navigator.actions.collections._parse' /usr/share/ansible/collections/ansible_collections/network/backup/roles/restore/meta/main.yml Failed to find main.yml for role in network.backup.
2026-10-06T08:04:06.801670+00:00 ERROR 'ansible_navigator.actions.collections._parse' /usr/share/ansible/collections/ansible_collections/network/base/roles/configure/meta/argument_specs.yml Failed to find argument_specs.yml for role in network.base.
2026-10-06T08:04:06.801691+00:00 ERROR 'ansible_navigator.actions.collections._parse' /usr/share/ansible/collections/ansible_collections/network/base/roles/configure/meta/main.yml Failed to find main.yml for role in network.base.
2026-10-06T08:04:06.801710+00:00 ERROR 'ansible_navigator.actions.collections._parse' /usr/share/ansible/collections/ansible_collections/network/base/roles/deploy/meta/argument_specs.yml Failed to find argument_specs.yml for role in network.base.
2026-10-06T08:04:06.801727+00:00 ERROR 'ansible_navigator.actions.collections._parse' /usr/share/ansible/collections/ansible_collections/network/base/roles/deploy/meta/main.yml Failed to find main.yml for role in network.base.
2026-10-06T08:04:06.801743+00:00 ERROR 'ansible_navigator.actions.collections._parse' /usr/share/ansible/collections/ansible_collections/network/base/roles/detect/meta/argument_specs.yml Failed to find argument_specs.yml for role in network.base.
2026-10-06T08:04:06.801759+00:00 ERROR 'ansible_navigator.actions.collections._parse' /usr/share/ansible/collections/ansible_collections/network/base/roles/detect/meta/main.yml Failed to find main.yml for role in network.base.
2026-10-06T08:04:06.801777+00:00 ERROR 'ansible_navigator.actions.collections._parse' /usr/share/ansible/collections/ansible_collections/network/base/roles/gather/meta/argument_specs.yml Failed to find argument_specs.yml for role in network.base.
2026-10-06T08:04:06.801796+00:00 ERROR 'ansible_navigator.actions.collections._parse' /usr/share/ansible/collections/ansible_collections/network/base/roles/gather/meta/main.yml Failed to find main.yml for role in network.base.
2026-10-06T08:04:06.801813+00:00 ERROR 'ansible_navigator.actions.collections._parse' /usr/share/ansible/collections/ansible_collections/network/base/roles/list/meta/argument_specs.yml Failed to find argument_specs.yml for role in network.base.
2026-10-06T08:04:06.801829+00:00 ERROR 'ansible_navigator.actions.collections._parse' /usr/share/ansible/collections/ansible_collections/network/base/roles/list/meta/main.yml Failed to find main.yml for role in network.base.
2026-10-06T08:04:06.801846+00:00 ERROR 'ansible_navigator.actions.collections._parse' /usr/share/ansible/collections/ansible_collections/network/base/roles/persist/meta/argument_specs.yml Failed to find argument_specs.yml for role in network.base.
2026-10-06T08:04:06.801862+00:00 ERROR 'ansible_navigator.actions.collections._parse' /usr/share/ansible/collections/ansible_collections/network/base/roles/persist/meta/main.yml Failed to find main.yml for role in network.base.
2026-10-06T08:04:06.801878+00:00 ERROR 'ansible_navigator.actions.collections._parse' /usr/share/ansible/collections/ansible_collections/network/base/roles/remediate/meta/argument_specs.yml Failed to find argument_specs.yml for role in network.base.
2026-10-06T08:04:06.801897+00:00 ERROR 'ansible_navigator.actions.collections._parse' /usr/share/ansible/collections/ansible_collections/network/base/roles/remediate/meta/main.yml Failed to find main.yml for role in network.base.
2026-10-06T08:04:06.801913+00:00 ERROR 'ansible_navigator.actions.collections._parse' /usr/share/ansible/collections/ansible_collections/network/base/roles/resource_manager/meta/argument_specs.yml Failed to find argument_specs.yml for role in network.base.
2026-10-06T08:04:06.801932+00:00 ERROR 'ansible_navigator.actions.collections._parse' /usr/share/ansible/collections/ansible_collections/network/base/roles/resource_manager/meta/main.yml Failed to find main.yml for role in network.base.
2026-10-06T08:04:06.801965+00:00 ERROR 'ansible_navigator.actions.collections._parse' /usr/share/ansible/collections/ansible_collections/network/base/roles/resource_manager/README.md Failed to find README.md for role in network.base.
2026-10-06T08:04:06.801991+00:00 ERROR 'ansible_navigator.actions.collections._parse' /usr/share/ansible/collections/ansible_collections/network/healthchecks/roles/bgp/meta/argument_specs.yml Failed to find argument_specs.yml for role in network.healthchecks.
2026-10-06T08:04:06.802010+00:00 ERROR 'ansible_navigator.actions.collections._parse' /usr/share/ansible/collections/ansible_collections/network/healthchecks/roles/bgp/meta/main.yml Failed to find main.yml for role in network.healthchecks.
2026-10-06T08:04:06.802029+00:00 ERROR 'ansible_navigator.actions.collections._parse' /usr/share/ansible/collections/ansible_collections/network/healthchecks/roles/cpu/meta/argument_specs.yml Failed to find argument_specs.yml for role in network.healthchecks.
2026-10-06T08:04:06.802061+00:00 ERROR 'ansible_navigator.actions.collections._parse' /usr/share/ansible/collections/ansible_collections/network/healthchecks/roles/cpu/meta/main.yml Failed to find main.yml for role in network.healthchecks.
2026-10-06T08:04:06.802080+00:00 ERROR 'ansible_navigator.actions.collections._parse' /usr/share/ansible/collections/ansible_collections/network/healthchecks/roles/crashfiles/meta/argument_specs.yml Failed to find argument_specs.yml for role in network.healthchecks.
2026-10-06T08:04:06.802097+00:00 ERROR 'ansible_navigator.actions.collections._parse' /usr/share/ansible/collections/ansible_collections/network/healthchecks/roles/crashfiles/meta/main.yml Failed to find main.yml for role in network.healthchecks.
2026-10-06T08:04:06.802114+00:00 ERROR 'ansible_navigator.actions.collections._parse' /usr/share/ansible/collections/ansible_collections/network/healthchecks/roles/environment/meta/argument_specs.yml Failed to find argument_specs.yml for role in network.healthchecks.
2026-10-06T08:04:06.802134+00:00 ERROR 'ansible_navigator.actions.collections._parse' /usr/share/ansible/collections/ansible_collections/network/healthchecks/roles/environment/meta/main.yml Failed to find main.yml for role in network.healthchecks.
2026-10-06T08:04:06.802151+00:00 ERROR 'ansible_navigator.actions.collections._parse' /usr/share/ansible/collections/ansible_collections/network/healthchecks/roles/filesystem/meta/argument_specs.yml Failed to find argument_specs.yml for role in network.healthchecks.
2026-10-06T08:04:06.802179+00:00 ERROR 'ansible_navigator.actions.collections._parse' /usr/share/ansible/collections/ansible_collections/network/healthchecks/roles/filesystem/meta/main.yml Failed to find main.yml for role in network.healthchecks.
2026-10-06T08:04:06.802197+00:00 ERROR 'ansible_navigator.actions.collections._parse' /usr/share/ansible/collections/ansible_collections/network/healthchecks/roles/interfaces/meta/argument_specs.yml Failed to find argument_specs.yml for role in network.healthchecks.
2026-10-06T08:04:06.802214+00:00 ERROR 'ansible_navigator.actions.collections._parse' /usr/share/ansible/collections/ansible_collections/network/healthchecks/roles/interfaces/meta/main.yml Failed to find main.yml for role in network.healthchecks.
2026-10-06T08:04:06.802231+00:00 ERROR 'ansible_navigator.actions.collections._parse' /usr/share/ansible/collections/ansible_collections/network/healthchecks/roles/ip_reachability/meta/argument_specs.yml Failed to find argument_specs.yml for role in network.healthchecks.
2026-10-06T08:04:06.802248+00:00 ERROR 'ansible_navigator.actions.collections._parse' /usr/share/ansible/collections/ansible_collections/network/healthchecks/roles/ip_reachability/meta/main.yml Failed to find main.yml for role in network.healthchecks.
2026-10-06T08:04:06.802265+00:00 ERROR 'ansible_navigator.actions.collections._parse' /usr/share/ansible/collections/ansible_collections/network/healthchecks/roles/memory/meta/argument_specs.yml Failed to find argument_specs.yml for role in network.healthchecks.
2026-10-06T08:04:06.802285+00:00 ERROR 'ansible_navigator.actions.collections._parse' /usr/share/ansible/collections/ansible_collections/network/healthchecks/roles/memory/meta/main.yml Failed to find main.yml for role in network.healthchecks.
2026-10-06T08:04:06.802316+00:00 ERROR 'ansible_navigator.actions.collections._parse' /usr/share/ansible/collections/ansible_collections/network/healthchecks/roles/ospf/meta/argument_specs.yml Failed to find argument_specs.yml for role in network.healthchecks.
2026-10-06T08:04:06.802341+00:00 ERROR 'ansible_navigator.actions.collections._parse' /usr/share/ansible/collections/ansible_collections/network/healthchecks/roles/ospf/meta/main.yml Failed to find main.yml for role in network.healthchecks.
2026-10-06T08:04:06.802360+00:00 ERROR 'ansible_navigator.actions.collections._parse' /usr/share/ansible/collections/ansible_collections/network/healthchecks/roles/uptime/meta/argument_specs.yml Failed to find argument_specs.yml for role in network.healthchecks.
2026-10-06T08:04:06.802380+00:00 ERROR 'ansible_navigator.actions.collections._parse' /usr/share/ansible/collections/ansible_collections/network/healthchecks/roles/uptime/meta/main.yml Failed to find main.yml for role in network.healthchecks.
2026-10-06T08:04:06.802396+00:00 ERROR 'ansible_navigator.actions.collections._parse' /usr/share/ansible/collections/ansible_collections/network/inventory_reports/roles/configure/meta/argument_specs.yml Failed to find argument_specs.yml for role in network.inventory_reports.
2026-10-06T08:04:06.802422+00:00 ERROR 'ansible_navigator.actions.collections._parse' /usr/share/ansible/collections/ansible_collections/network/inventory_reports/roles/configure/meta/main.yml Failed to find main.yml for role in network.inventory_reports.
2026-10-06T08:04:06.802440+00:00 ERROR 'ansible_navigator.actions.collections._parse' /usr/share/ansible/collections/ansible_collections/network/inventory_reports/roles/deploy/meta/argument_specs.yml Failed to find argument_specs.yml for role in network.inventory_reports.
2026-10-06T08:04:06.802460+00:00 ERROR 'ansible_navigator.actions.collections._parse' /usr/share/ansible/collections/ansible_collections/network/inventory_reports/roles/deploy/meta/main.yml Failed to find main.yml for role in network.inventory_reports.
2026-10-06T08:04:06.802477+00:00 ERROR 'ansible_navigator.actions.collections._parse' /usr/share/ansible/collections/ansible_collections/network/inventory_reports/roles/detect/meta/argument_specs.yml Failed to find argument_specs.yml for role in network.inventory_reports.
2026-10-06T08:04:06.802495+00:00 ERROR 'ansible_navigator.actions.collections._parse' /usr/share/ansible/collections/ansible_collections/network/inventory_reports/roles/detect/meta/main.yml Failed to find main.yml for role in network.inventory_reports.
2026-10-06T08:04:06.802512+00:00 ERROR 'ansible_navigator.actions.collections._parse' /usr/share/ansible/collections/ansible_collections/network/inventory_reports/roles/gather/meta/argument_specs.yml Failed to find argument_specs.yml for role in network.inventory_reports.
2026-10-06T08:04:06.802529+00:00 ERROR 'ansible_navigator.actions.collections._parse' /usr/share/ansible/collections/ansible_collections/network/inventory_reports/roles/gather/meta/main.yml Failed to find main.yml for role in network.inventory_reports.
2026-10-06T08:04:06.802545+00:00 ERROR 'ansible_navigator.actions.collections._parse' /usr/share/ansible/collections/ansible_collections/network/inventory_reports/roles/generate_report/meta/argument_specs.yml Failed to find argument_specs.yml for role in network.inventory_reports.
2026-10-06T08:04:06.802564+00:00 ERROR 'ansible_navigator.actions.collections._parse' /usr/share/ansible/collections/ansible_collections/network/inventory_reports/roles/generate_report/meta/main.yml Failed to find main.yml for role in network.inventory_reports.
2026-10-06T08:04:06.802581+00:00 ERROR 'ansible_navigator.actions.collections._parse' /usr/share/ansible/collections/ansible_collections/network/inventory_reports/roles/list/meta/argument_specs.yml Failed to find argument_specs.yml for role in network.inventory_reports.
2026-10-06T08:04:06.802597+00:00 ERROR 'ansible_navigator.actions.collections._parse' /usr/share/ansible/collections/ansible_collections/network/inventory_reports/roles/list/meta/main.yml Failed to find main.yml for role in network.inventory_reports.
2026-10-06T08:04:06.802614+00:00 ERROR 'ansible_navigator.actions.collections._parse' /usr/share/ansible/collections/ansible_collections/network/inventory_reports/roles/persist/meta/argument_specs.yml Failed to find argument_specs.yml for role in network.inventory_reports.
2026-10-06T08:04:06.802631+00:00 ERROR 'ansible_navigator.actions.collections._parse' /usr/share/ansible/collections/ansible_collections/network/inventory_reports/roles/persist/meta/main.yml Failed to find main.yml for role in network.inventory_reports.
2026-10-06T08:04:06.802647+00:00 ERROR 'ansible_navigator.actions.collections._parse' /usr/share/ansible/collections/ansible_collections/network/inventory_reports/roles/remediate/meta/argument_specs.yml Failed to find argument_specs.yml for role in network.inventory_reports.
2026-10-06T08:04:06.802675+00:00 ERROR 'ansible_navigator.actions.collections._parse' /usr/share/ansible/collections/ansible_collections/network/inventory_reports/roles/remediate/meta/main.yml Failed to find main.yml for role in network.inventory_reports.
2026-10-06T10:01:29.739613+00:00 ERROR 'ansible_navigator.actions.collections._parse' /usr/share/ansible/collections/ansible_collections/redhat/insights/roles/compliance/meta/argument_specs.yml Failed to find argument_specs.yml for role in redhat.insights.
2026-10-06T10:01:29.740266+00:00 ERROR 'ansible_navigator.actions.collections._parse' /usr/share/ansible/collections/ansible_collections/redhat/insights/roles/insights_client/meta/argument_specs.yml Failed to find argument_specs.yml for role in redhat.insights.
2026-10-06T10:01:29.740355+00:00 ERROR 'ansible_navigator.actions.collections._parse' /usr/share/ansible/collections/ansible_collections/redhat/redhat_csp_download/roles/redhat_csp_download/meta/argument_specs.yml Failed to find argument_specs.yml for role in redhat.redhat_csp_download.
2026-10-06T10:01:29.740387+00:00 ERROR 'ansible_navigator.actions.collections._parse' /usr/share/ansible/collections/ansible_collections/redhat/redhat_csp_download/roles/redhat_csp_download/meta/main.yml Failed to find main.yml for role in redhat.redhat_csp_download.
2026-10-06T10:01:29.740417+00:00 ERROR 'ansible_navigator.actions.collections._parse' /usr/share/ansible/collections/ansible_collections/redhat/rhel_idm/roles/ipabackup/meta/argument_specs.yml Failed to find argument_specs.yml for role in redhat.rhel_idm.
2026-10-06T10:01:29.740455+00:00 ERROR 'ansible_navigator.actions.collections._parse' /usr/share/ansible/collections/ansible_collections/redhat/rhel_idm/roles/ipaclient/meta/argument_specs.yml Failed to find argument_specs.yml for role in redhat.rhel_idm.
2026-10-06T10:01:29.740479+00:00 ERROR 'ansible_navigator.actions.collections._parse' /usr/share/ansible/collections/ansible_collections/redhat/rhel_idm/roles/ipareplica/meta/argument_specs.yml Failed to find argument_specs.yml for role in redhat.rhel_idm.
2026-10-06T10:01:29.740518+00:00 ERROR 'ansible_navigator.actions.collections._parse' /usr/share/ansible/collections/ansible_collections/redhat/rhel_idm/roles/ipaserver/meta/argument_specs.yml Failed to find argument_specs.yml for role in redhat.rhel_idm.
2026-10-06T10:01:29.740573+00:00 ERROR 'ansible_navigator.actions.collections._parse' /usr/share/ansible/collections/ansible_collections/redhat/rhel_idm/roles/ipasmartcard_client/meta/argument_specs.yml Failed to find argument_specs.yml for role in redhat.rhel_idm.
2026-10-06T10:01:29.740597+00:00 ERROR 'ansible_navigator.actions.collections._parse' /usr/share/ansible/collections/ansible_collections/redhat/rhel_idm/roles/ipasmartcard_server/meta/argument_specs.yml Failed to find argument_specs.yml for role in redhat.rhel_idm.
2026-10-06T10:01:29.740618+00:00 ERROR 'ansible_navigator.actions.collections._parse' /usr/share/ansible/collections/ansible_collections/redhat/rhel_system_roles/roles/ad_integration/meta/argument_specs.yml Failed to find argument_specs.yml for role in redhat.rhel_system_roles.
2026-10-06T10:01:29.740638+00:00 ERROR 'ansible_navigator.actions.collections._parse' /usr/share/ansible/collections/ansible_collections/redhat/rhel_system_roles/roles/aide/meta/argument_specs.yml Failed to find argument_specs.yml for role in redhat.rhel_system_roles.
2026-10-06T10:01:29.740657+00:00 ERROR 'ansible_navigator.actions.collections._parse' /usr/share/ansible/collections/ansible_collections/redhat/rhel_system_roles/roles/bootloader/meta/argument_specs.yml Failed to find argument_specs.yml for role in redhat.rhel_system_roles.
2026-10-06T10:01:29.740687+00:00 ERROR 'ansible_navigator.actions.collections._parse' /usr/share/ansible/collections/ansible_collections/redhat/rhel_system_roles/roles/certificate/meta/argument_specs.yml Failed to find argument_specs.yml for role in redhat.rhel_system_roles.
2026-10-06T10:01:29.740706+00:00 ERROR 'ansible_navigator.actions.collections._parse' /usr/share/ansible/collections/ansible_collections/redhat/rhel_system_roles/roles/cockpit/meta/argument_specs.yml Failed to find argument_specs.yml for role in redhat.rhel_system_roles.
2026-10-06T10:01:29.740736+00:00 ERROR 'ansible_navigator.actions.collections._parse' /usr/share/ansible/collections/ansible_collections/redhat/rhel_system_roles/roles/crypto_policies/meta/argument_specs.yml Failed to find argument_specs.yml for role in redhat.rhel_system_roles.
2026-10-06T10:01:29.740760+00:00 ERROR 'ansible_navigator.actions.collections._parse' /usr/share/ansible/collections/ansible_collections/redhat/rhel_system_roles/roles/fapolicyd/meta/argument_specs.yml Failed to find argument_specs.yml for role in redhat.rhel_system_roles.
2026-10-06T10:01:29.740782+00:00 ERROR 'ansible_navigator.actions.collections._parse' /usr/share/ansible/collections/ansible_collections/redhat/rhel_system_roles/roles/firewall/meta/argument_specs.yml Failed to find argument_specs.yml for role in redhat.rhel_system_roles.
2026-10-06T10:01:29.740800+00:00 ERROR 'ansible_navigator.actions.collections._parse' /usr/share/ansible/collections/ansible_collections/redhat/rhel_system_roles/roles/ha_cluster/meta/argument_specs.yml Failed to find argument_specs.yml for role in redhat.rhel_system_roles.
2026-10-06T10:01:29.740819+00:00 ERROR 'ansible_navigator.actions.collections._parse' /usr/share/ansible/collections/ansible_collections/redhat/rhel_system_roles/roles/journald/meta/argument_specs.yml Failed to find argument_specs.yml for role in redhat.rhel_system_roles.
2026-10-06T10:01:29.740840+00:00 ERROR 'ansible_navigator.actions.collections._parse' /usr/share/ansible/collections/ansible_collections/redhat/rhel_system_roles/roles/kdump/meta/argument_specs.yml Failed to find argument_specs.yml for role in redhat.rhel_system_roles.
2026-10-06T10:01:29.740857+00:00 ERROR 'ansible_navigator.actions.collections._parse' /usr/share/ansible/collections/ansible_collections/redhat/rhel_system_roles/roles/kernel_settings/meta/argument_specs.yml Failed to find argument_specs.yml for role in redhat.rhel_system_roles.
2026-10-06T10:01:29.740877+00:00 ERROR 'ansible_navigator.actions.collections._parse' /usr/share/ansible/collections/ansible_collections/redhat/rhel_system_roles/roles/keylime_server/meta/argument_specs.yml Failed to find argument_specs.yml for role in redhat.rhel_system_roles.
2026-10-06T10:01:29.740897+00:00 ERROR 'ansible_navigator.actions.collections._parse' /usr/share/ansible/collections/ansible_collections/redhat/rhel_system_roles/roles/logging/meta/argument_specs.yml Failed to find argument_specs.yml for role in redhat.rhel_system_roles.
2026-10-06T10:01:29.740916+00:00 ERROR 'ansible_navigator.actions.collections._parse' /usr/share/ansible/collections/ansible_collections/redhat/rhel_system_roles/roles/metrics/meta/argument_specs.yml Failed to find argument_specs.yml for role in redhat.rhel_system_roles.
2026-10-06T10:01:29.740934+00:00 ERROR 'ansible_navigator.actions.collections._parse' /usr/share/ansible/collections/ansible_collections/redhat/rhel_system_roles/roles/nbde_client/meta/argument_specs.yml Failed to find argument_specs.yml for role in redhat.rhel_system_roles.
2026-10-06T10:01:29.740951+00:00 ERROR 'ansible_navigator.actions.collections._parse' /usr/share/ansible/collections/ansible_collections/redhat/rhel_system_roles/roles/nbde_server/meta/argument_specs.yml Failed to find argument_specs.yml for role in redhat.rhel_system_roles.
2026-10-06T10:01:29.740968+00:00 ERROR 'ansible_navigator.actions.collections._parse' /usr/share/ansible/collections/ansible_collections/redhat/rhel_system_roles/roles/network/meta/argument_specs.yml Failed to find argument_specs.yml for role in redhat.rhel_system_roles.
2026-10-06T10:01:29.740985+00:00 ERROR 'ansible_navigator.actions.collections._parse' /usr/share/ansible/collections/ansible_collections/redhat/rhel_system_roles/roles/podman/meta/argument_specs.yml Failed to find argument_specs.yml for role in redhat.rhel_system_roles.
2026-10-06T10:01:29.741003+00:00 ERROR 'ansible_navigator.actions.collections._parse' /usr/share/ansible/collections/ansible_collections/redhat/rhel_system_roles/roles/postfix/meta/argument_specs.yml Failed to find argument_specs.yml for role in redhat.rhel_system_roles.
2026-10-06T10:01:29.741020+00:00 ERROR 'ansible_navigator.actions.collections._parse' /usr/share/ansible/collections/ansible_collections/redhat/rhel_system_roles/roles/postgresql/meta/argument_specs.yml Failed to find argument_specs.yml for role in redhat.rhel_system_roles.
2026-10-06T10:01:29.741037+00:00 ERROR 'ansible_navigator.actions.collections._parse' /usr/share/ansible/collections/ansible_collections/redhat/rhel_system_roles/roles/private_logging_subrole_rsyslog/meta/argument_specs.yml Failed to find argument_specs.yml for role in redhat.rhel_system_roles.
2026-10-06T10:01:29.741074+00:00 ERROR 'ansible_navigator.actions.collections._parse' /usr/share/ansible/collections/ansible_collections/redhat/rhel_system_roles/roles/private_metrics_subrole_bpftrace/meta/argument_specs.yml Failed to find argument_specs.yml for role in redhat.rhel_system_roles.
2026-10-06T10:01:29.741093+00:00 ERROR 'ansible_navigator.actions.collections._parse' /usr/share/ansible/collections/ansible_collections/redhat/rhel_system_roles/roles/private_metrics_subrole_elasticsearch/meta/argument_specs.yml Failed to find argument_specs.yml for role in redhat.rhel_system_roles.
2026-10-06T10:01:29.741111+00:00 ERROR 'ansible_navigator.actions.collections._parse' /usr/share/ansible/collections/ansible_collections/redhat/rhel_system_roles/roles/private_metrics_subrole_grafana/meta/argument_specs.yml Failed to find argument_specs.yml for role in redhat.rhel_system_roles.
2026-10-06T10:01:29.741128+00:00 ERROR 'ansible_navigator.actions.collections._parse' /usr/share/ansible/collections/ansible_collections/redhat/rhel_system_roles/roles/private_metrics_subrole_keyserver/meta/argument_specs.yml Failed to find argument_specs.yml for role in redhat.rhel_system_roles.
2026-10-06T10:01:29.741153+00:00 ERROR 'ansible_navigator.actions.collections._parse' /usr/share/ansible/collections/ansible_collections/redhat/rhel_system_roles/roles/private_metrics_subrole_mssql/meta/argument_specs.yml Failed to find argument_specs.yml for role in redhat.rhel_system_roles.
2026-10-06T10:01:29.741184+00:00 ERROR 'ansible_navigator.actions.collections._parse' /usr/share/ansible/collections/ansible_collections/redhat/rhel_system_roles/roles/private_metrics_subrole_pcp/meta/argument_specs.yml Failed to find argument_specs.yml for role in redhat.rhel_system_roles.
2026-10-06T10:01:29.741210+00:00 ERROR 'ansible_navigator.actions.collections._parse' /usr/share/ansible/collections/ansible_collections/redhat/rhel_system_roles/roles/private_metrics_subrole_postfix/meta/argument_specs.yml Failed to find argument_specs.yml for role in redhat.rhel_system_roles.
2026-10-06T10:01:29.741227+00:00 ERROR 'ansible_navigator.actions.collections._parse' /usr/share/ansible/collections/ansible_collections/redhat/rhel_system_roles/roles/private_metrics_subrole_repository/meta/argument_specs.yml Failed to find argument_specs.yml for role in redhat.rhel_system_roles.
2026-10-06T10:01:29.741244+00:00 ERROR 'ansible_navigator.actions.collections._parse' /usr/share/ansible/collections/ansible_collections/redhat/rhel_system_roles/roles/private_metrics_subrole_spark/meta/argument_specs.yml Failed to find argument_specs.yml for role in redhat.rhel_system_roles.
2026-10-06T10:01:29.741260+00:00 ERROR 'ansible_navigator.actions.collections._parse' /usr/share/ansible/collections/ansible_collections/redhat/rhel_system_roles/roles/rhc/meta/argument_specs.yml Failed to find argument_specs.yml for role in redhat.rhel_system_roles.
2026-10-06T10:01:29.741277+00:00 ERROR 'ansible_navigator.actions.collections._parse' /usr/share/ansible/collections/ansible_collections/redhat/rhel_system_roles/roles/selinux/meta/argument_specs.yml Failed to find argument_specs.yml for role in redhat.rhel_system_roles.
2026-10-06T10:01:29.741293+00:00 ERROR 'ansible_navigator.actions.collections._parse' /usr/share/ansible/collections/ansible_collections/redhat/rhel_system_roles/roles/snapshot/meta/argument_specs.yml Failed to find argument_specs.yml for role in redhat.rhel_system_roles.
2026-10-06T10:01:29.741310+00:00 ERROR 'ansible_navigator.actions.collections._parse' /usr/share/ansible/collections/ansible_collections/redhat/rhel_system_roles/roles/ssh/meta/argument_specs.yml Failed to find argument_specs.yml for role in redhat.rhel_system_roles.
2026-10-06T10:01:29.741326+00:00 ERROR 'ansible_navigator.actions.collections._parse' /usr/share/ansible/collections/ansible_collections/redhat/rhel_system_roles/roles/sshd/meta/argument_specs.yml Failed to find argument_specs.yml for role in redhat.rhel_system_roles.
2026-10-06T10:01:29.741356+00:00 ERROR 'ansible_navigator.actions.collections._parse' /usr/share/ansible/collections/ansible_collections/redhat/rhel_system_roles/roles/storage/meta/argument_specs.yml Failed to find argument_specs.yml for role in redhat.rhel_system_roles.
2026-10-06T10:01:29.741390+00:00 ERROR 'ansible_navigator.actions.collections._parse' /usr/share/ansible/collections/ansible_collections/redhat/rhel_system_roles/roles/sudo/meta/argument_specs.yml Failed to find argument_specs.yml for role in redhat.rhel_system_roles.
2026-10-06T10:01:29.741409+00:00 ERROR 'ansible_navigator.actions.collections._parse' /usr/share/ansible/collections/ansible_collections/redhat/rhel_system_roles/roles/systemd/meta/argument_specs.yml Failed to find argument_specs.yml for role in redhat.rhel_system_roles.
2026-10-06T10:01:29.741426+00:00 ERROR 'ansible_navigator.actions.collections._parse' /usr/share/ansible/collections/ansible_collections/redhat/rhel_system_roles/roles/timesync/meta/argument_specs.yml Failed to find argument_specs.yml for role in redhat.rhel_system_roles.
2026-10-06T10:01:29.741443+00:00 ERROR 'ansible_navigator.actions.collections._parse' /usr/share/ansible/collections/ansible_collections/redhat/rhel_system_roles/roles/tlog/meta/argument_specs.yml Failed to find argument_specs.yml for role in redhat.rhel_system_roles.
2026-10-06T10:01:29.741463+00:00 ERROR 'ansible_navigator.actions.collections._parse' /usr/share/ansible/collections/ansible_collections/redhat/rhel_system_roles/roles/vpn/meta/argument_specs.yml Failed to find argument_specs.yml for role in redhat.rhel_system_roles.
2026-10-06T10:01:29.741480+00:00 ERROR 'ansible_navigator.actions.collections._parse' /usr/share/ansible/collections/ansible_collections/redhat/rhv/roles/cluster_upgrade/meta/argument_specs.yml Failed to find argument_specs.yml for role in redhat.rhv.
2026-10-06T10:01:29.741497+00:00 ERROR 'ansible_navigator.actions.collections._parse' /usr/share/ansible/collections/ansible_collections/redhat/rhv/roles/cluster_upgrade/meta/main.yml Failed to find main.yml for role in redhat.rhv.
2026-10-06T10:01:29.741514+00:00 ERROR 'ansible_navigator.actions.collections._parse' /usr/share/ansible/collections/ansible_collections/redhat/rhv/roles/disaster_recovery/meta/argument_specs.yml Failed to find argument_specs.yml for role in redhat.rhv.
2026-10-06T10:01:29.741548+00:00 ERROR 'ansible_navigator.actions.collections._parse' /usr/share/ansible/collections/ansible_collections/redhat/rhv/roles/disaster_recovery/meta/main.yml Failed to find main.yml for role in redhat.rhv.
2026-10-06T10:01:29.741590+00:00 ERROR 'ansible_navigator.actions.collections._parse' /usr/share/ansible/collections/ansible_collections/redhat/rhv/roles/engine_setup/meta/argument_specs.yml Failed to find argument_specs.yml for role in redhat.rhv.
2026-10-06T10:01:29.741625+00:00 ERROR 'ansible_navigator.actions.collections._parse' /usr/share/ansible/collections/ansible_collections/redhat/rhv/roles/engine_setup/meta/main.yml Failed to find main.yml for role in redhat.rhv.
2026-10-06T10:01:29.741646+00:00 ERROR 'ansible_navigator.actions.collections._parse' /usr/share/ansible/collections/ansible_collections/redhat/rhv/roles/hosted_engine_setup/meta/argument_specs.yml Failed to find argument_specs.yml for role in redhat.rhv.
2026-10-06T10:01:29.741674+00:00 ERROR 'ansible_navigator.actions.collections._parse' /usr/share/ansible/collections/ansible_collections/redhat/rhv/roles/hosted_engine_setup/meta/main.yml Failed to find main.yml for role in redhat.rhv.
2026-10-06T10:01:29.741694+00:00 ERROR 'ansible_navigator.actions.collections._parse' /usr/share/ansible/collections/ansible_collections/redhat/rhv/roles/image_template/meta/argument_specs.yml Failed to find argument_specs.yml for role in redhat.rhv.
2026-10-06T10:01:29.741722+00:00 ERROR 'ansible_navigator.actions.collections._parse' /usr/share/ansible/collections/ansible_collections/redhat/rhv/roles/image_template/meta/main.yml Failed to find main.yml for role in redhat.rhv.
2026-10-06T10:01:29.741758+00:00 ERROR 'ansible_navigator.actions.collections._parse' /usr/share/ansible/collections/ansible_collections/redhat/rhv/roles/infra/meta/argument_specs.yml Failed to find argument_specs.yml for role in redhat.rhv.
2026-10-06T10:01:29.741784+00:00 ERROR 'ansible_navigator.actions.collections._parse' /usr/share/ansible/collections/ansible_collections/redhat/rhv/roles/infra/meta/main.yml Failed to find main.yml for role in redhat.rhv.
2026-10-06T10:01:29.741804+00:00 ERROR 'ansible_navigator.actions.collections._parse' /usr/share/ansible/collections/ansible_collections/redhat/rhv/roles/remove_stale_lun/meta/argument_specs.yml Failed to find argument_specs.yml for role in redhat.rhv.
2026-10-06T10:01:29.741824+00:00 ERROR 'ansible_navigator.actions.collections._parse' /usr/share/ansible/collections/ansible_collections/redhat/rhv/roles/remove_stale_lun/meta/main.yml Failed to find main.yml for role in redhat.rhv.
2026-10-06T10:01:29.741843+00:00 ERROR 'ansible_navigator.actions.collections._parse' /usr/share/ansible/collections/ansible_collections/redhat/rhv/roles/repositories/meta/argument_specs.yml Failed to find argument_specs.yml for role in redhat.rhv.
2026-10-06T10:01:29.741864+00:00 ERROR 'ansible_navigator.actions.collections._parse' /usr/share/ansible/collections/ansible_collections/redhat/rhv/roles/repositories/meta/main.yml Failed to find main.yml for role in redhat.rhv.
2026-10-06T10:01:29.741882+00:00 ERROR 'ansible_navigator.actions.collections._parse' /usr/share/ansible/collections/ansible_collections/redhat/rhv/roles/shutdown_env/meta/argument_specs.yml Failed to find argument_specs.yml for role in redhat.rhv.
2026-10-06T10:01:29.741900+00:00 ERROR 'ansible_navigator.actions.collections._parse' /usr/share/ansible/collections/ansible_collections/redhat/rhv/roles/shutdown_env/meta/main.yml Failed to find main.yml for role in redhat.rhv.
2026-10-06T10:01:29.741917+00:00 ERROR 'ansible_navigator.actions.collections._parse' /usr/share/ansible/collections/ansible_collections/redhat/rhv/roles/vm_infra/meta/argument_specs.yml Failed to find argument_specs.yml for role in redhat.rhv.
2026-10-06T10:01:29.741935+00:00 ERROR 'ansible_navigator.actions.collections._parse' /usr/share/ansible/collections/ansible_collections/redhat/rhv/roles/vm_infra/meta/main.yml Failed to find main.yml for role in redhat.rhv.
2026-10-06T10:01:29.741952+00:00 ERROR 'ansible_navigator.actions.collections._parse' /usr/share/ansible/collections/ansible_collections/redhat/sap_install/roles/sap_ha_install_hana_hsr/meta/argument_specs.yml Failed to find argument_specs.yml for role in redhat.sap_install.
2026-10-06T10:01:29.741974+00:00 ERROR 'ansible_navigator.actions.collections._parse' /usr/share/ansible/collections/ansible_collections/redhat/sap_install/roles/sap_swpm/meta/argument_specs.yml Failed to find argument_specs.yml for role in redhat.sap_install.
2026-10-06T10:01:29.741992+00:00 ERROR 'ansible_navigator.actions.collections._parse' /usr/share/ansible/collections/ansible_collections/redhat/satellite/roles/activation_keys/meta/argument_specs.yml Failed to find argument_specs.yml for role in redhat.satellite.
2026-10-06T10:01:29.742009+00:00 ERROR 'ansible_navigator.actions.collections._parse' /usr/share/ansible/collections/ansible_collections/redhat/satellite/roles/auth_sources_ldap/meta/argument_specs.yml Failed to find argument_specs.yml for role in redhat.satellite.
2026-10-06T10:01:29.742028+00:00 ERROR 'ansible_navigator.actions.collections._parse' /usr/share/ansible/collections/ansible_collections/redhat/satellite/roles/compute_profiles/meta/argument_specs.yml Failed to find argument_specs.yml for role in redhat.satellite.
2026-10-06T10:01:29.742070+00:00 ERROR 'ansible_navigator.actions.collections._parse' /usr/share/ansible/collections/ansible_collections/redhat/satellite/roles/compute_resources/meta/argument_specs.yml Failed to find argument_specs.yml for role in redhat.satellite.
2026-10-06T10:01:29.742090+00:00 ERROR 'ansible_navigator.actions.collections._parse' /usr/share/ansible/collections/ansible_collections/redhat/satellite/roles/content_credentials/meta/argument_specs.yml Failed to find argument_specs.yml for role in redhat.satellite.
2026-10-06T10:01:29.742110+00:00 ERROR 'ansible_navigator.actions.collections._parse' /usr/share/ansible/collections/ansible_collections/redhat/satellite/roles/content_rhel/meta/argument_specs.yml Failed to find argument_specs.yml for role in redhat.satellite.
2026-10-06T10:01:29.742127+00:00 ERROR 'ansible_navigator.actions.collections._parse' /usr/share/ansible/collections/ansible_collections/redhat/satellite/roles/content_view_publish/meta/argument_specs.yml Failed to find argument_specs.yml for role in redhat.satellite.
2026-10-06T10:01:29.742144+00:00 ERROR 'ansible_navigator.actions.collections._parse' /usr/share/ansible/collections/ansible_collections/redhat/satellite/roles/content_view_version_cleanup/meta/argument_specs.yml Failed to find argument_specs.yml for role in redhat.satellite.
2026-10-06T10:01:29.742162+00:00 ERROR 'ansible_navigator.actions.collections._parse' /usr/share/ansible/collections/ansible_collections/redhat/satellite/roles/content_views/meta/argument_specs.yml Failed to find argument_specs.yml for role in redhat.satellite.
2026-10-06T10:01:29.742178+00:00 ERROR 'ansible_navigator.actions.collections._parse' /usr/share/ansible/collections/ansible_collections/redhat/satellite/roles/convert2rhel/meta/argument_specs.yml Failed to find argument_specs.yml for role in redhat.satellite.
2026-10-06T10:01:29.742195+00:00 ERROR 'ansible_navigator.actions.collections._parse' /usr/share/ansible/collections/ansible_collections/redhat/satellite/roles/domains/meta/argument_specs.yml Failed to find argument_specs.yml for role in redhat.satellite.
2026-10-06T10:01:29.742212+00:00 ERROR 'ansible_navigator.actions.collections._parse' /usr/share/ansible/collections/ansible_collections/redhat/satellite/roles/hostgroups/meta/argument_specs.yml Failed to find argument_specs.yml for role in redhat.satellite.
2026-10-06T10:01:29.742229+00:00 ERROR 'ansible_navigator.actions.collections._parse' /usr/share/ansible/collections/ansible_collections/redhat/satellite/roles/lifecycle_environments/meta/argument_specs.yml Failed to find argument_specs.yml for role in redhat.satellite.
2026-10-06T10:01:29.742246+00:00 ERROR 'ansible_navigator.actions.collections._parse' /usr/share/ansible/collections/ansible_collections/redhat/satellite/roles/locations/meta/argument_specs.yml Failed to find argument_specs.yml for role in redhat.satellite.
2026-10-06T10:01:29.742262+00:00 ERROR 'ansible_navigator.actions.collections._parse' /usr/share/ansible/collections/ansible_collections/redhat/satellite/roles/manifest/meta/argument_specs.yml Failed to find argument_specs.yml for role in redhat.satellite.
2026-10-06T10:01:29.742279+00:00 ERROR 'ansible_navigator.actions.collections._parse' /usr/share/ansible/collections/ansible_collections/redhat/satellite/roles/operatingsystems/meta/argument_specs.yml Failed to find argument_specs.yml for role in redhat.satellite.
2026-10-06T10:01:29.742296+00:00 ERROR 'ansible_navigator.actions.collections._parse' /usr/share/ansible/collections/ansible_collections/redhat/satellite/roles/organizations/meta/argument_specs.yml Failed to find argument_specs.yml for role in redhat.satellite.
2026-10-06T10:01:29.742315+00:00 ERROR 'ansible_navigator.actions.collections._parse' /usr/share/ansible/collections/ansible_collections/redhat/satellite/roles/provisioning_templates/meta/argument_specs.yml Failed to find argument_specs.yml for role in redhat.satellite.
2026-10-06T10:01:29.742333+00:00 ERROR 'ansible_navigator.actions.collections._parse' /usr/share/ansible/collections/ansible_collections/redhat/satellite/roles/repositories/meta/argument_specs.yml Failed to find argument_specs.yml for role in redhat.satellite.
2026-10-06T10:01:29.742350+00:00 ERROR 'ansible_navigator.actions.collections._parse' /usr/share/ansible/collections/ansible_collections/redhat/satellite/roles/settings/meta/argument_specs.yml Failed to find argument_specs.yml for role in redhat.satellite.
2026-10-06T10:01:29.742366+00:00 ERROR 'ansible_navigator.actions.collections._parse' /usr/share/ansible/collections/ansible_collections/redhat/satellite/roles/subnets/meta/argument_specs.yml Failed to find argument_specs.yml for role in redhat.satellite.
2026-10-06T10:01:29.742385+00:00 ERROR 'ansible_navigator.actions.collections._parse' /usr/share/ansible/collections/ansible_collections/redhat/satellite/roles/sync_plans/meta/argument_specs.yml Failed to find argument_specs.yml for role in redhat.satellite.
2026-10-06T10:01:29.742402+00:00 ERROR 'ansible_navigator.actions.collections._parse' /usr/share/ansible/collections/ansible_collections/redhat/satellite_operations/roles/backup/meta/argument_specs.yml Failed to find argument_specs.yml for role in redhat.satellite_operations.
2026-10-06T10:01:29.742429+00:00 ERROR 'ansible_navigator.actions.collections._parse' /usr/share/ansible/collections/ansible_collections/redhat/satellite_operations/roles/backup/meta/main.yml Failed to find main.yml for role in redhat.satellite_operations.
2026-10-06T10:01:29.742461+00:00 ERROR 'ansible_navigator.actions.collections._parse' /usr/share/ansible/collections/ansible_collections/redhat/satellite_operations/roles/capsule_certs_generate/meta/argument_specs.yml Failed to find argument_specs.yml for role in redhat.satellite_operations.
2026-10-06T10:01:29.742482+00:00 ERROR 'ansible_navigator.actions.collections._parse' /usr/share/ansible/collections/ansible_collections/redhat/satellite_operations/roles/capsule_certs_generate/meta/main.yml Failed to find main.yml for role in redhat.satellite_operations.
2026-10-06T10:01:29.742499+00:00 ERROR 'ansible_navigator.actions.collections._parse' /usr/share/ansible/collections/ansible_collections/redhat/satellite_operations/roles/cloud_connector/meta/argument_specs.yml Failed to find argument_specs.yml for role in redhat.satellite_operations.
2026-10-06T10:01:29.742516+00:00 ERROR 'ansible_navigator.actions.collections._parse' /usr/share/ansible/collections/ansible_collections/redhat/satellite_operations/roles/cloud_connector/meta/main.yml Failed to find main.yml for role in redhat.satellite_operations.
2026-10-06T10:01:29.742532+00:00 ERROR 'ansible_navigator.actions.collections._parse' /usr/share/ansible/collections/ansible_collections/redhat/satellite_operations/roles/installer/meta/argument_specs.yml Failed to find argument_specs.yml for role in redhat.satellite_operations.
2026-10-06T10:01:29.742549+00:00 ERROR 'ansible_navigator.actions.collections._parse' /usr/share/ansible/collections/ansible_collections/redhat/satellite_operations/roles/installer/meta/main.yml Failed to find main.yml for role in redhat.satellite_operations.
2026-10-06T10:01:29.742566+00:00 ERROR 'ansible_navigator.actions.collections._parse' /usr/share/ansible/collections/ansible_collections/redhat/satellite_operations/roles/metrics/meta/argument_specs.yml Failed to find argument_specs.yml for role in redhat.satellite_operations.
2026-10-06T10:01:29.742583+00:00 ERROR 'ansible_navigator.actions.collections._parse' /usr/share/ansible/collections/ansible_collections/redhat/satellite_operations/roles/metrics/meta/main.yml Failed to find main.yml for role in redhat.satellite_operations.
2026-10-06T10:01:29.742600+00:00 ERROR 'ansible_navigator.actions.collections._parse' /usr/share/ansible/collections/ansible_collections/network/backup/roles/backup/meta/main.yml Failed to find main.yml for role in network.backup.
2026-10-06T10:01:29.742617+00:00 ERROR 'ansible_navigator.actions.collections._parse' /usr/share/ansible/collections/ansible_collections/network/backup/roles/restore/meta/argument_specs.yml Failed to find argument_specs.yml for role in network.backup.
2026-10-06T10:01:29.742633+00:00 ERROR 'ansible_navigator.actions.collections._parse' /usr/share/ansible/collections/ansible_collections/network/backup/roles/restore/meta/main.yml Failed to find main.yml for role in network.backup.
2026-10-06T10:01:29.742652+00:00 ERROR 'ansible_navigator.actions.collections._parse' /usr/share/ansible/collections/ansible_collections/network/base/roles/configure/meta/argument_specs.yml Failed to find argument_specs.yml for role in network.base.
2026-10-06T10:01:29.742681+00:00 ERROR 'ansible_navigator.actions.collections._parse' /usr/share/ansible/collections/ansible_collections/network/base/roles/configure/meta/main.yml Failed to find main.yml for role in network.base.
2026-10-06T10:01:29.742700+00:00 ERROR 'ansible_navigator.actions.collections._parse' /usr/share/ansible/collections/ansible_collections/network/base/roles/deploy/meta/argument_specs.yml Failed to find argument_specs.yml for role in network.base.
2026-10-06T10:01:29.742722+00:00 ERROR 'ansible_navigator.actions.collections._parse' /usr/share/ansible/collections/ansible_collections/network/base/roles/deploy/meta/main.yml Failed to find main.yml for role in network.base.
2026-10-06T10:01:29.742745+00:00 ERROR 'ansible_navigator.actions.collections._parse' /usr/share/ansible/collections/ansible_collections/network/base/roles/detect/meta/argument_specs.yml Failed to find argument_specs.yml for role in network.base.
2026-10-06T10:01:29.742762+00:00 ERROR 'ansible_navigator.actions.collections._parse' /usr/share/ansible/collections/ansible_collections/network/base/roles/detect/meta/main.yml Failed to find main.yml for role in network.base.
2026-10-06T10:01:29.742779+00:00 ERROR 'ansible_navigator.actions.collections._parse' /usr/share/ansible/collections/ansible_collections/network/base/roles/gather/meta/argument_specs.yml Failed to find argument_specs.yml for role in network.base.
2026-10-06T10:01:29.742798+00:00 ERROR 'ansible_navigator.actions.collections._parse' /usr/share/ansible/collections/ansible_collections/network/base/roles/gather/meta/main.yml Failed to find main.yml for role in network.base.
2026-10-06T10:01:29.742815+00:00 ERROR 'ansible_navigator.actions.collections._parse' /usr/share/ansible/collections/ansible_collections/network/base/roles/list/meta/argument_specs.yml Failed to find argument_specs.yml for role in network.base.
2026-10-06T10:01:29.742832+00:00 ERROR 'ansible_navigator.actions.collections._parse' /usr/share/ansible/collections/ansible_collections/network/base/roles/list/meta/main.yml Failed to find main.yml for role in network.base.
2026-10-06T10:01:29.742848+00:00 ERROR 'ansible_navigator.actions.collections._parse' /usr/share/ansible/collections/ansible_collections/network/base/roles/persist/meta/argument_specs.yml Failed to find argument_specs.yml for role in network.base.
2026-10-06T10:01:29.742865+00:00 ERROR 'ansible_navigator.actions.collections._parse' /usr/share/ansible/collections/ansible_collections/network/base/roles/persist/meta/main.yml Failed to find main.yml for role in network.base.
2026-10-06T10:01:29.742882+00:00 ERROR 'ansible_navigator.actions.collections._parse' /usr/share/ansible/collections/ansible_collections/network/base/roles/remediate/meta/argument_specs.yml Failed to find argument_specs.yml for role in network.base.
2026-10-06T10:01:29.742901+00:00 ERROR 'ansible_navigator.actions.collections._parse' /usr/share/ansible/collections/ansible_collections/network/base/roles/remediate/meta/main.yml Failed to find main.yml for role in network.base.
2026-10-06T10:01:29.742917+00:00 ERROR 'ansible_navigator.actions.collections._parse' /usr/share/ansible/collections/ansible_collections/network/base/roles/resource_manager/meta/argument_specs.yml Failed to find argument_specs.yml for role in network.base.
2026-10-06T10:01:29.742934+00:00 ERROR 'ansible_navigator.actions.collections._parse' /usr/share/ansible/collections/ansible_collections/network/base/roles/resource_manager/meta/main.yml Failed to find main.yml for role in network.base.
2026-10-06T10:01:29.742951+00:00 ERROR 'ansible_navigator.actions.collections._parse' /usr/share/ansible/collections/ansible_collections/network/base/roles/resource_manager/README.md Failed to find README.md for role in network.base.
2026-10-06T10:01:29.742967+00:00 ERROR 'ansible_navigator.actions.collections._parse' /usr/share/ansible/collections/ansible_collections/network/healthchecks/roles/bgp/meta/argument_specs.yml Failed to find argument_specs.yml for role in network.healthchecks.
2026-10-06T10:01:29.742987+00:00 ERROR 'ansible_navigator.actions.collections._parse' /usr/share/ansible/collections/ansible_collections/network/healthchecks/roles/bgp/meta/main.yml Failed to find main.yml for role in network.healthchecks.
2026-10-06T10:01:29.743006+00:00 ERROR 'ansible_navigator.actions.collections._parse' /usr/share/ansible/collections/ansible_collections/network/healthchecks/roles/cpu/meta/argument_specs.yml Failed to find argument_specs.yml for role in network.healthchecks.
2026-10-06T10:01:29.743022+00:00 ERROR 'ansible_navigator.actions.collections._parse' /usr/share/ansible/collections/ansible_collections/network/healthchecks/roles/cpu/meta/main.yml Failed to find main.yml for role in network.healthchecks.
2026-10-06T10:01:29.743050+00:00 ERROR 'ansible_navigator.actions.collections._parse' /usr/share/ansible/collections/ansible_collections/network/healthchecks/roles/crashfiles/meta/argument_specs.yml Failed to find argument_specs.yml for role in network.healthchecks.
2026-10-06T10:01:29.743071+00:00 ERROR 'ansible_navigator.actions.collections._parse' /usr/share/ansible/collections/ansible_collections/network/healthchecks/roles/crashfiles/meta/main.yml Failed to find main.yml for role in network.healthchecks.
2026-10-06T10:01:29.743088+00:00 ERROR 'ansible_navigator.actions.collections._parse' /usr/share/ansible/collections/ansible_collections/network/healthchecks/roles/environment/meta/argument_specs.yml Failed to find argument_specs.yml for role in network.healthchecks.
2026-10-06T10:01:29.743105+00:00 ERROR 'ansible_navigator.actions.collections._parse' /usr/share/ansible/collections/ansible_collections/network/healthchecks/roles/environment/meta/main.yml Failed to find main.yml for role in network.healthchecks.
2026-10-06T10:01:29.743122+00:00 ERROR 'ansible_navigator.actions.collections._parse' /usr/share/ansible/collections/ansible_collections/network/healthchecks/roles/filesystem/meta/argument_specs.yml Failed to find argument_specs.yml for role in network.healthchecks.
2026-10-06T10:01:29.743141+00:00 ERROR 'ansible_navigator.actions.collections._parse' /usr/share/ansible/collections/ansible_collections/network/healthchecks/roles/filesystem/meta/main.yml Failed to find main.yml for role in network.healthchecks.
2026-10-06T10:01:29.743158+00:00 ERROR 'ansible_navigator.actions.collections._parse' /usr/share/ansible/collections/ansible_collections/network/healthchecks/roles/interfaces/meta/argument_specs.yml Failed to find argument_specs.yml for role in network.healthchecks.
2026-10-06T10:01:29.743182+00:00 ERROR 'ansible_navigator.actions.collections._parse' /usr/share/ansible/collections/ansible_collections/network/healthchecks/roles/interfaces/meta/main.yml Failed to find main.yml for role in network.healthchecks.
2026-10-06T10:01:29.743200+00:00 ERROR 'ansible_navigator.actions.collections._parse' /usr/share/ansible/collections/ansible_collections/network/healthchecks/roles/ip_reachability/meta/argument_specs.yml Failed to find argument_specs.yml for role in network.healthchecks.
2026-10-06T10:01:29.743216+00:00 ERROR 'ansible_navigator.actions.collections._parse' /usr/share/ansible/collections/ansible_collections/network/healthchecks/roles/ip_reachability/meta/main.yml Failed to find main.yml for role in network.healthchecks.
2026-10-06T10:01:29.743241+00:00 ERROR 'ansible_navigator.actions.collections._parse' /usr/share/ansible/collections/ansible_collections/network/healthchecks/roles/memory/meta/argument_specs.yml Failed to find argument_specs.yml for role in network.healthchecks.
2026-10-06T10:01:29.743274+00:00 ERROR 'ansible_navigator.actions.collections._parse' /usr/share/ansible/collections/ansible_collections/network/healthchecks/roles/memory/meta/main.yml Failed to find main.yml for role in network.healthchecks.
2026-10-06T10:01:29.743300+00:00 ERROR 'ansible_navigator.actions.collections._parse' /usr/share/ansible/collections/ansible_collections/network/healthchecks/roles/ospf/meta/argument_specs.yml Failed to find argument_specs.yml for role in network.healthchecks.
2026-10-06T10:01:29.743318+00:00 ERROR 'ansible_navigator.actions.collections._parse' /usr/share/ansible/collections/ansible_collections/network/healthchecks/roles/ospf/meta/main.yml Failed to find main.yml for role in network.healthchecks.
2026-10-06T10:01:29.743338+00:00 ERROR 'ansible_navigator.actions.collections._parse' /usr/share/ansible/collections/ansible_collections/network/healthchecks/roles/uptime/meta/argument_specs.yml Failed to find argument_specs.yml for role in network.healthchecks.
2026-10-06T10:01:29.743356+00:00 ERROR 'ansible_navigator.actions.collections._parse' /usr/share/ansible/collections/ansible_collections/network/healthchecks/roles/uptime/meta/main.yml Failed to find main.yml for role in network.healthchecks.
2026-10-06T10:01:29.743372+00:00 ERROR 'ansible_navigator.actions.collections._parse' /usr/share/ansible/collections/ansible_collections/network/inventory_reports/roles/configure/meta/argument_specs.yml Failed to find argument_specs.yml for role in network.inventory_reports.
2026-10-06T10:01:29.743392+00:00 ERROR 'ansible_navigator.actions.collections._parse' /usr/share/ansible/collections/ansible_collections/network/inventory_reports/roles/configure/meta/main.yml Failed to find main.yml for role in network.inventory_reports.
2026-10-06T10:01:29.743409+00:00 ERROR 'ansible_navigator.actions.collections._parse' /usr/share/ansible/collections/ansible_collections/network/inventory_reports/roles/deploy/meta/argument_specs.yml Failed to find argument_specs.yml for role in network.inventory_reports.
2026-10-06T10:01:29.743428+00:00 ERROR 'ansible_navigator.actions.collections._parse' /usr/share/ansible/collections/ansible_collections/network/inventory_reports/roles/deploy/meta/main.yml Failed to find main.yml for role in network.inventory_reports.
2026-10-06T10:01:29.743445+00:00 ERROR 'ansible_navigator.actions.collections._parse' /usr/share/ansible/collections/ansible_collections/network/inventory_reports/roles/detect/meta/argument_specs.yml Failed to find argument_specs.yml for role in network.inventory_reports.
2026-10-06T10:01:29.743461+00:00 ERROR 'ansible_navigator.actions.collections._parse' /usr/share/ansible/collections/ansible_collections/network/inventory_reports/roles/detect/meta/main.yml Failed to find main.yml for role in network.inventory_reports.
2026-10-06T10:01:29.743478+00:00 ERROR 'ansible_navigator.actions.collections._parse' /usr/share/ansible/collections/ansible_collections/network/inventory_reports/roles/gather/meta/argument_specs.yml Failed to find argument_specs.yml for role in network.inventory_reports.
2026-10-06T10:01:29.743498+00:00 ERROR 'ansible_navigator.actions.collections._parse' /usr/share/ansible/collections/ansible_collections/network/inventory_reports/roles/gather/meta/main.yml Failed to find main.yml for role in network.inventory_reports.
2026-10-06T10:01:29.743530+00:00 ERROR 'ansible_navigator.actions.collections._parse' /usr/share/ansible/collections/ansible_collections/network/inventory_reports/roles/generate_report/meta/argument_specs.yml Failed to find argument_specs.yml for role in network.inventory_reports.
2026-10-06T10:01:29.743554+00:00 ERROR 'ansible_navigator.actions.collections._parse' /usr/share/ansible/collections/ansible_collections/network/inventory_reports/roles/generate_report/meta/main.yml Failed to find main.yml for role in network.inventory_reports.
2026-10-06T10:01:29.743574+00:00 ERROR 'ansible_navigator.actions.collections._parse' /usr/share/ansible/collections/ansible_collections/network/inventory_reports/roles/list/meta/argument_specs.yml Failed to find argument_specs.yml for role in network.inventory_reports.
2026-10-06T10:01:29.743591+00:00 ERROR 'ansible_navigator.actions.collections._parse' /usr/share/ansible/collections/ansible_collections/network/inventory_reports/roles/list/meta/main.yml Failed to find main.yml for role in network.inventory_reports.
2026-10-06T10:01:29.743608+00:00 ERROR 'ansible_navigator.actions.collections._parse' /usr/share/ansible/collections/ansible_collections/network/inventory_reports/roles/persist/meta/argument_specs.yml Failed to find argument_specs.yml for role in network.inventory_reports.
2026-10-06T10:01:29.743629+00:00 ERROR 'ansible_navigator.actions.collections._parse' /usr/share/ansible/collections/ansible_collections/network/inventory_reports/roles/persist/meta/main.yml Failed to find main.yml for role in network.inventory_reports.
2026-10-06T10:01:29.743646+00:00 ERROR 'ansible_navigator.actions.collections._parse' /usr/share/ansible/collections/ansible_collections/network/inventory_reports/roles/remediate/meta/argument_specs.yml Failed to find argument_specs.yml for role in network.inventory_reports.
2026-10-06T10:01:29.743675+00:00 ERROR 'ansible_navigator.actions.collections._parse' /usr/share/ansible/collections/ansible_collections/network/inventory_reports/roles/remediate/meta/main.yml Failed to find main.yml for role in network.inventory_reports.
2026-10-06T10:01:35.968807+00:00 ERROR 'ansible_navigator.actions.collections._build_collection_content_menu' error loading plugin doc {'path': 'plugins/callback/tasks_only.py', 'type': 'callback'}
Traceback (most recent call last):
  File "/usr/lib/python3.11/site-packages/ansible_navigator/actions/collections.py", line 331, in _build_collection_content_menu
    plugin = loaded["plugin"]
             ~~~~~~^^^^^^^^^^
KeyError: 'plugin'
2026-10-06T10:01:35.974403+00:00 ERROR 'ansible_navigator.actions.collections._build_collection_content_menu' error loading plugin doc {'path': 'plugins/inventory/incus.py', 'type': 'inventory'}
Traceback (most recent call last):
  File "/usr/lib/python3.11/site-packages/ansible_navigator/actions/collections.py", line 331, in _build_collection_content_menu
    plugin = loaded["plugin"]
             ~~~~~~^^^^^^^^^^
KeyError: 'plugin'
2026-10-06T10:01:35.974859+00:00 ERROR 'ansible_navigator.actions.collections._build_collection_content_menu' error loading plugin doc {'path': 'plugins/inventory/iocage.py', 'type': 'inventory'}
Traceback (most recent call last):
  File "/usr/lib/python3.11/site-packages/ansible_navigator/actions/collections.py", line 331, in _build_collection_content_menu
    plugin = loaded["plugin"]
             ~~~~~~^^^^^^^^^^
KeyError: 'plugin'
2026-10-06T12:18:23.669681+00:00 ERROR 'ansible_navigator.actions.collections._parse' /usr/share/ansible/collections/ansible_collections/redhat/insights/roles/compliance/meta/argument_specs.yml Failed to find argument_specs.yml for role in redhat.insights.
2026-10-06T12:18:23.670817+00:00 ERROR 'ansible_navigator.actions.collections._parse' /usr/share/ansible/collections/ansible_collections/redhat/insights/roles/insights_client/meta/argument_specs.yml Failed to find argument_specs.yml for role in redhat.insights.
2026-10-06T12:18:23.670918+00:00 ERROR 'ansible_navigator.actions.collections._parse' /usr/share/ansible/collections/ansible_collections/redhat/redhat_csp_download/roles/redhat_csp_download/meta/argument_specs.yml Failed to find argument_specs.yml for role in redhat.redhat_csp_download.
2026-10-06T12:18:23.670950+00:00 ERROR 'ansible_navigator.actions.collections._parse' /usr/share/ansible/collections/ansible_collections/redhat/redhat_csp_download/roles/redhat_csp_download/meta/main.yml Failed to find main.yml for role in redhat.redhat_csp_download.
2026-10-06T12:18:23.670982+00:00 ERROR 'ansible_navigator.actions.collections._parse' /usr/share/ansible/collections/ansible_collections/redhat/rhel_idm/roles/ipabackup/meta/argument_specs.yml Failed to find argument_specs.yml for role in redhat.rhel_idm.
2026-10-06T12:18:23.671018+00:00 ERROR 'ansible_navigator.actions.collections._parse' /usr/share/ansible/collections/ansible_collections/redhat/rhel_idm/roles/ipaclient/meta/argument_specs.yml Failed to find argument_specs.yml for role in redhat.rhel_idm.
2026-10-06T12:18:23.671068+00:00 ERROR 'ansible_navigator.actions.collections._parse' /usr/share/ansible/collections/ansible_collections/redhat/rhel_idm/roles/ipareplica/meta/argument_specs.yml Failed to find argument_specs.yml for role in redhat.rhel_idm.
2026-10-06T12:18:23.671116+00:00 ERROR 'ansible_navigator.actions.collections._parse' /usr/share/ansible/collections/ansible_collections/redhat/rhel_idm/roles/ipaserver/meta/argument_specs.yml Failed to find argument_specs.yml for role in redhat.rhel_idm.
2026-10-06T12:18:23.671168+00:00 ERROR 'ansible_navigator.actions.collections._parse' /usr/share/ansible/collections/ansible_collections/redhat/rhel_idm/roles/ipasmartcard_client/meta/argument_specs.yml Failed to find argument_specs.yml for role in redhat.rhel_idm.
2026-10-06T12:18:23.671193+00:00 ERROR 'ansible_navigator.actions.collections._parse' /usr/share/ansible/collections/ansible_collections/redhat/rhel_idm/roles/ipasmartcard_server/meta/argument_specs.yml Failed to find argument_specs.yml for role in redhat.rhel_idm.
2026-10-06T12:18:23.671215+00:00 ERROR 'ansible_navigator.actions.collections._parse' /usr/share/ansible/collections/ansible_collections/redhat/rhel_system_roles/roles/ad_integration/meta/argument_specs.yml Failed to find argument_specs.yml for role in redhat.rhel_system_roles.
2026-10-06T12:18:23.671234+00:00 ERROR 'ansible_navigator.actions.collections._parse' /usr/share/ansible/collections/ansible_collections/redhat/rhel_system_roles/roles/aide/meta/argument_specs.yml Failed to find argument_specs.yml for role in redhat.rhel_system_roles.
2026-10-06T12:18:23.671256+00:00 ERROR 'ansible_navigator.actions.collections._parse' /usr/share/ansible/collections/ansible_collections/redhat/rhel_system_roles/roles/bootloader/meta/argument_specs.yml Failed to find argument_specs.yml for role in redhat.rhel_system_roles.
2026-10-06T12:18:23.671418+00:00 ERROR 'ansible_navigator.actions.collections._parse' /usr/share/ansible/collections/ansible_collections/redhat/rhel_system_roles/roles/certificate/meta/argument_specs.yml Failed to find argument_specs.yml for role in redhat.rhel_system_roles.
2026-10-06T12:18:23.671466+00:00 ERROR 'ansible_navigator.actions.collections._parse' /usr/share/ansible/collections/ansible_collections/redhat/rhel_system_roles/roles/cockpit/meta/argument_specs.yml Failed to find argument_specs.yml for role in redhat.rhel_system_roles.
2026-10-06T12:18:23.671485+00:00 ERROR 'ansible_navigator.actions.collections._parse' /usr/share/ansible/collections/ansible_collections/redhat/rhel_system_roles/roles/crypto_policies/meta/argument_specs.yml Failed to find argument_specs.yml for role in redhat.rhel_system_roles.
2026-10-06T12:18:23.671504+00:00 ERROR 'ansible_navigator.actions.collections._parse' /usr/share/ansible/collections/ansible_collections/redhat/rhel_system_roles/roles/fapolicyd/meta/argument_specs.yml Failed to find argument_specs.yml for role in redhat.rhel_system_roles.
2026-10-06T12:18:23.671522+00:00 ERROR 'ansible_navigator.actions.collections._parse' /usr/share/ansible/collections/ansible_collections/redhat/rhel_system_roles/roles/firewall/meta/argument_specs.yml Failed to find argument_specs.yml for role in redhat.rhel_system_roles.
2026-10-06T12:18:23.671540+00:00 ERROR 'ansible_navigator.actions.collections._parse' /usr/share/ansible/collections/ansible_collections/redhat/rhel_system_roles/roles/ha_cluster/meta/argument_specs.yml Failed to find argument_specs.yml for role in redhat.rhel_system_roles.
2026-10-06T12:18:23.671561+00:00 ERROR 'ansible_navigator.actions.collections._parse' /usr/share/ansible/collections/ansible_collections/redhat/rhel_system_roles/roles/journald/meta/argument_specs.yml Failed to find argument_specs.yml for role in redhat.rhel_system_roles.
2026-10-06T12:18:23.671579+00:00 ERROR 'ansible_navigator.actions.collections._parse' /usr/share/ansible/collections/ansible_collections/redhat/rhel_system_roles/roles/kdump/meta/argument_specs.yml Failed to find argument_specs.yml for role in redhat.rhel_system_roles.
2026-10-06T12:18:23.671596+00:00 ERROR 'ansible_navigator.actions.collections._parse' /usr/share/ansible/collections/ansible_collections/redhat/rhel_system_roles/roles/kernel_settings/meta/argument_specs.yml Failed to find argument_specs.yml for role in redhat.rhel_system_roles.
2026-10-06T12:18:23.671613+00:00 ERROR 'ansible_navigator.actions.collections._parse' /usr/share/ansible/collections/ansible_collections/redhat/rhel_system_roles/roles/keylime_server/meta/argument_specs.yml Failed to find argument_specs.yml for role in redhat.rhel_system_roles.
2026-10-06T12:18:23.671633+00:00 ERROR 'ansible_navigator.actions.collections._parse' /usr/share/ansible/collections/ansible_collections/redhat/rhel_system_roles/roles/logging/meta/argument_specs.yml Failed to find argument_specs.yml for role in redhat.rhel_system_roles.
2026-10-06T12:18:23.671651+00:00 ERROR 'ansible_navigator.actions.collections._parse' /usr/share/ansible/collections/ansible_collections/redhat/rhel_system_roles/roles/metrics/meta/argument_specs.yml Failed to find argument_specs.yml for role in redhat.rhel_system_roles.
2026-10-06T12:18:23.671667+00:00 ERROR 'ansible_navigator.actions.collections._parse' /usr/share/ansible/collections/ansible_collections/redhat/rhel_system_roles/roles/nbde_client/meta/argument_specs.yml Failed to find argument_specs.yml for role in redhat.rhel_system_roles.
2026-10-06T12:18:23.671688+00:00 ERROR 'ansible_navigator.actions.collections._parse' /usr/share/ansible/collections/ansible_collections/redhat/rhel_system_roles/roles/nbde_server/meta/argument_specs.yml Failed to find argument_specs.yml for role in redhat.rhel_system_roles.
2026-10-06T12:18:23.671705+00:00 ERROR 'ansible_navigator.actions.collections._parse' /usr/share/ansible/collections/ansible_collections/redhat/rhel_system_roles/roles/network/meta/argument_specs.yml Failed to find argument_specs.yml for role in redhat.rhel_system_roles.
2026-10-06T12:18:23.671724+00:00 ERROR 'ansible_navigator.actions.collections._parse' /usr/share/ansible/collections/ansible_collections/redhat/rhel_system_roles/roles/podman/meta/argument_specs.yml Failed to find argument_specs.yml for role in redhat.rhel_system_roles.
2026-10-06T12:18:23.671741+00:00 ERROR 'ansible_navigator.actions.collections._parse' /usr/share/ansible/collections/ansible_collections/redhat/rhel_system_roles/roles/postfix/meta/argument_specs.yml Failed to find argument_specs.yml for role in redhat.rhel_system_roles.
2026-10-06T12:18:23.671757+00:00 ERROR 'ansible_navigator.actions.collections._parse' /usr/share/ansible/collections/ansible_collections/redhat/rhel_system_roles/roles/postgresql/meta/argument_specs.yml Failed to find argument_specs.yml for role in redhat.rhel_system_roles.
2026-10-06T12:18:23.671776+00:00 ERROR 'ansible_navigator.actions.collections._parse' /usr/share/ansible/collections/ansible_collections/redhat/rhel_system_roles/roles/private_logging_subrole_rsyslog/meta/argument_specs.yml Failed to find argument_specs.yml for role in redhat.rhel_system_roles.
2026-10-06T12:18:23.671794+00:00 ERROR 'ansible_navigator.actions.collections._parse' /usr/share/ansible/collections/ansible_collections/redhat/rhel_system_roles/roles/private_metrics_subrole_bpftrace/meta/argument_specs.yml Failed to find argument_specs.yml for role in redhat.rhel_system_roles.
2026-10-06T12:18:23.671813+00:00 ERROR 'ansible_navigator.actions.collections._parse' /usr/share/ansible/collections/ansible_collections/redhat/rhel_system_roles/roles/private_metrics_subrole_elasticsearch/meta/argument_specs.yml Failed to find argument_specs.yml for role in redhat.rhel_system_roles.
2026-10-06T12:18:23.671831+00:00 ERROR 'ansible_navigator.actions.collections._parse' /usr/share/ansible/collections/ansible_collections/redhat/rhel_system_roles/roles/private_metrics_subrole_grafana/meta/argument_specs.yml Failed to find argument_specs.yml for role in redhat.rhel_system_roles.
2026-10-06T12:18:23.671848+00:00 ERROR 'ansible_navigator.actions.collections._parse' /usr/share/ansible/collections/ansible_collections/redhat/rhel_system_roles/roles/private_metrics_subrole_keyserver/meta/argument_specs.yml Failed to find argument_specs.yml for role in redhat.rhel_system_roles.
2026-10-06T12:18:23.671865+00:00 ERROR 'ansible_navigator.actions.collections._parse' /usr/share/ansible/collections/ansible_collections/redhat/rhel_system_roles/roles/private_metrics_subrole_mssql/meta/argument_specs.yml Failed to find argument_specs.yml for role in redhat.rhel_system_roles.
2026-10-06T12:18:23.671883+00:00 ERROR 'ansible_navigator.actions.collections._parse' /usr/share/ansible/collections/ansible_collections/redhat/rhel_system_roles/roles/private_metrics_subrole_pcp/meta/argument_specs.yml Failed to find argument_specs.yml for role in redhat.rhel_system_roles.
2026-10-06T12:18:23.671900+00:00 ERROR 'ansible_navigator.actions.collections._parse' /usr/share/ansible/collections/ansible_collections/redhat/rhel_system_roles/roles/private_metrics_subrole_postfix/meta/argument_specs.yml Failed to find argument_specs.yml for role in redhat.rhel_system_roles.
2026-10-06T12:18:23.671916+00:00 ERROR 'ansible_navigator.actions.collections._parse' /usr/share/ansible/collections/ansible_collections/redhat/rhel_system_roles/roles/private_metrics_subrole_repository/meta/argument_specs.yml Failed to find argument_specs.yml for role in redhat.rhel_system_roles.
2026-10-06T12:18:23.671933+00:00 ERROR 'ansible_navigator.actions.collections._parse' /usr/share/ansible/collections/ansible_collections/redhat/rhel_system_roles/roles/private_metrics_subrole_spark/meta/argument_specs.yml Failed to find argument_specs.yml for role in redhat.rhel_system_roles.
2026-10-06T12:18:23.671952+00:00 ERROR 'ansible_navigator.actions.collections._parse' /usr/share/ansible/collections/ansible_collections/redhat/rhel_system_roles/roles/rhc/meta/argument_specs.yml Failed to find argument_specs.yml for role in redhat.rhel_system_roles.
2026-10-06T12:18:23.671980+00:00 ERROR 'ansible_navigator.actions.collections._parse' /usr/share/ansible/collections/ansible_collections/redhat/rhel_system_roles/roles/selinux/meta/argument_specs.yml Failed to find argument_specs.yml for role in redhat.rhel_system_roles.
2026-10-06T12:18:23.672028+00:00 ERROR 'ansible_navigator.actions.collections._parse' /usr/share/ansible/collections/ansible_collections/redhat/rhel_system_roles/roles/snapshot/meta/argument_specs.yml Failed to find argument_specs.yml for role in redhat.rhel_system_roles.
2026-10-06T12:18:23.672094+00:00 ERROR 'ansible_navigator.actions.collections._parse' /usr/share/ansible/collections/ansible_collections/redhat/rhel_system_roles/roles/ssh/meta/argument_specs.yml Failed to find argument_specs.yml for role in redhat.rhel_system_roles.
2026-10-06T12:18:23.672134+00:00 ERROR 'ansible_navigator.actions.collections._parse' /usr/share/ansible/collections/ansible_collections/redhat/rhel_system_roles/roles/sshd/meta/argument_specs.yml Failed to find argument_specs.yml for role in redhat.rhel_system_roles.
2026-10-06T12:18:23.672159+00:00 ERROR 'ansible_navigator.actions.collections._parse' /usr/share/ansible/collections/ansible_collections/redhat/rhel_system_roles/roles/storage/meta/argument_specs.yml Failed to find argument_specs.yml for role in redhat.rhel_system_roles.
2026-10-06T12:18:23.672179+00:00 ERROR 'ansible_navigator.actions.collections._parse' /usr/share/ansible/collections/ansible_collections/redhat/rhel_system_roles/roles/sudo/meta/argument_specs.yml Failed to find argument_specs.yml for role in redhat.rhel_system_roles.
2026-10-06T12:18:23.672197+00:00 ERROR 'ansible_navigator.actions.collections._parse' /usr/share/ansible/collections/ansible_collections/redhat/rhel_system_roles/roles/systemd/meta/argument_specs.yml Failed to find argument_specs.yml for role in redhat.rhel_system_roles.
2026-10-06T12:18:23.672216+00:00 ERROR 'ansible_navigator.actions.collections._parse' /usr/share/ansible/collections/ansible_collections/redhat/rhel_system_roles/roles/timesync/meta/argument_specs.yml Failed to find argument_specs.yml for role in redhat.rhel_system_roles.
2026-10-06T12:18:23.672234+00:00 ERROR 'ansible_navigator.actions.collections._parse' /usr/share/ansible/collections/ansible_collections/redhat/rhel_system_roles/roles/tlog/meta/argument_specs.yml Failed to find argument_specs.yml for role in redhat.rhel_system_roles.
2026-10-06T12:18:23.672252+00:00 ERROR 'ansible_navigator.actions.collections._parse' /usr/share/ansible/collections/ansible_collections/redhat/rhel_system_roles/roles/vpn/meta/argument_specs.yml Failed to find argument_specs.yml for role in redhat.rhel_system_roles.
2026-10-06T12:18:23.672285+00:00 ERROR 'ansible_navigator.actions.collections._parse' /usr/share/ansible/collections/ansible_collections/redhat/rhv/roles/cluster_upgrade/meta/argument_specs.yml Failed to find argument_specs.yml for role in redhat.rhv.
2026-10-06T12:18:23.672305+00:00 ERROR 'ansible_navigator.actions.collections._parse' /usr/share/ansible/collections/ansible_collections/redhat/rhv/roles/cluster_upgrade/meta/main.yml Failed to find main.yml for role in redhat.rhv.
2026-10-06T12:18:23.672323+00:00 ERROR 'ansible_navigator.actions.collections._parse' /usr/share/ansible/collections/ansible_collections/redhat/rhv/roles/disaster_recovery/meta/argument_specs.yml Failed to find argument_specs.yml for role in redhat.rhv.
2026-10-06T12:18:23.672343+00:00 ERROR 'ansible_navigator.actions.collections._parse' /usr/share/ansible/collections/ansible_collections/redhat/rhv/roles/disaster_recovery/meta/main.yml Failed to find main.yml for role in redhat.rhv.
2026-10-06T12:18:23.672374+00:00 ERROR 'ansible_navigator.actions.collections._parse' /usr/share/ansible/collections/ansible_collections/redhat/rhv/roles/engine_setup/meta/argument_specs.yml Failed to find argument_specs.yml for role in redhat.rhv.
2026-10-06T12:18:23.672394+00:00 ERROR 'ansible_navigator.actions.collections._parse' /usr/share/ansible/collections/ansible_collections/redhat/rhv/roles/engine_setup/meta/main.yml Failed to find main.yml for role in redhat.rhv.
2026-10-06T12:18:23.672415+00:00 ERROR 'ansible_navigator.actions.collections._parse' /usr/share/ansible/collections/ansible_collections/redhat/rhv/roles/hosted_engine_setup/meta/argument_specs.yml Failed to find argument_specs.yml for role in redhat.rhv.
2026-10-06T12:18:23.672436+00:00 ERROR 'ansible_navigator.actions.collections._parse' /usr/share/ansible/collections/ansible_collections/redhat/rhv/roles/hosted_engine_setup/meta/main.yml Failed to find main.yml for role in redhat.rhv.
2026-10-06T12:18:23.672475+00:00 ERROR 'ansible_navigator.actions.collections._parse' /usr/share/ansible/collections/ansible_collections/redhat/rhv/roles/image_template/meta/argument_specs.yml Failed to find argument_specs.yml for role in redhat.rhv.
2026-10-06T12:18:23.672502+00:00 ERROR 'ansible_navigator.actions.collections._parse' /usr/share/ansible/collections/ansible_collections/redhat/rhv/roles/image_template/meta/main.yml Failed to find main.yml for role in redhat.rhv.
2026-10-06T12:18:23.672521+00:00 ERROR 'ansible_navigator.actions.collections._parse' /usr/share/ansible/collections/ansible_collections/redhat/rhv/roles/infra/meta/argument_specs.yml Failed to find argument_specs.yml for role in redhat.rhv.
2026-10-06T12:18:23.672540+00:00 ERROR 'ansible_navigator.actions.collections._parse' /usr/share/ansible/collections/ansible_collections/redhat/rhv/roles/infra/meta/main.yml Failed to find main.yml for role in redhat.rhv.
2026-10-06T12:18:23.672560+00:00 ERROR 'ansible_navigator.actions.collections._parse' /usr/share/ansible/collections/ansible_collections/redhat/rhv/roles/remove_stale_lun/meta/argument_specs.yml Failed to find argument_specs.yml for role in redhat.rhv.
2026-10-06T12:18:23.672579+00:00 ERROR 'ansible_navigator.actions.collections._parse' /usr/share/ansible/collections/ansible_collections/redhat/rhv/roles/remove_stale_lun/meta/main.yml Failed to find main.yml for role in redhat.rhv.
2026-10-06T12:18:23.672597+00:00 ERROR 'ansible_navigator.actions.collections._parse' /usr/share/ansible/collections/ansible_collections/redhat/rhv/roles/repositories/meta/argument_specs.yml Failed to find argument_specs.yml for role in redhat.rhv.
2026-10-06T12:18:23.672615+00:00 ERROR 'ansible_navigator.actions.collections._parse' /usr/share/ansible/collections/ansible_collections/redhat/rhv/roles/repositories/meta/main.yml Failed to find main.yml for role in redhat.rhv.
2026-10-06T12:18:23.672637+00:00 ERROR 'ansible_navigator.actions.collections._parse' /usr/share/ansible/collections/ansible_collections/redhat/rhv/roles/shutdown_env/meta/argument_specs.yml Failed to find argument_specs.yml for role in redhat.rhv.
2026-10-06T12:18:23.672657+00:00 ERROR 'ansible_navigator.actions.collections._parse' /usr/share/ansible/collections/ansible_collections/redhat/rhv/roles/shutdown_env/meta/main.yml Failed to find main.yml for role in redhat.rhv.
2026-10-06T12:18:23.672675+00:00 ERROR 'ansible_navigator.actions.collections._parse' /usr/share/ansible/collections/ansible_collections/redhat/rhv/roles/vm_infra/meta/argument_specs.yml Failed to find argument_specs.yml for role in redhat.rhv.
2026-10-06T12:18:23.672694+00:00 ERROR 'ansible_navigator.actions.collections._parse' /usr/share/ansible/collections/ansible_collections/redhat/rhv/roles/vm_infra/meta/main.yml Failed to find main.yml for role in redhat.rhv.
2026-10-06T12:18:23.672711+00:00 ERROR 'ansible_navigator.actions.collections._parse' /usr/share/ansible/collections/ansible_collections/redhat/sap_install/roles/sap_ha_install_hana_hsr/meta/argument_specs.yml Failed to find argument_specs.yml for role in redhat.sap_install.
2026-10-06T12:18:23.672729+00:00 ERROR 'ansible_navigator.actions.collections._parse' /usr/share/ansible/collections/ansible_collections/redhat/sap_install/roles/sap_swpm/meta/argument_specs.yml Failed to find argument_specs.yml for role in redhat.sap_install.
2026-10-06T12:18:23.672748+00:00 ERROR 'ansible_navigator.actions.collections._parse' /usr/share/ansible/collections/ansible_collections/redhat/satellite/roles/activation_keys/meta/argument_specs.yml Failed to find argument_specs.yml for role in redhat.satellite.
2026-10-06T12:18:23.672765+00:00 ERROR 'ansible_navigator.actions.collections._parse' /usr/share/ansible/collections/ansible_collections/redhat/satellite/roles/auth_sources_ldap/meta/argument_specs.yml Failed to find argument_specs.yml for role in redhat.satellite.
2026-10-06T12:18:23.672781+00:00 ERROR 'ansible_navigator.actions.collections._parse' /usr/share/ansible/collections/ansible_collections/redhat/satellite/roles/compute_profiles/meta/argument_specs.yml Failed to find argument_specs.yml for role in redhat.satellite.
2026-10-06T12:18:23.672798+00:00 ERROR 'ansible_navigator.actions.collections._parse' /usr/share/ansible/collections/ansible_collections/redhat/satellite/roles/compute_resources/meta/argument_specs.yml Failed to find argument_specs.yml for role in redhat.satellite.
2026-10-06T12:18:23.672814+00:00 ERROR 'ansible_navigator.actions.collections._parse' /usr/share/ansible/collections/ansible_collections/redhat/satellite/roles/content_credentials/meta/argument_specs.yml Failed to find argument_specs.yml for role in redhat.satellite.
2026-10-06T12:18:23.672831+00:00 ERROR 'ansible_navigator.actions.collections._parse' /usr/share/ansible/collections/ansible_collections/redhat/satellite/roles/content_rhel/meta/argument_specs.yml Failed to find argument_specs.yml for role in redhat.satellite.
2026-10-06T12:18:23.672848+00:00 ERROR 'ansible_navigator.actions.collections._parse' /usr/share/ansible/collections/ansible_collections/redhat/satellite/roles/content_view_publish/meta/argument_specs.yml Failed to find argument_specs.yml for role in redhat.satellite.
2026-10-06T12:18:23.672866+00:00 ERROR 'ansible_navigator.actions.collections._parse' /usr/share/ansible/collections/ansible_collections/redhat/satellite/roles/content_view_version_cleanup/meta/argument_specs.yml Failed to find argument_specs.yml for role in redhat.satellite.
2026-10-06T12:18:23.672882+00:00 ERROR 'ansible_navigator.actions.collections._parse' /usr/share/ansible/collections/ansible_collections/redhat/satellite/roles/content_views/meta/argument_specs.yml Failed to find argument_specs.yml for role in redhat.satellite.
2026-10-06T12:18:23.672899+00:00 ERROR 'ansible_navigator.actions.collections._parse' /usr/share/ansible/collections/ansible_collections/redhat/satellite/roles/convert2rhel/meta/argument_specs.yml Failed to find argument_specs.yml for role in redhat.satellite.
2026-10-06T12:18:23.672916+00:00 ERROR 'ansible_navigator.actions.collections._parse' /usr/share/ansible/collections/ansible_collections/redhat/satellite/roles/domains/meta/argument_specs.yml Failed to find argument_specs.yml for role in redhat.satellite.
2026-10-06T12:18:23.672938+00:00 ERROR 'ansible_navigator.actions.collections._parse' /usr/share/ansible/collections/ansible_collections/redhat/satellite/roles/hostgroups/meta/argument_specs.yml Failed to find argument_specs.yml for role in redhat.satellite.
2026-10-06T12:18:23.672955+00:00 ERROR 'ansible_navigator.actions.collections._parse' /usr/share/ansible/collections/ansible_collections/redhat/satellite/roles/lifecycle_environments/meta/argument_specs.yml Failed to find argument_specs.yml for role in redhat.satellite.
2026-10-06T12:18:23.672971+00:00 ERROR 'ansible_navigator.actions.collections._parse' /usr/share/ansible/collections/ansible_collections/redhat/satellite/roles/locations/meta/argument_specs.yml Failed to find argument_specs.yml for role in redhat.satellite.
2026-10-06T12:18:23.672988+00:00 ERROR 'ansible_navigator.actions.collections._parse' /usr/share/ansible/collections/ansible_collections/redhat/satellite/roles/manifest/meta/argument_specs.yml Failed to find argument_specs.yml for role in redhat.satellite.
2026-10-06T12:18:23.673005+00:00 ERROR 'ansible_navigator.actions.collections._parse' /usr/share/ansible/collections/ansible_collections/redhat/satellite/roles/operatingsystems/meta/argument_specs.yml Failed to find argument_specs.yml for role in redhat.satellite.
2026-10-06T12:18:23.673022+00:00 ERROR 'ansible_navigator.actions.collections._parse' /usr/share/ansible/collections/ansible_collections/redhat/satellite/roles/organizations/meta/argument_specs.yml Failed to find argument_specs.yml for role in redhat.satellite.
2026-10-06T12:18:23.673038+00:00 ERROR 'ansible_navigator.actions.collections._parse' /usr/share/ansible/collections/ansible_collections/redhat/satellite/roles/provisioning_templates/meta/argument_specs.yml Failed to find argument_specs.yml for role in redhat.satellite.
2026-10-06T12:18:23.673072+00:00 ERROR 'ansible_navigator.actions.collections._parse' /usr/share/ansible/collections/ansible_collections/redhat/satellite/roles/repositories/meta/argument_specs.yml Failed to find argument_specs.yml for role in redhat.satellite.
2026-10-06T12:18:23.673090+00:00 ERROR 'ansible_navigator.actions.collections._parse' /usr/share/ansible/collections/ansible_collections/redhat/satellite/roles/settings/meta/argument_specs.yml Failed to find argument_specs.yml for role in redhat.satellite.
2026-10-06T12:18:23.673106+00:00 ERROR 'ansible_navigator.actions.collections._parse' /usr/share/ansible/collections/ansible_collections/redhat/satellite/roles/subnets/meta/argument_specs.yml Failed to find argument_specs.yml for role in redhat.satellite.
2026-10-06T12:18:23.673123+00:00 ERROR 'ansible_navigator.actions.collections._parse' /usr/share/ansible/collections/ansible_collections/redhat/satellite/roles/sync_plans/meta/argument_specs.yml Failed to find argument_specs.yml for role in redhat.satellite.
2026-10-06T12:18:23.673139+00:00 ERROR 'ansible_navigator.actions.collections._parse' /usr/share/ansible/collections/ansible_collections/redhat/satellite_operations/roles/backup/meta/argument_specs.yml Failed to find argument_specs.yml for role in redhat.satellite_operations.
2026-10-06T12:18:23.673161+00:00 ERROR 'ansible_navigator.actions.collections._parse' /usr/share/ansible/collections/ansible_collections/redhat/satellite_operations/roles/backup/meta/main.yml Failed to find main.yml for role in redhat.satellite_operations.
2026-10-06T12:18:23.673207+00:00 ERROR 'ansible_navigator.actions.collections._parse' /usr/share/ansible/collections/ansible_collections/redhat/satellite_operations/roles/capsule_certs_generate/meta/argument_specs.yml Failed to find argument_specs.yml for role in redhat.satellite_operations.
2026-10-06T12:18:23.673243+00:00 ERROR 'ansible_navigator.actions.collections._parse' /usr/share/ansible/collections/ansible_collections/redhat/satellite_operations/roles/capsule_certs_generate/meta/main.yml Failed to find main.yml for role in redhat.satellite_operations.
2026-10-06T12:18:23.673301+00:00 ERROR 'ansible_navigator.actions.collections._parse' /usr/share/ansible/collections/ansible_collections/redhat/satellite_operations/roles/cloud_connector/meta/argument_specs.yml Failed to find argument_specs.yml for role in redhat.satellite_operations.
2026-10-06T12:18:23.673343+00:00 ERROR 'ansible_navigator.actions.collections._parse' /usr/share/ansible/collections/ansible_collections/redhat/satellite_operations/roles/cloud_connector/meta/main.yml Failed to find main.yml for role in redhat.satellite_operations.
2026-10-06T12:18:23.673378+00:00 ERROR 'ansible_navigator.actions.collections._parse' /usr/share/ansible/collections/ansible_collections/redhat/satellite_operations/roles/installer/meta/argument_specs.yml Failed to find argument_specs.yml for role in redhat.satellite_operations.
2026-10-06T12:18:23.673418+00:00 ERROR 'ansible_navigator.actions.collections._parse' /usr/share/ansible/collections/ansible_collections/redhat/satellite_operations/roles/installer/meta/main.yml Failed to find main.yml for role in redhat.satellite_operations.
2026-10-06T12:18:23.673440+00:00 ERROR 'ansible_navigator.actions.collections._parse' /usr/share/ansible/collections/ansible_collections/redhat/satellite_operations/roles/metrics/meta/argument_specs.yml Failed to find argument_specs.yml for role in redhat.satellite_operations.
2026-10-06T12:18:23.673468+00:00 ERROR 'ansible_navigator.actions.collections._parse' /usr/share/ansible/collections/ansible_collections/redhat/satellite_operations/roles/metrics/meta/main.yml Failed to find main.yml for role in redhat.satellite_operations.
2026-10-06T12:18:23.673503+00:00 ERROR 'ansible_navigator.actions.collections._parse' /usr/share/ansible/collections/ansible_collections/network/backup/roles/backup/meta/main.yml Failed to find main.yml for role in network.backup.
2026-10-06T12:18:23.673525+00:00 ERROR 'ansible_navigator.actions.collections._parse' /usr/share/ansible/collections/ansible_collections/network/backup/roles/restore/meta/argument_specs.yml Failed to find argument_specs.yml for role in network.backup.
2026-10-06T12:18:23.673544+00:00 ERROR 'ansible_navigator.actions.collections._parse' /usr/share/ansible/collections/ansible_collections/network/backup/roles/restore/meta/main.yml Failed to find main.yml for role in network.backup.
2026-10-06T12:18:23.673562+00:00 ERROR 'ansible_navigator.actions.collections._parse' /usr/share/ansible/collections/ansible_collections/network/base/roles/configure/meta/argument_specs.yml Failed to find argument_specs.yml for role in network.base.
2026-10-06T12:18:23.673580+00:00 ERROR 'ansible_navigator.actions.collections._parse' /usr/share/ansible/collections/ansible_collections/network/base/roles/configure/meta/main.yml Failed to find main.yml for role in network.base.
2026-10-06T12:18:23.673597+00:00 ERROR 'ansible_navigator.actions.collections._parse' /usr/share/ansible/collections/ansible_collections/network/base/roles/deploy/meta/argument_specs.yml Failed to find argument_specs.yml for role in network.base.
2026-10-06T12:18:23.673614+00:00 ERROR 'ansible_navigator.actions.collections._parse' /usr/share/ansible/collections/ansible_collections/network/base/roles/deploy/meta/main.yml Failed to find main.yml for role in network.base.
2026-10-06T12:18:23.673656+00:00 ERROR 'ansible_navigator.actions.collections._parse' /usr/share/ansible/collections/ansible_collections/network/base/roles/detect/meta/argument_specs.yml Failed to find argument_specs.yml for role in network.base.
2026-10-06T12:18:23.673698+00:00 ERROR 'ansible_navigator.actions.collections._parse' /usr/share/ansible/collections/ansible_collections/network/base/roles/detect/meta/main.yml Failed to find main.yml for role in network.base.
2026-10-06T12:18:23.673733+00:00 ERROR 'ansible_navigator.actions.collections._parse' /usr/share/ansible/collections/ansible_collections/network/base/roles/gather/meta/argument_specs.yml Failed to find argument_specs.yml for role in network.base.
2026-10-06T12:18:23.673758+00:00 ERROR 'ansible_navigator.actions.collections._parse' /usr/share/ansible/collections/ansible_collections/network/base/roles/gather/meta/main.yml Failed to find main.yml for role in network.base.
2026-10-06T12:18:23.673776+00:00 ERROR 'ansible_navigator.actions.collections._parse' /usr/share/ansible/collections/ansible_collections/network/base/roles/list/meta/argument_specs.yml Failed to find argument_specs.yml for role in network.base.
2026-10-06T12:18:23.673797+00:00 ERROR 'ansible_navigator.actions.collections._parse' /usr/share/ansible/collections/ansible_collections/network/base/roles/list/meta/main.yml Failed to find main.yml for role in network.base.
2026-10-06T12:18:23.673836+00:00 ERROR 'ansible_navigator.actions.collections._parse' /usr/share/ansible/collections/ansible_collections/network/base/roles/persist/meta/argument_specs.yml Failed to find argument_specs.yml for role in network.base.
2026-10-06T12:18:23.673858+00:00 ERROR 'ansible_navigator.actions.collections._parse' /usr/share/ansible/collections/ansible_collections/network/base/roles/persist/meta/main.yml Failed to find main.yml for role in network.base.
2026-10-06T12:18:23.673877+00:00 ERROR 'ansible_navigator.actions.collections._parse' /usr/share/ansible/collections/ansible_collections/network/base/roles/remediate/meta/argument_specs.yml Failed to find argument_specs.yml for role in network.base.
2026-10-06T12:18:23.673895+00:00 ERROR 'ansible_navigator.actions.collections._parse' /usr/share/ansible/collections/ansible_collections/network/base/roles/remediate/meta/main.yml Failed to find main.yml for role in network.base.
2026-10-06T12:18:23.673912+00:00 ERROR 'ansible_navigator.actions.collections._parse' /usr/share/ansible/collections/ansible_collections/network/base/roles/resource_manager/meta/argument_specs.yml Failed to find argument_specs.yml for role in network.base.
2026-10-06T12:18:23.673930+00:00 ERROR 'ansible_navigator.actions.collections._parse' /usr/share/ansible/collections/ansible_collections/network/base/roles/resource_manager/meta/main.yml Failed to find main.yml for role in network.base.
2026-10-06T12:18:23.673948+00:00 ERROR 'ansible_navigator.actions.collections._parse' /usr/share/ansible/collections/ansible_collections/network/base/roles/resource_manager/README.md Failed to find README.md for role in network.base.
2026-10-06T12:18:23.673965+00:00 ERROR 'ansible_navigator.actions.collections._parse' /usr/share/ansible/collections/ansible_collections/network/healthchecks/roles/bgp/meta/argument_specs.yml Failed to find argument_specs.yml for role in network.healthchecks.
2026-10-06T12:18:23.673982+00:00 ERROR 'ansible_navigator.actions.collections._parse' /usr/share/ansible/collections/ansible_collections/network/healthchecks/roles/bgp/meta/main.yml Failed to find main.yml for role in network.healthchecks.
2026-10-06T12:18:23.674001+00:00 ERROR 'ansible_navigator.actions.collections._parse' /usr/share/ansible/collections/ansible_collections/network/healthchecks/roles/cpu/meta/argument_specs.yml Failed to find argument_specs.yml for role in network.healthchecks.
2026-10-06T12:18:23.674018+00:00 ERROR 'ansible_navigator.actions.collections._parse' /usr/share/ansible/collections/ansible_collections/network/healthchecks/roles/cpu/meta/main.yml Failed to find main.yml for role in network.healthchecks.
2026-10-06T12:18:23.674035+00:00 ERROR 'ansible_navigator.actions.collections._parse' /usr/share/ansible/collections/ansible_collections/network/healthchecks/roles/crashfiles/meta/argument_specs.yml Failed to find argument_specs.yml for role in network.healthchecks.
2026-10-06T12:18:23.674071+00:00 ERROR 'ansible_navigator.actions.collections._parse' /usr/share/ansible/collections/ansible_collections/network/healthchecks/roles/crashfiles/meta/main.yml Failed to find main.yml for role in network.healthchecks.
2026-10-06T12:18:23.674089+00:00 ERROR 'ansible_navigator.actions.collections._parse' /usr/share/ansible/collections/ansible_collections/network/healthchecks/roles/environment/meta/argument_specs.yml Failed to find argument_specs.yml for role in network.healthchecks.
2026-10-06T12:18:23.674110+00:00 ERROR 'ansible_navigator.actions.collections._parse' /usr/share/ansible/collections/ansible_collections/network/healthchecks/roles/environment/meta/main.yml Failed to find main.yml for role in network.healthchecks.
2026-10-06T12:18:23.674127+00:00 ERROR 'ansible_navigator.actions.collections._parse' /usr/share/ansible/collections/ansible_collections/network/healthchecks/roles/filesystem/meta/argument_specs.yml Failed to find argument_specs.yml for role in network.healthchecks.
2026-10-06T12:18:23.674144+00:00 ERROR 'ansible_navigator.actions.collections._parse' /usr/share/ansible/collections/ansible_collections/network/healthchecks/roles/filesystem/meta/main.yml Failed to find main.yml for role in network.healthchecks.
2026-10-06T12:18:23.674160+00:00 ERROR 'ansible_navigator.actions.collections._parse' /usr/share/ansible/collections/ansible_collections/network/healthchecks/roles/interfaces/meta/argument_specs.yml Failed to find argument_specs.yml for role in network.healthchecks.
2026-10-06T12:18:23.674177+00:00 ERROR 'ansible_navigator.actions.collections._parse' /usr/share/ansible/collections/ansible_collections/network/healthchecks/roles/interfaces/meta/main.yml Failed to find main.yml for role in network.healthchecks.
2026-10-06T12:18:23.674193+00:00 ERROR 'ansible_navigator.actions.collections._parse' /usr/share/ansible/collections/ansible_collections/network/healthchecks/roles/ip_reachability/meta/argument_specs.yml Failed to find argument_specs.yml for role in network.healthchecks.
2026-10-06T12:18:23.674210+00:00 ERROR 'ansible_navigator.actions.collections._parse' /usr/share/ansible/collections/ansible_collections/network/healthchecks/roles/ip_reachability/meta/main.yml Failed to find main.yml for role in network.healthchecks.
2026-10-06T12:18:23.674227+00:00 ERROR 'ansible_navigator.actions.collections._parse' /usr/share/ansible/collections/ansible_collections/network/healthchecks/roles/memory/meta/argument_specs.yml Failed to find argument_specs.yml for role in network.healthchecks.
2026-10-06T12:18:23.674244+00:00 ERROR 'ansible_navigator.actions.collections._parse' /usr/share/ansible/collections/ansible_collections/network/healthchecks/roles/memory/meta/main.yml Failed to find main.yml for role in network.healthchecks.
2026-10-06T12:18:23.674261+00:00 ERROR 'ansible_navigator.actions.collections._parse' /usr/share/ansible/collections/ansible_collections/network/healthchecks/roles/ospf/meta/argument_specs.yml Failed to find argument_specs.yml for role in network.healthchecks.
2026-10-06T12:18:23.674294+00:00 ERROR 'ansible_navigator.actions.collections._parse' /usr/share/ansible/collections/ansible_collections/network/healthchecks/roles/ospf/meta/main.yml Failed to find main.yml for role in network.healthchecks.
2026-10-06T12:18:23.674321+00:00 ERROR 'ansible_navigator.actions.collections._parse' /usr/share/ansible/collections/ansible_collections/network/healthchecks/roles/uptime/meta/argument_specs.yml Failed to find argument_specs.yml for role in network.healthchecks.
2026-10-06T12:18:23.674350+00:00 ERROR 'ansible_navigator.actions.collections._parse' /usr/share/ansible/collections/ansible_collections/network/healthchecks/roles/uptime/meta/main.yml Failed to find main.yml for role in network.healthchecks.
2026-10-06T12:18:23.674371+00:00 ERROR 'ansible_navigator.actions.collections._parse' /usr/share/ansible/collections/ansible_collections/network/inventory_reports/roles/configure/meta/argument_specs.yml Failed to find argument_specs.yml for role in network.inventory_reports.
2026-10-06T12:18:23.674389+00:00 ERROR 'ansible_navigator.actions.collections._parse' /usr/share/ansible/collections/ansible_collections/network/inventory_reports/roles/configure/meta/main.yml Failed to find main.yml for role in network.inventory_reports.
2026-10-06T12:18:23.674406+00:00 ERROR 'ansible_navigator.actions.collections._parse' /usr/share/ansible/collections/ansible_collections/network/inventory_reports/roles/deploy/meta/argument_specs.yml Failed to find argument_specs.yml for role in network.inventory_reports.
2026-10-06T12:18:23.674435+00:00 ERROR 'ansible_navigator.actions.collections._parse' /usr/share/ansible/collections/ansible_collections/network/inventory_reports/roles/deploy/meta/main.yml Failed to find main.yml for role in network.inventory_reports.
2026-10-06T12:18:23.674453+00:00 ERROR 'ansible_navigator.actions.collections._parse' /usr/share/ansible/collections/ansible_collections/network/inventory_reports/roles/detect/meta/argument_specs.yml Failed to find argument_specs.yml for role in network.inventory_reports.
2026-10-06T12:18:23.674470+00:00 ERROR 'ansible_navigator.actions.collections._parse' /usr/share/ansible/collections/ansible_collections/network/inventory_reports/roles/detect/meta/main.yml Failed to find main.yml for role in network.inventory_reports.
2026-10-06T12:18:23.674508+00:00 ERROR 'ansible_navigator.actions.collections._parse' /usr/share/ansible/collections/ansible_collections/network/inventory_reports/roles/gather/meta/argument_specs.yml Failed to find argument_specs.yml for role in network.inventory_reports.
2026-10-06T12:18:23.674531+00:00 ERROR 'ansible_navigator.actions.collections._parse' /usr/share/ansible/collections/ansible_collections/network/inventory_reports/roles/gather/meta/main.yml Failed to find main.yml for role in network.inventory_reports.
2026-10-06T12:18:23.674551+00:00 ERROR 'ansible_navigator.actions.collections._parse' /usr/share/ansible/collections/ansible_collections/network/inventory_reports/roles/generate_report/meta/argument_specs.yml Failed to find argument_specs.yml for role in network.inventory_reports.
2026-10-06T12:18:23.674568+00:00 ERROR 'ansible_navigator.actions.collections._parse' /usr/share/ansible/collections/ansible_collections/network/inventory_reports/roles/generate_report/meta/main.yml Failed to find main.yml for role in network.inventory_reports.
2026-10-06T12:18:23.674587+00:00 ERROR 'ansible_navigator.actions.collections._parse' /usr/share/ansible/collections/ansible_collections/network/inventory_reports/roles/list/meta/argument_specs.yml Failed to find argument_specs.yml for role in network.inventory_reports.
2026-10-06T12:18:23.674605+00:00 ERROR 'ansible_navigator.actions.collections._parse' /usr/share/ansible/collections/ansible_collections/network/inventory_reports/roles/list/meta/main.yml Failed to find main.yml for role in network.inventory_reports.
2026-10-06T12:18:23.674621+00:00 ERROR 'ansible_navigator.actions.collections._parse' /usr/share/ansible/collections/ansible_collections/network/inventory_reports/roles/persist/meta/argument_specs.yml Failed to find argument_specs.yml for role in network.inventory_reports.
2026-10-06T12:18:23.674638+00:00 ERROR 'ansible_navigator.actions.collections._parse' /usr/share/ansible/collections/ansible_collections/network/inventory_reports/roles/persist/meta/main.yml Failed to find main.yml for role in network.inventory_reports.
2026-10-06T12:18:23.674654+00:00 ERROR 'ansible_navigator.actions.collections._parse' /usr/share/ansible/collections/ansible_collections/network/inventory_reports/roles/remediate/meta/argument_specs.yml Failed to find argument_specs.yml for role in network.inventory_reports.
2026-10-06T12:18:23.674671+00:00 ERROR 'ansible_navigator.actions.collections._parse' /usr/share/ansible/collections/ansible_collections/network/inventory_reports/roles/remediate/meta/main.yml Failed to find main.yml for role in network.inventory_reports.
2026-10-07T08:14:25.526391+00:00 ERROR 'ansible_navigator.actions.collections._parse' /usr/share/ansible/collections/ansible_collections/redhat/insights/roles/compliance/meta/argument_specs.yml Failed to find argument_specs.yml for role in redhat.insights.
2026-10-07T08:14:25.528754+00:00 ERROR 'ansible_navigator.actions.collections._parse' /usr/share/ansible/collections/ansible_collections/redhat/insights/roles/insights_client/meta/argument_specs.yml Failed to find argument_specs.yml for role in redhat.insights.
2026-10-07T08:14:25.528902+00:00 ERROR 'ansible_navigator.actions.collections._parse' /usr/share/ansible/collections/ansible_collections/redhat/redhat_csp_download/roles/redhat_csp_download/meta/argument_specs.yml Failed to find argument_specs.yml for role in redhat.redhat_csp_download.
2026-10-07T08:14:25.528979+00:00 ERROR 'ansible_navigator.actions.collections._parse' /usr/share/ansible/collections/ansible_collections/redhat/redhat_csp_download/roles/redhat_csp_download/meta/main.yml Failed to find main.yml for role in redhat.redhat_csp_download.
2026-10-07T08:14:25.529018+00:00 ERROR 'ansible_navigator.actions.collections._parse' /usr/share/ansible/collections/ansible_collections/redhat/rhel_idm/roles/ipabackup/meta/argument_specs.yml Failed to find argument_specs.yml for role in redhat.rhel_idm.
2026-10-07T08:14:25.529081+00:00 ERROR 'ansible_navigator.actions.collections._parse' /usr/share/ansible/collections/ansible_collections/redhat/rhel_idm/roles/ipaclient/meta/argument_specs.yml Failed to find argument_specs.yml for role in redhat.rhel_idm.
2026-10-07T08:14:25.529112+00:00 ERROR 'ansible_navigator.actions.collections._parse' /usr/share/ansible/collections/ansible_collections/redhat/rhel_idm/roles/ipareplica/meta/argument_specs.yml Failed to find argument_specs.yml for role in redhat.rhel_idm.
2026-10-07T08:14:25.529151+00:00 ERROR 'ansible_navigator.actions.collections._parse' /usr/share/ansible/collections/ansible_collections/redhat/rhel_idm/roles/ipaserver/meta/argument_specs.yml Failed to find argument_specs.yml for role in redhat.rhel_idm.
2026-10-07T08:14:25.529202+00:00 ERROR 'ansible_navigator.actions.collections._parse' /usr/share/ansible/collections/ansible_collections/redhat/rhel_idm/roles/ipasmartcard_client/meta/argument_specs.yml Failed to find argument_specs.yml for role in redhat.rhel_idm.
2026-10-07T08:14:25.529228+00:00 ERROR 'ansible_navigator.actions.collections._parse' /usr/share/ansible/collections/ansible_collections/redhat/rhel_idm/roles/ipasmartcard_server/meta/argument_specs.yml Failed to find argument_specs.yml for role in redhat.rhel_idm.
2026-10-07T08:14:25.529251+00:00 ERROR 'ansible_navigator.actions.collections._parse' /usr/share/ansible/collections/ansible_collections/redhat/rhel_system_roles/roles/ad_integration/meta/argument_specs.yml Failed to find argument_specs.yml for role in redhat.rhel_system_roles.
2026-10-07T08:14:25.529285+00:00 ERROR 'ansible_navigator.actions.collections._parse' /usr/share/ansible/collections/ansible_collections/redhat/rhel_system_roles/roles/aide/meta/argument_specs.yml Failed to find argument_specs.yml for role in redhat.rhel_system_roles.
2026-10-07T08:14:25.529305+00:00 ERROR 'ansible_navigator.actions.collections._parse' /usr/share/ansible/collections/ansible_collections/redhat/rhel_system_roles/roles/bootloader/meta/argument_specs.yml Failed to find argument_specs.yml for role in redhat.rhel_system_roles.
2026-10-07T08:14:25.529324+00:00 ERROR 'ansible_navigator.actions.collections._parse' /usr/share/ansible/collections/ansible_collections/redhat/rhel_system_roles/roles/certificate/meta/argument_specs.yml Failed to find argument_specs.yml for role in redhat.rhel_system_roles.
2026-10-07T08:14:25.529345+00:00 ERROR 'ansible_navigator.actions.collections._parse' /usr/share/ansible/collections/ansible_collections/redhat/rhel_system_roles/roles/cockpit/meta/argument_specs.yml Failed to find argument_specs.yml for role in redhat.rhel_system_roles.
2026-10-07T08:14:25.529364+00:00 ERROR 'ansible_navigator.actions.collections._parse' /usr/share/ansible/collections/ansible_collections/redhat/rhel_system_roles/roles/crypto_policies/meta/argument_specs.yml Failed to find argument_specs.yml for role in redhat.rhel_system_roles.
2026-10-07T08:14:25.529383+00:00 ERROR 'ansible_navigator.actions.collections._parse' /usr/share/ansible/collections/ansible_collections/redhat/rhel_system_roles/roles/fapolicyd/meta/argument_specs.yml Failed to find argument_specs.yml for role in redhat.rhel_system_roles.
2026-10-07T08:14:25.529401+00:00 ERROR 'ansible_navigator.actions.collections._parse' /usr/share/ansible/collections/ansible_collections/redhat/rhel_system_roles/roles/firewall/meta/argument_specs.yml Failed to find argument_specs.yml for role in redhat.rhel_system_roles.
2026-10-07T08:14:25.529423+00:00 ERROR 'ansible_navigator.actions.collections._parse' /usr/share/ansible/collections/ansible_collections/redhat/rhel_system_roles/roles/ha_cluster/meta/argument_specs.yml Failed to find argument_specs.yml for role in redhat.rhel_system_roles.
2026-10-07T08:14:25.529442+00:00 ERROR 'ansible_navigator.actions.collections._parse' /usr/share/ansible/collections/ansible_collections/redhat/rhel_system_roles/roles/journald/meta/argument_specs.yml Failed to find argument_specs.yml for role in redhat.rhel_system_roles.
2026-10-07T08:14:25.529460+00:00 ERROR 'ansible_navigator.actions.collections._parse' /usr/share/ansible/collections/ansible_collections/redhat/rhel_system_roles/roles/kdump/meta/argument_specs.yml Failed to find argument_specs.yml for role in redhat.rhel_system_roles.
2026-10-07T08:14:25.529478+00:00 ERROR 'ansible_navigator.actions.collections._parse' /usr/share/ansible/collections/ansible_collections/redhat/rhel_system_roles/roles/kernel_settings/meta/argument_specs.yml Failed to find argument_specs.yml for role in redhat.rhel_system_roles.
2026-10-07T08:14:25.529495+00:00 ERROR 'ansible_navigator.actions.collections._parse' /usr/share/ansible/collections/ansible_collections/redhat/rhel_system_roles/roles/keylime_server/meta/argument_specs.yml Failed to find argument_specs.yml for role in redhat.rhel_system_roles.
2026-10-07T08:14:25.529513+00:00 ERROR 'ansible_navigator.actions.collections._parse' /usr/share/ansible/collections/ansible_collections/redhat/rhel_system_roles/roles/logging/meta/argument_specs.yml Failed to find argument_specs.yml for role in redhat.rhel_system_roles.
2026-10-07T08:14:25.529531+00:00 ERROR 'ansible_navigator.actions.collections._parse' /usr/share/ansible/collections/ansible_collections/redhat/rhel_system_roles/roles/metrics/meta/argument_specs.yml Failed to find argument_specs.yml for role in redhat.rhel_system_roles.
2026-10-07T08:14:25.529548+00:00 ERROR 'ansible_navigator.actions.collections._parse' /usr/share/ansible/collections/ansible_collections/redhat/rhel_system_roles/roles/nbde_client/meta/argument_specs.yml Failed to find argument_specs.yml for role in redhat.rhel_system_roles.
2026-10-07T08:14:25.529566+00:00 ERROR 'ansible_navigator.actions.collections._parse' /usr/share/ansible/collections/ansible_collections/redhat/rhel_system_roles/roles/nbde_server/meta/argument_specs.yml Failed to find argument_specs.yml for role in redhat.rhel_system_roles.
2026-10-07T08:14:25.529583+00:00 ERROR 'ansible_navigator.actions.collections._parse' /usr/share/ansible/collections/ansible_collections/redhat/rhel_system_roles/roles/network/meta/argument_specs.yml Failed to find argument_specs.yml for role in redhat.rhel_system_roles.
2026-10-07T08:14:25.529601+00:00 ERROR 'ansible_navigator.actions.collections._parse' /usr/share/ansible/collections/ansible_collections/redhat/rhel_system_roles/roles/podman/meta/argument_specs.yml Failed to find argument_specs.yml for role in redhat.rhel_system_roles.
2026-10-07T08:14:25.529618+00:00 ERROR 'ansible_navigator.actions.collections._parse' /usr/share/ansible/collections/ansible_collections/redhat/rhel_system_roles/roles/postfix/meta/argument_specs.yml Failed to find argument_specs.yml for role in redhat.rhel_system_roles.
2026-10-07T08:14:25.529636+00:00 ERROR 'ansible_navigator.actions.collections._parse' /usr/share/ansible/collections/ansible_collections/redhat/rhel_system_roles/roles/postgresql/meta/argument_specs.yml Failed to find argument_specs.yml for role in redhat.rhel_system_roles.
2026-10-07T08:14:25.529660+00:00 ERROR 'ansible_navigator.actions.collections._parse' /usr/share/ansible/collections/ansible_collections/redhat/rhel_system_roles/roles/private_logging_subrole_rsyslog/meta/argument_specs.yml Failed to find argument_specs.yml for role in redhat.rhel_system_roles.
2026-10-07T08:14:25.529683+00:00 ERROR 'ansible_navigator.actions.collections._parse' /usr/share/ansible/collections/ansible_collections/redhat/rhel_system_roles/roles/private_metrics_subrole_bpftrace/meta/argument_specs.yml Failed to find argument_specs.yml for role in redhat.rhel_system_roles.
2026-10-07T08:14:25.529704+00:00 ERROR 'ansible_navigator.actions.collections._parse' /usr/share/ansible/collections/ansible_collections/redhat/rhel_system_roles/roles/private_metrics_subrole_elasticsearch/meta/argument_specs.yml Failed to find argument_specs.yml for role in redhat.rhel_system_roles.
2026-10-07T08:14:25.529986+00:00 ERROR 'ansible_navigator.actions.collections._parse' /usr/share/ansible/collections/ansible_collections/redhat/rhel_system_roles/roles/private_metrics_subrole_grafana/meta/argument_specs.yml Failed to find argument_specs.yml for role in redhat.rhel_system_roles.
2026-10-07T08:14:25.530032+00:00 ERROR 'ansible_navigator.actions.collections._parse' /usr/share/ansible/collections/ansible_collections/redhat/rhel_system_roles/roles/private_metrics_subrole_keyserver/meta/argument_specs.yml Failed to find argument_specs.yml for role in redhat.rhel_system_roles.
2026-10-07T08:14:25.530067+00:00 ERROR 'ansible_navigator.actions.collections._parse' /usr/share/ansible/collections/ansible_collections/redhat/rhel_system_roles/roles/private_metrics_subrole_mssql/meta/argument_specs.yml Failed to find argument_specs.yml for role in redhat.rhel_system_roles.
2026-10-07T08:14:25.530086+00:00 ERROR 'ansible_navigator.actions.collections._parse' /usr/share/ansible/collections/ansible_collections/redhat/rhel_system_roles/roles/private_metrics_subrole_pcp/meta/argument_specs.yml Failed to find argument_specs.yml for role in redhat.rhel_system_roles.
2026-10-07T08:14:25.530104+00:00 ERROR 'ansible_navigator.actions.collections._parse' /usr/share/ansible/collections/ansible_collections/redhat/rhel_system_roles/roles/private_metrics_subrole_postfix/meta/argument_specs.yml Failed to find argument_specs.yml for role in redhat.rhel_system_roles.
2026-10-07T08:14:25.530125+00:00 ERROR 'ansible_navigator.actions.collections._parse' /usr/share/ansible/collections/ansible_collections/redhat/rhel_system_roles/roles/private_metrics_subrole_repository/meta/argument_specs.yml Failed to find argument_specs.yml for role in redhat.rhel_system_roles.
2026-10-07T08:14:25.530142+00:00 ERROR 'ansible_navigator.actions.collections._parse' /usr/share/ansible/collections/ansible_collections/redhat/rhel_system_roles/roles/private_metrics_subrole_spark/meta/argument_specs.yml Failed to find argument_specs.yml for role in redhat.rhel_system_roles.
2026-10-07T08:14:25.530161+00:00 ERROR 'ansible_navigator.actions.collections._parse' /usr/share/ansible/collections/ansible_collections/redhat/rhel_system_roles/roles/rhc/meta/argument_specs.yml Failed to find argument_specs.yml for role in redhat.rhel_system_roles.
2026-10-07T08:14:25.530215+00:00 ERROR 'ansible_navigator.actions.collections._parse' /usr/share/ansible/collections/ansible_collections/redhat/rhel_system_roles/roles/selinux/meta/argument_specs.yml Failed to find argument_specs.yml for role in redhat.rhel_system_roles.
2026-10-07T08:14:25.530256+00:00 ERROR 'ansible_navigator.actions.collections._parse' /usr/share/ansible/collections/ansible_collections/redhat/rhel_system_roles/roles/snapshot/meta/argument_specs.yml Failed to find argument_specs.yml for role in redhat.rhel_system_roles.
2026-10-07T08:14:25.530299+00:00 ERROR 'ansible_navigator.actions.collections._parse' /usr/share/ansible/collections/ansible_collections/redhat/rhel_system_roles/roles/ssh/meta/argument_specs.yml Failed to find argument_specs.yml for role in redhat.rhel_system_roles.
2026-10-07T08:14:25.530341+00:00 ERROR 'ansible_navigator.actions.collections._parse' /usr/share/ansible/collections/ansible_collections/redhat/rhel_system_roles/roles/sshd/meta/argument_specs.yml Failed to find argument_specs.yml for role in redhat.rhel_system_roles.
2026-10-07T08:14:25.530373+00:00 ERROR 'ansible_navigator.actions.collections._parse' /usr/share/ansible/collections/ansible_collections/redhat/rhel_system_roles/roles/storage/meta/argument_specs.yml Failed to find argument_specs.yml for role in redhat.rhel_system_roles.
2026-10-07T08:14:25.530413+00:00 ERROR 'ansible_navigator.actions.collections._parse' /usr/share/ansible/collections/ansible_collections/redhat/rhel_system_roles/roles/sudo/meta/argument_specs.yml Failed to find argument_specs.yml for role in redhat.rhel_system_roles.
2026-10-07T08:14:25.530453+00:00 ERROR 'ansible_navigator.actions.collections._parse' /usr/share/ansible/collections/ansible_collections/redhat/rhel_system_roles/roles/systemd/meta/argument_specs.yml Failed to find argument_specs.yml for role in redhat.rhel_system_roles.
2026-10-07T08:14:25.530504+00:00 ERROR 'ansible_navigator.actions.collections._parse' /usr/share/ansible/collections/ansible_collections/redhat/rhel_system_roles/roles/timesync/meta/argument_specs.yml Failed to find argument_specs.yml for role in redhat.rhel_system_roles.
2026-10-07T08:14:25.530536+00:00 ERROR 'ansible_navigator.actions.collections._parse' /usr/share/ansible/collections/ansible_collections/redhat/rhel_system_roles/roles/tlog/meta/argument_specs.yml Failed to find argument_specs.yml for role in redhat.rhel_system_roles.
2026-10-07T08:14:25.530558+00:00 ERROR 'ansible_navigator.actions.collections._parse' /usr/share/ansible/collections/ansible_collections/redhat/rhel_system_roles/roles/vpn/meta/argument_specs.yml Failed to find argument_specs.yml for role in redhat.rhel_system_roles.
2026-10-07T08:14:25.530578+00:00 ERROR 'ansible_navigator.actions.collections._parse' /usr/share/ansible/collections/ansible_collections/redhat/rhv/roles/cluster_upgrade/meta/argument_specs.yml Failed to find argument_specs.yml for role in redhat.rhv.
2026-10-07T08:14:25.530598+00:00 ERROR 'ansible_navigator.actions.collections._parse' /usr/share/ansible/collections/ansible_collections/redhat/rhv/roles/cluster_upgrade/meta/main.yml Failed to find main.yml for role in redhat.rhv.
2026-10-07T08:14:25.530618+00:00 ERROR 'ansible_navigator.actions.collections._parse' /usr/share/ansible/collections/ansible_collections/redhat/rhv/roles/disaster_recovery/meta/argument_specs.yml Failed to find argument_specs.yml for role in redhat.rhv.
2026-10-07T08:14:25.530637+00:00 ERROR 'ansible_navigator.actions.collections._parse' /usr/share/ansible/collections/ansible_collections/redhat/rhv/roles/disaster_recovery/meta/main.yml Failed to find main.yml for role in redhat.rhv.
2026-10-07T08:14:25.530662+00:00 ERROR 'ansible_navigator.actions.collections._parse' /usr/share/ansible/collections/ansible_collections/redhat/rhv/roles/engine_setup/meta/argument_specs.yml Failed to find argument_specs.yml for role in redhat.rhv.
2026-10-07T08:14:25.530685+00:00 ERROR 'ansible_navigator.actions.collections._parse' /usr/share/ansible/collections/ansible_collections/redhat/rhv/roles/engine_setup/meta/main.yml Failed to find main.yml for role in redhat.rhv.
2026-10-07T08:14:25.530705+00:00 ERROR 'ansible_navigator.actions.collections._parse' /usr/share/ansible/collections/ansible_collections/redhat/rhv/roles/hosted_engine_setup/meta/argument_specs.yml Failed to find argument_specs.yml for role in redhat.rhv.
2026-10-07T08:14:25.530737+00:00 ERROR 'ansible_navigator.actions.collections._parse' /usr/share/ansible/collections/ansible_collections/redhat/rhv/roles/hosted_engine_setup/meta/main.yml Failed to find main.yml for role in redhat.rhv.
2026-10-07T08:14:25.530757+00:00 ERROR 'ansible_navigator.actions.collections._parse' /usr/share/ansible/collections/ansible_collections/redhat/rhv/roles/image_template/meta/argument_specs.yml Failed to find argument_specs.yml for role in redhat.rhv.
2026-10-07T08:14:25.530776+00:00 ERROR 'ansible_navigator.actions.collections._parse' /usr/share/ansible/collections/ansible_collections/redhat/rhv/roles/image_template/meta/main.yml Failed to find main.yml for role in redhat.rhv.
2026-10-07T08:14:25.530794+00:00 ERROR 'ansible_navigator.actions.collections._parse' /usr/share/ansible/collections/ansible_collections/redhat/rhv/roles/infra/meta/argument_specs.yml Failed to find argument_specs.yml for role in redhat.rhv.
2026-10-07T08:14:25.530817+00:00 ERROR 'ansible_navigator.actions.collections._parse' /usr/share/ansible/collections/ansible_collections/redhat/rhv/roles/infra/meta/main.yml Failed to find main.yml for role in redhat.rhv.
2026-10-07T08:14:25.530837+00:00 ERROR 'ansible_navigator.actions.collections._parse' /usr/share/ansible/collections/ansible_collections/redhat/rhv/roles/remove_stale_lun/meta/argument_specs.yml Failed to find argument_specs.yml for role in redhat.rhv.
2026-10-07T08:14:25.530857+00:00 ERROR 'ansible_navigator.actions.collections._parse' /usr/share/ansible/collections/ansible_collections/redhat/rhv/roles/remove_stale_lun/meta/main.yml Failed to find main.yml for role in redhat.rhv.
2026-10-07T08:14:25.530876+00:00 ERROR 'ansible_navigator.actions.collections._parse' /usr/share/ansible/collections/ansible_collections/redhat/rhv/roles/repositories/meta/argument_specs.yml Failed to find argument_specs.yml for role in redhat.rhv.
2026-10-07T08:14:25.530894+00:00 ERROR 'ansible_navigator.actions.collections._parse' /usr/share/ansible/collections/ansible_collections/redhat/rhv/roles/repositories/meta/main.yml Failed to find main.yml for role in redhat.rhv.
2026-10-07T08:14:25.530912+00:00 ERROR 'ansible_navigator.actions.collections._parse' /usr/share/ansible/collections/ansible_collections/redhat/rhv/roles/shutdown_env/meta/argument_specs.yml Failed to find argument_specs.yml for role in redhat.rhv.
2026-10-07T08:14:25.530930+00:00 ERROR 'ansible_navigator.actions.collections._parse' /usr/share/ansible/collections/ansible_collections/redhat/rhv/roles/shutdown_env/meta/main.yml Failed to find main.yml for role in redhat.rhv.
2026-10-07T08:14:25.530948+00:00 ERROR 'ansible_navigator.actions.collections._parse' /usr/share/ansible/collections/ansible_collections/redhat/rhv/roles/vm_infra/meta/argument_specs.yml Failed to find argument_specs.yml for role in redhat.rhv.
2026-10-07T08:14:25.530966+00:00 ERROR 'ansible_navigator.actions.collections._parse' /usr/share/ansible/collections/ansible_collections/redhat/rhv/roles/vm_infra/meta/main.yml Failed to find main.yml for role in redhat.rhv.
2026-10-07T08:14:25.530983+00:00 ERROR 'ansible_navigator.actions.collections._parse' /usr/share/ansible/collections/ansible_collections/redhat/sap_install/roles/sap_ha_install_hana_hsr/meta/argument_specs.yml Failed to find argument_specs.yml for role in redhat.sap_install.
2026-10-07T08:14:25.531002+00:00 ERROR 'ansible_navigator.actions.collections._parse' /usr/share/ansible/collections/ansible_collections/redhat/sap_install/roles/sap_swpm/meta/argument_specs.yml Failed to find argument_specs.yml for role in redhat.sap_install.
2026-10-07T08:14:25.531020+00:00 ERROR 'ansible_navigator.actions.collections._parse' /usr/share/ansible/collections/ansible_collections/redhat/satellite/roles/activation_keys/meta/argument_specs.yml Failed to find argument_specs.yml for role in redhat.satellite.
2026-10-07T08:14:25.531037+00:00 ERROR 'ansible_navigator.actions.collections._parse' /usr/share/ansible/collections/ansible_collections/redhat/satellite/roles/auth_sources_ldap/meta/argument_specs.yml Failed to find argument_specs.yml for role in redhat.satellite.
2026-10-07T08:14:25.531091+00:00 ERROR 'ansible_navigator.actions.collections._parse' /usr/share/ansible/collections/ansible_collections/redhat/satellite/roles/compute_profiles/meta/argument_specs.yml Failed to find argument_specs.yml for role in redhat.satellite.
2026-10-07T08:14:25.531110+00:00 ERROR 'ansible_navigator.actions.collections._parse' /usr/share/ansible/collections/ansible_collections/redhat/satellite/roles/compute_resources/meta/argument_specs.yml Failed to find argument_specs.yml for role in redhat.satellite.
2026-10-07T08:14:25.531129+00:00 ERROR 'ansible_navigator.actions.collections._parse' /usr/share/ansible/collections/ansible_collections/redhat/satellite/roles/content_credentials/meta/argument_specs.yml Failed to find argument_specs.yml for role in redhat.satellite.
2026-10-07T08:14:25.531147+00:00 ERROR 'ansible_navigator.actions.collections._parse' /usr/share/ansible/collections/ansible_collections/redhat/satellite/roles/content_rhel/meta/argument_specs.yml Failed to find argument_specs.yml for role in redhat.satellite.
2026-10-07T08:14:25.531168+00:00 ERROR 'ansible_navigator.actions.collections._parse' /usr/share/ansible/collections/ansible_collections/redhat/satellite/roles/content_view_publish/meta/argument_specs.yml Failed to find argument_specs.yml for role in redhat.satellite.
2026-10-07T08:14:25.531186+00:00 ERROR 'ansible_navigator.actions.collections._parse' /usr/share/ansible/collections/ansible_collections/redhat/satellite/roles/content_view_version_cleanup/meta/argument_specs.yml Failed to find argument_specs.yml for role in redhat.satellite.
2026-10-07T08:14:25.531203+00:00 ERROR 'ansible_navigator.actions.collections._parse' /usr/share/ansible/collections/ansible_collections/redhat/satellite/roles/content_views/meta/argument_specs.yml Failed to find argument_specs.yml for role in redhat.satellite.
2026-10-07T08:14:25.531220+00:00 ERROR 'ansible_navigator.actions.collections._parse' /usr/share/ansible/collections/ansible_collections/redhat/satellite/roles/convert2rhel/meta/argument_specs.yml Failed to find argument_specs.yml for role in redhat.satellite.
2026-10-07T08:14:25.531238+00:00 ERROR 'ansible_navigator.actions.collections._parse' /usr/share/ansible/collections/ansible_collections/redhat/satellite/roles/domains/meta/argument_specs.yml Failed to find argument_specs.yml for role in redhat.satellite.
2026-10-07T08:14:25.531255+00:00 ERROR 'ansible_navigator.actions.collections._parse' /usr/share/ansible/collections/ansible_collections/redhat/satellite/roles/hostgroups/meta/argument_specs.yml Failed to find argument_specs.yml for role in redhat.satellite.
2026-10-07T08:14:25.531272+00:00 ERROR 'ansible_navigator.actions.collections._parse' /usr/share/ansible/collections/ansible_collections/redhat/satellite/roles/lifecycle_environments/meta/argument_specs.yml Failed to find argument_specs.yml for role in redhat.satellite.
2026-10-07T08:14:25.531289+00:00 ERROR 'ansible_navigator.actions.collections._parse' /usr/share/ansible/collections/ansible_collections/redhat/satellite/roles/locations/meta/argument_specs.yml Failed to find argument_specs.yml for role in redhat.satellite.
2026-10-07T08:14:25.531307+00:00 ERROR 'ansible_navigator.actions.collections._parse' /usr/share/ansible/collections/ansible_collections/redhat/satellite/roles/manifest/meta/argument_specs.yml Failed to find argument_specs.yml for role in redhat.satellite.
2026-10-07T08:14:25.531325+00:00 ERROR 'ansible_navigator.actions.collections._parse' /usr/share/ansible/collections/ansible_collections/redhat/satellite/roles/operatingsystems/meta/argument_specs.yml Failed to find argument_specs.yml for role in redhat.satellite.
2026-10-07T08:14:25.531342+00:00 ERROR 'ansible_navigator.actions.collections._parse' /usr/share/ansible/collections/ansible_collections/redhat/satellite/roles/organizations/meta/argument_specs.yml Failed to find argument_specs.yml for role in redhat.satellite.
2026-10-07T08:14:25.531359+00:00 ERROR 'ansible_navigator.actions.collections._parse' /usr/share/ansible/collections/ansible_collections/redhat/satellite/roles/provisioning_templates/meta/argument_specs.yml Failed to find argument_specs.yml for role in redhat.satellite.
2026-10-07T08:14:25.531380+00:00 ERROR 'ansible_navigator.actions.collections._parse' /usr/share/ansible/collections/ansible_collections/redhat/satellite/roles/repositories/meta/argument_specs.yml Failed to find argument_specs.yml for role in redhat.satellite.
2026-10-07T08:14:25.531398+00:00 ERROR 'ansible_navigator.actions.collections._parse' /usr/share/ansible/collections/ansible_collections/redhat/satellite/roles/settings/meta/argument_specs.yml Failed to find argument_specs.yml for role in redhat.satellite.
2026-10-07T08:14:25.531415+00:00 ERROR 'ansible_navigator.actions.collections._parse' /usr/share/ansible/collections/ansible_collections/redhat/satellite/roles/subnets/meta/argument_specs.yml Failed to find argument_specs.yml for role in redhat.satellite.
2026-10-07T08:14:25.531435+00:00 ERROR 'ansible_navigator.actions.collections._parse' /usr/share/ansible/collections/ansible_collections/redhat/satellite/roles/sync_plans/meta/argument_specs.yml Failed to find argument_specs.yml for role in redhat.satellite.
2026-10-07T08:14:25.531453+00:00 ERROR 'ansible_navigator.actions.collections._parse' /usr/share/ansible/collections/ansible_collections/redhat/satellite_operations/roles/backup/meta/argument_specs.yml Failed to find argument_specs.yml for role in redhat.satellite_operations.
2026-10-07T08:14:25.531470+00:00 ERROR 'ansible_navigator.actions.collections._parse' /usr/share/ansible/collections/ansible_collections/redhat/satellite_operations/roles/backup/meta/main.yml Failed to find main.yml for role in redhat.satellite_operations.
2026-10-07T08:14:25.531488+00:00 ERROR 'ansible_navigator.actions.collections._parse' /usr/share/ansible/collections/ansible_collections/redhat/satellite_operations/roles/capsule_certs_generate/meta/argument_specs.yml Failed to find argument_specs.yml for role in redhat.satellite_operations.
2026-10-07T08:14:25.531505+00:00 ERROR 'ansible_navigator.actions.collections._parse' /usr/share/ansible/collections/ansible_collections/redhat/satellite_operations/roles/capsule_certs_generate/meta/main.yml Failed to find main.yml for role in redhat.satellite_operations.
2026-10-07T08:14:25.531523+00:00 ERROR 'ansible_navigator.actions.collections._parse' /usr/share/ansible/collections/ansible_collections/redhat/satellite_operations/roles/cloud_connector/meta/argument_specs.yml Failed to find argument_specs.yml for role in redhat.satellite_operations.
2026-10-07T08:14:25.531540+00:00 ERROR 'ansible_navigator.actions.collections._parse' /usr/share/ansible/collections/ansible_collections/redhat/satellite_operations/roles/cloud_connector/meta/main.yml Failed to find main.yml for role in redhat.satellite_operations.
2026-10-07T08:14:25.531558+00:00 ERROR 'ansible_navigator.actions.collections._parse' /usr/share/ansible/collections/ansible_collections/redhat/satellite_operations/roles/installer/meta/argument_specs.yml Failed to find argument_specs.yml for role in redhat.satellite_operations.
2026-10-07T08:14:25.531575+00:00 ERROR 'ansible_navigator.actions.collections._parse' /usr/share/ansible/collections/ansible_collections/redhat/satellite_operations/roles/installer/meta/main.yml Failed to find main.yml for role in redhat.satellite_operations.
2026-10-07T08:14:25.531592+00:00 ERROR 'ansible_navigator.actions.collections._parse' /usr/share/ansible/collections/ansible_collections/redhat/satellite_operations/roles/metrics/meta/argument_specs.yml Failed to find argument_specs.yml for role in redhat.satellite_operations.
2026-10-07T08:14:25.531610+00:00 ERROR 'ansible_navigator.actions.collections._parse' /usr/share/ansible/collections/ansible_collections/redhat/satellite_operations/roles/metrics/meta/main.yml Failed to find main.yml for role in redhat.satellite_operations.
2026-10-07T08:14:25.531628+00:00 ERROR 'ansible_navigator.actions.collections._parse' /usr/share/ansible/collections/ansible_collections/network/backup/roles/backup/meta/main.yml Failed to find main.yml for role in network.backup.
2026-10-07T08:14:25.531646+00:00 ERROR 'ansible_navigator.actions.collections._parse' /usr/share/ansible/collections/ansible_collections/network/backup/roles/restore/meta/argument_specs.yml Failed to find argument_specs.yml for role in network.backup.
2026-10-07T08:14:25.531663+00:00 ERROR 'ansible_navigator.actions.collections._parse' /usr/share/ansible/collections/ansible_collections/network/backup/roles/restore/meta/main.yml Failed to find main.yml for role in network.backup.
2026-10-07T08:14:25.531680+00:00 ERROR 'ansible_navigator.actions.collections._parse' /usr/share/ansible/collections/ansible_collections/network/base/roles/configure/meta/argument_specs.yml Failed to find argument_specs.yml for role in network.base.
2026-10-07T08:14:25.531697+00:00 ERROR 'ansible_navigator.actions.collections._parse' /usr/share/ansible/collections/ansible_collections/network/base/roles/configure/meta/main.yml Failed to find main.yml for role in network.base.
2026-10-07T08:14:25.531716+00:00 ERROR 'ansible_navigator.actions.collections._parse' /usr/share/ansible/collections/ansible_collections/network/base/roles/deploy/meta/argument_specs.yml Failed to find argument_specs.yml for role in network.base.
2026-10-07T08:14:25.531746+00:00 ERROR 'ansible_navigator.actions.collections._parse' /usr/share/ansible/collections/ansible_collections/network/base/roles/deploy/meta/main.yml Failed to find main.yml for role in network.base.
2026-10-07T08:14:25.531763+00:00 ERROR 'ansible_navigator.actions.collections._parse' /usr/share/ansible/collections/ansible_collections/network/base/roles/detect/meta/argument_specs.yml Failed to find argument_specs.yml for role in network.base.
2026-10-07T08:14:25.531780+00:00 ERROR 'ansible_navigator.actions.collections._parse' /usr/share/ansible/collections/ansible_collections/network/base/roles/detect/meta/main.yml Failed to find main.yml for role in network.base.
2026-10-07T08:14:25.531798+00:00 ERROR 'ansible_navigator.actions.collections._parse' /usr/share/ansible/collections/ansible_collections/network/base/roles/gather/meta/argument_specs.yml Failed to find argument_specs.yml for role in network.base.
2026-10-07T08:14:25.531816+00:00 ERROR 'ansible_navigator.actions.collections._parse' /usr/share/ansible/collections/ansible_collections/network/base/roles/gather/meta/main.yml Failed to find main.yml for role in network.base.
2026-10-07T08:14:25.531833+00:00 ERROR 'ansible_navigator.actions.collections._parse' /usr/share/ansible/collections/ansible_collections/network/base/roles/list/meta/argument_specs.yml Failed to find argument_specs.yml for role in network.base.
2026-10-07T08:14:25.531851+00:00 ERROR 'ansible_navigator.actions.collections._parse' /usr/share/ansible/collections/ansible_collections/network/base/roles/list/meta/main.yml Failed to find main.yml for role in network.base.
2026-10-07T08:14:25.531868+00:00 ERROR 'ansible_navigator.actions.collections._parse' /usr/share/ansible/collections/ansible_collections/network/base/roles/persist/meta/argument_specs.yml Failed to find argument_specs.yml for role in network.base.
2026-10-07T08:14:25.531885+00:00 ERROR 'ansible_navigator.actions.collections._parse' /usr/share/ansible/collections/ansible_collections/network/base/roles/persist/meta/main.yml Failed to find main.yml for role in network.base.
2026-10-07T08:14:25.531902+00:00 ERROR 'ansible_navigator.actions.collections._parse' /usr/share/ansible/collections/ansible_collections/network/base/roles/remediate/meta/argument_specs.yml Failed to find argument_specs.yml for role in network.base.
2026-10-07T08:14:25.531920+00:00 ERROR 'ansible_navigator.actions.collections._parse' /usr/share/ansible/collections/ansible_collections/network/base/roles/remediate/meta/main.yml Failed to find main.yml for role in network.base.
2026-10-07T08:14:25.531937+00:00 ERROR 'ansible_navigator.actions.collections._parse' /usr/share/ansible/collections/ansible_collections/network/base/roles/resource_manager/meta/argument_specs.yml Failed to find argument_specs.yml for role in network.base.
2026-10-07T08:14:25.531954+00:00 ERROR 'ansible_navigator.actions.collections._parse' /usr/share/ansible/collections/ansible_collections/network/base/roles/resource_manager/meta/main.yml Failed to find main.yml for role in network.base.
2026-10-07T08:14:25.531971+00:00 ERROR 'ansible_navigator.actions.collections._parse' /usr/share/ansible/collections/ansible_collections/network/base/roles/resource_manager/README.md Failed to find README.md for role in network.base.
2026-10-07T08:14:25.531988+00:00 ERROR 'ansible_navigator.actions.collections._parse' /usr/share/ansible/collections/ansible_collections/network/healthchecks/roles/bgp/meta/argument_specs.yml Failed to find argument_specs.yml for role in network.healthchecks.
2026-10-07T08:14:25.532006+00:00 ERROR 'ansible_navigator.actions.collections._parse' /usr/share/ansible/collections/ansible_collections/network/healthchecks/roles/bgp/meta/main.yml Failed to find main.yml for role in network.healthchecks.
2026-10-07T08:14:25.532027+00:00 ERROR 'ansible_navigator.actions.collections._parse' /usr/share/ansible/collections/ansible_collections/network/healthchecks/roles/cpu/meta/argument_specs.yml Failed to find argument_specs.yml for role in network.healthchecks.
2026-10-07T08:14:25.532065+00:00 ERROR 'ansible_navigator.actions.collections._parse' /usr/share/ansible/collections/ansible_collections/network/healthchecks/roles/cpu/meta/main.yml Failed to find main.yml for role in network.healthchecks.
2026-10-07T08:14:25.532088+00:00 ERROR 'ansible_navigator.actions.collections._parse' /usr/share/ansible/collections/ansible_collections/network/healthchecks/roles/crashfiles/meta/argument_specs.yml Failed to find argument_specs.yml for role in network.healthchecks.
2026-10-07T08:14:25.532106+00:00 ERROR 'ansible_navigator.actions.collections._parse' /usr/share/ansible/collections/ansible_collections/network/healthchecks/roles/crashfiles/meta/main.yml Failed to find main.yml for role in network.healthchecks.
2026-10-07T08:14:25.532124+00:00 ERROR 'ansible_navigator.actions.collections._parse' /usr/share/ansible/collections/ansible_collections/network/healthchecks/roles/environment/meta/argument_specs.yml Failed to find argument_specs.yml for role in network.healthchecks.
2026-10-07T08:14:25.532141+00:00 ERROR 'ansible_navigator.actions.collections._parse' /usr/share/ansible/collections/ansible_collections/network/healthchecks/roles/environment/meta/main.yml Failed to find main.yml for role in network.healthchecks.
2026-10-07T08:14:25.532159+00:00 ERROR 'ansible_navigator.actions.collections._parse' /usr/share/ansible/collections/ansible_collections/network/healthchecks/roles/filesystem/meta/argument_specs.yml Failed to find argument_specs.yml for role in network.healthchecks.
2026-10-07T08:14:25.532176+00:00 ERROR 'ansible_navigator.actions.collections._parse' /usr/share/ansible/collections/ansible_collections/network/healthchecks/roles/filesystem/meta/main.yml Failed to find main.yml for role in network.healthchecks.
2026-10-07T08:14:25.532193+00:00 ERROR 'ansible_navigator.actions.collections._parse' /usr/share/ansible/collections/ansible_collections/network/healthchecks/roles/interfaces/meta/argument_specs.yml Failed to find argument_specs.yml for role in network.healthchecks.
2026-10-07T08:14:25.532210+00:00 ERROR 'ansible_navigator.actions.collections._parse' /usr/share/ansible/collections/ansible_collections/network/healthchecks/roles/interfaces/meta/main.yml Failed to find main.yml for role in network.healthchecks.
2026-10-07T08:14:25.532227+00:00 ERROR 'ansible_navigator.actions.collections._parse' /usr/share/ansible/collections/ansible_collections/network/healthchecks/roles/ip_reachability/meta/argument_specs.yml Failed to find argument_specs.yml for role in network.healthchecks.
2026-10-07T08:14:25.532244+00:00 ERROR 'ansible_navigator.actions.collections._parse' /usr/share/ansible/collections/ansible_collections/network/healthchecks/roles/ip_reachability/meta/main.yml Failed to find main.yml for role in network.healthchecks.
2026-10-07T08:14:25.532264+00:00 ERROR 'ansible_navigator.actions.collections._parse' /usr/share/ansible/collections/ansible_collections/network/healthchecks/roles/memory/meta/argument_specs.yml Failed to find argument_specs.yml for role in network.healthchecks.
2026-10-07T08:14:25.532281+00:00 ERROR 'ansible_navigator.actions.collections._parse' /usr/share/ansible/collections/ansible_collections/network/healthchecks/roles/memory/meta/main.yml Failed to find main.yml for role in network.healthchecks.
2026-10-07T08:14:25.532298+00:00 ERROR 'ansible_navigator.actions.collections._parse' /usr/share/ansible/collections/ansible_collections/network/healthchecks/roles/ospf/meta/argument_specs.yml Failed to find argument_specs.yml for role in network.healthchecks.
2026-10-07T08:14:25.532315+00:00 ERROR 'ansible_navigator.actions.collections._parse' /usr/share/ansible/collections/ansible_collections/network/healthchecks/roles/ospf/meta/main.yml Failed to find main.yml for role in network.healthchecks.
2026-10-07T08:14:25.532335+00:00 ERROR 'ansible_navigator.actions.collections._parse' /usr/share/ansible/collections/ansible_collections/network/healthchecks/roles/uptime/meta/argument_specs.yml Failed to find argument_specs.yml for role in network.healthchecks.
2026-10-07T08:14:25.532352+00:00 ERROR 'ansible_navigator.actions.collections._parse' /usr/share/ansible/collections/ansible_collections/network/healthchecks/roles/uptime/meta/main.yml Failed to find main.yml for role in network.healthchecks.
2026-10-07T08:14:25.532369+00:00 ERROR 'ansible_navigator.actions.collections._parse' /usr/share/ansible/collections/ansible_collections/network/inventory_reports/roles/configure/meta/argument_specs.yml Failed to find argument_specs.yml for role in network.inventory_reports.
2026-10-07T08:14:25.532387+00:00 ERROR 'ansible_navigator.actions.collections._parse' /usr/share/ansible/collections/ansible_collections/network/inventory_reports/roles/configure/meta/main.yml Failed to find main.yml for role in network.inventory_reports.
2026-10-07T08:14:25.532404+00:00 ERROR 'ansible_navigator.actions.collections._parse' /usr/share/ansible/collections/ansible_collections/network/inventory_reports/roles/deploy/meta/argument_specs.yml Failed to find argument_specs.yml for role in network.inventory_reports.
2026-10-07T08:14:25.532421+00:00 ERROR 'ansible_navigator.actions.collections._parse' /usr/share/ansible/collections/ansible_collections/network/inventory_reports/roles/deploy/meta/main.yml Failed to find main.yml for role in network.inventory_reports.
2026-10-07T08:14:25.532439+00:00 ERROR 'ansible_navigator.actions.collections._parse' /usr/share/ansible/collections/ansible_collections/network/inventory_reports/roles/detect/meta/argument_specs.yml Failed to find argument_specs.yml for role in network.inventory_reports.
2026-10-07T08:14:25.532456+00:00 ERROR 'ansible_navigator.actions.collections._parse' /usr/share/ansible/collections/ansible_collections/network/inventory_reports/roles/detect/meta/main.yml Failed to find main.yml for role in network.inventory_reports.
2026-10-07T08:14:25.532474+00:00 ERROR 'ansible_navigator.actions.collections._parse' /usr/share/ansible/collections/ansible_collections/network/inventory_reports/roles/gather/meta/argument_specs.yml Failed to find argument_specs.yml for role in network.inventory_reports.
2026-10-07T08:14:25.532491+00:00 ERROR 'ansible_navigator.actions.collections._parse' /usr/share/ansible/collections/ansible_collections/network/inventory_reports/roles/gather/meta/main.yml Failed to find main.yml for role in network.inventory_reports.
2026-10-07T08:14:25.532508+00:00 ERROR 'ansible_navigator.actions.collections._parse' /usr/share/ansible/collections/ansible_collections/network/inventory_reports/roles/generate_report/meta/argument_specs.yml Failed to find argument_specs.yml for role in network.inventory_reports.
2026-10-07T08:14:25.532525+00:00 ERROR 'ansible_navigator.actions.collections._parse' /usr/share/ansible/collections/ansible_collections/network/inventory_reports/roles/generate_report/meta/main.yml Failed to find main.yml for role in network.inventory_reports.
2026-10-07T08:14:25.532543+00:00 ERROR 'ansible_navigator.actions.collections._parse' /usr/share/ansible/collections/ansible_collections/network/inventory_reports/roles/list/meta/argument_specs.yml Failed to find argument_specs.yml for role in network.inventory_reports.
2026-10-07T08:14:25.532560+00:00 ERROR 'ansible_navigator.actions.collections._parse' /usr/share/ansible/collections/ansible_collections/network/inventory_reports/roles/list/meta/main.yml Failed to find main.yml for role in network.inventory_reports.
2026-10-07T08:14:25.532577+00:00 ERROR 'ansible_navigator.actions.collections._parse' /usr/share/ansible/collections/ansible_collections/network/inventory_reports/roles/persist/meta/argument_specs.yml Failed to find argument_specs.yml for role in network.inventory_reports.
2026-10-07T08:14:25.532594+00:00 ERROR 'ansible_navigator.actions.collections._parse' /usr/share/ansible/collections/ansible_collections/network/inventory_reports/roles/persist/meta/main.yml Failed to find main.yml for role in network.inventory_reports.
2026-10-07T08:14:25.532619+00:00 ERROR 'ansible_navigator.actions.collections._parse' /usr/share/ansible/collections/ansible_collections/network/inventory_reports/roles/remediate/meta/argument_specs.yml Failed to find argument_specs.yml for role in network.inventory_reports.
2026-10-07T08:14:25.532637+00:00 ERROR 'ansible_navigator.actions.collections._parse' /usr/share/ansible/collections/ansible_collections/network/inventory_reports/roles/remediate/meta/main.yml Failed to find main.yml for role in network.inventory_reports.
2026-10-07T08:14:46.947294+00:00 ERROR 'ansible_navigator.actions.collections._parse' /usr/share/ansible/collections/ansible_collections/redhat/insights/roles/compliance/meta/argument_specs.yml Failed to find argument_specs.yml for role in redhat.insights.
2026-10-07T08:14:46.947623+00:00 ERROR 'ansible_navigator.actions.collections._parse' /usr/share/ansible/collections/ansible_collections/redhat/insights/roles/insights_client/meta/argument_specs.yml Failed to find argument_specs.yml for role in redhat.insights.
2026-10-07T08:14:46.947662+00:00 ERROR 'ansible_navigator.actions.collections._parse' /usr/share/ansible/collections/ansible_collections/redhat/redhat_csp_download/roles/redhat_csp_download/meta/argument_specs.yml Failed to find argument_specs.yml for role in redhat.redhat_csp_download.
2026-10-07T08:14:46.947716+00:00 ERROR 'ansible_navigator.actions.collections._parse' /usr/share/ansible/collections/ansible_collections/redhat/redhat_csp_download/roles/redhat_csp_download/meta/main.yml Failed to find main.yml for role in redhat.redhat_csp_download.
2026-10-07T08:14:46.947781+00:00 ERROR 'ansible_navigator.actions.collections._parse' /usr/share/ansible/collections/ansible_collections/redhat/rhel_idm/roles/ipabackup/meta/argument_specs.yml Failed to find argument_specs.yml for role in redhat.rhel_idm.
2026-10-07T08:14:46.947829+00:00 ERROR 'ansible_navigator.actions.collections._parse' /usr/share/ansible/collections/ansible_collections/redhat/rhel_idm/roles/ipaclient/meta/argument_specs.yml Failed to find argument_specs.yml for role in redhat.rhel_idm.
2026-10-07T08:14:46.947877+00:00 ERROR 'ansible_navigator.actions.collections._parse' /usr/share/ansible/collections/ansible_collections/redhat/rhel_idm/roles/ipareplica/meta/argument_specs.yml Failed to find argument_specs.yml for role in redhat.rhel_idm.
2026-10-07T08:14:46.947924+00:00 ERROR 'ansible_navigator.actions.collections._parse' /usr/share/ansible/collections/ansible_collections/redhat/rhel_idm/roles/ipaserver/meta/argument_specs.yml Failed to find argument_specs.yml for role in redhat.rhel_idm.
2026-10-07T08:14:46.947963+00:00 ERROR 'ansible_navigator.actions.collections._parse' /usr/share/ansible/collections/ansible_collections/redhat/rhel_idm/roles/ipasmartcard_client/meta/argument_specs.yml Failed to find argument_specs.yml for role in redhat.rhel_idm.
2026-10-07T08:14:46.947990+00:00 ERROR 'ansible_navigator.actions.collections._parse' /usr/share/ansible/collections/ansible_collections/redhat/rhel_idm/roles/ipasmartcard_server/meta/argument_specs.yml Failed to find argument_specs.yml for role in redhat.rhel_idm.
2026-10-07T08:14:46.948014+00:00 ERROR 'ansible_navigator.actions.collections._parse' /usr/share/ansible/collections/ansible_collections/redhat/rhel_system_roles/roles/ad_integration/meta/argument_specs.yml Failed to find argument_specs.yml for role in redhat.rhel_system_roles.
2026-10-07T08:14:46.948062+00:00 ERROR 'ansible_navigator.actions.collections._parse' /usr/share/ansible/collections/ansible_collections/redhat/rhel_system_roles/roles/aide/meta/argument_specs.yml Failed to find argument_specs.yml for role in redhat.rhel_system_roles.
2026-10-07T08:14:46.948099+00:00 ERROR 'ansible_navigator.actions.collections._parse' /usr/share/ansible/collections/ansible_collections/redhat/rhel_system_roles/roles/bootloader/meta/argument_specs.yml Failed to find argument_specs.yml for role in redhat.rhel_system_roles.
2026-10-07T08:14:46.948132+00:00 ERROR 'ansible_navigator.actions.collections._parse' /usr/share/ansible/collections/ansible_collections/redhat/rhel_system_roles/roles/certificate/meta/argument_specs.yml Failed to find argument_specs.yml for role in redhat.rhel_system_roles.
2026-10-07T08:14:46.948158+00:00 ERROR 'ansible_navigator.actions.collections._parse' /usr/share/ansible/collections/ansible_collections/redhat/rhel_system_roles/roles/cockpit/meta/argument_specs.yml Failed to find argument_specs.yml for role in redhat.rhel_system_roles.
2026-10-07T08:14:46.948179+00:00 ERROR 'ansible_navigator.actions.collections._parse' /usr/share/ansible/collections/ansible_collections/redhat/rhel_system_roles/roles/crypto_policies/meta/argument_specs.yml Failed to find argument_specs.yml for role in redhat.rhel_system_roles.
2026-10-07T08:14:46.948200+00:00 ERROR 'ansible_navigator.actions.collections._parse' /usr/share/ansible/collections/ansible_collections/redhat/rhel_system_roles/roles/fapolicyd/meta/argument_specs.yml Failed to find argument_specs.yml for role in redhat.rhel_system_roles.
2026-10-07T08:14:46.948222+00:00 ERROR 'ansible_navigator.actions.collections._parse' /usr/share/ansible/collections/ansible_collections/redhat/rhel_system_roles/roles/firewall/meta/argument_specs.yml Failed to find argument_specs.yml for role in redhat.rhel_system_roles.
2026-10-07T08:14:46.948243+00:00 ERROR 'ansible_navigator.actions.collections._parse' /usr/share/ansible/collections/ansible_collections/redhat/rhel_system_roles/roles/ha_cluster/meta/argument_specs.yml Failed to find argument_specs.yml for role in redhat.rhel_system_roles.
2026-10-07T08:14:46.948264+00:00 ERROR 'ansible_navigator.actions.collections._parse' /usr/share/ansible/collections/ansible_collections/redhat/rhel_system_roles/roles/journald/meta/argument_specs.yml Failed to find argument_specs.yml for role in redhat.rhel_system_roles.
2026-10-07T08:14:46.948288+00:00 ERROR 'ansible_navigator.actions.collections._parse' /usr/share/ansible/collections/ansible_collections/redhat/rhel_system_roles/roles/kdump/meta/argument_specs.yml Failed to find argument_specs.yml for role in redhat.rhel_system_roles.
2026-10-07T08:14:46.948321+00:00 ERROR 'ansible_navigator.actions.collections._parse' /usr/share/ansible/collections/ansible_collections/redhat/rhel_system_roles/roles/kernel_settings/meta/argument_specs.yml Failed to find argument_specs.yml for role in redhat.rhel_system_roles.
2026-10-07T08:14:46.948367+00:00 ERROR 'ansible_navigator.actions.collections._parse' /usr/share/ansible/collections/ansible_collections/redhat/rhel_system_roles/roles/keylime_server/meta/argument_specs.yml Failed to find argument_specs.yml for role in redhat.rhel_system_roles.
2026-10-07T08:14:46.948393+00:00 ERROR 'ansible_navigator.actions.collections._parse' /usr/share/ansible/collections/ansible_collections/redhat/rhel_system_roles/roles/logging/meta/argument_specs.yml Failed to find argument_specs.yml for role in redhat.rhel_system_roles.
2026-10-07T08:14:46.948418+00:00 ERROR 'ansible_navigator.actions.collections._parse' /usr/share/ansible/collections/ansible_collections/redhat/rhel_system_roles/roles/metrics/meta/argument_specs.yml Failed to find argument_specs.yml for role in redhat.rhel_system_roles.
2026-10-07T08:14:46.948440+00:00 ERROR 'ansible_navigator.actions.collections._parse' /usr/share/ansible/collections/ansible_collections/redhat/rhel_system_roles/roles/nbde_client/meta/argument_specs.yml Failed to find argument_specs.yml for role in redhat.rhel_system_roles.
2026-10-07T08:14:46.948461+00:00 ERROR 'ansible_navigator.actions.collections._parse' /usr/share/ansible/collections/ansible_collections/redhat/rhel_system_roles/roles/nbde_server/meta/argument_specs.yml Failed to find argument_specs.yml for role in redhat.rhel_system_roles.
2026-10-07T08:14:46.948482+00:00 ERROR 'ansible_navigator.actions.collections._parse' /usr/share/ansible/collections/ansible_collections/redhat/rhel_system_roles/roles/network/meta/argument_specs.yml Failed to find argument_specs.yml for role in redhat.rhel_system_roles.
2026-10-07T08:14:46.948512+00:00 ERROR 'ansible_navigator.actions.collections._parse' /usr/share/ansible/collections/ansible_collections/redhat/rhel_system_roles/roles/podman/meta/argument_specs.yml Failed to find argument_specs.yml for role in redhat.rhel_system_roles.
2026-10-07T08:14:46.948536+00:00 ERROR 'ansible_navigator.actions.collections._parse' /usr/share/ansible/collections/ansible_collections/redhat/rhel_system_roles/roles/postfix/meta/argument_specs.yml Failed to find argument_specs.yml for role in redhat.rhel_system_roles.
2026-10-07T08:14:46.948560+00:00 ERROR 'ansible_navigator.actions.collections._parse' /usr/share/ansible/collections/ansible_collections/redhat/rhel_system_roles/roles/postgresql/meta/argument_specs.yml Failed to find argument_specs.yml for role in redhat.rhel_system_roles.
2026-10-07T08:14:46.948582+00:00 ERROR 'ansible_navigator.actions.collections._parse' /usr/share/ansible/collections/ansible_collections/redhat/rhel_system_roles/roles/private_logging_subrole_rsyslog/meta/argument_specs.yml Failed to find argument_specs.yml for role in redhat.rhel_system_roles.
2026-10-07T08:14:46.948605+00:00 ERROR 'ansible_navigator.actions.collections._parse' /usr/share/ansible/collections/ansible_collections/redhat/rhel_system_roles/roles/private_metrics_subrole_bpftrace/meta/argument_specs.yml Failed to find argument_specs.yml for role in redhat.rhel_system_roles.
2026-10-07T08:14:46.948625+00:00 ERROR 'ansible_navigator.actions.collections._parse' /usr/share/ansible/collections/ansible_collections/redhat/rhel_system_roles/roles/private_metrics_subrole_elasticsearch/meta/argument_specs.yml Failed to find argument_specs.yml for role in redhat.rhel_system_roles.
2026-10-07T08:14:46.948649+00:00 ERROR 'ansible_navigator.actions.collections._parse' /usr/share/ansible/collections/ansible_collections/redhat/rhel_system_roles/roles/private_metrics_subrole_grafana/meta/argument_specs.yml Failed to find argument_specs.yml for role in redhat.rhel_system_roles.
2026-10-07T08:14:46.948669+00:00 ERROR 'ansible_navigator.actions.collections._parse' /usr/share/ansible/collections/ansible_collections/redhat/rhel_system_roles/roles/private_metrics_subrole_keyserver/meta/argument_specs.yml Failed to find argument_specs.yml for role in redhat.rhel_system_roles.
2026-10-07T08:14:46.948689+00:00 ERROR 'ansible_navigator.actions.collections._parse' /usr/share/ansible/collections/ansible_collections/redhat/rhel_system_roles/roles/private_metrics_subrole_mssql/meta/argument_specs.yml Failed to find argument_specs.yml for role in redhat.rhel_system_roles.
2026-10-07T08:14:46.948709+00:00 ERROR 'ansible_navigator.actions.collections._parse' /usr/share/ansible/collections/ansible_collections/redhat/rhel_system_roles/roles/private_metrics_subrole_pcp/meta/argument_specs.yml Failed to find argument_specs.yml for role in redhat.rhel_system_roles.
2026-10-07T08:14:46.948752+00:00 ERROR 'ansible_navigator.actions.collections._parse' /usr/share/ansible/collections/ansible_collections/redhat/rhel_system_roles/roles/private_metrics_subrole_postfix/meta/argument_specs.yml Failed to find argument_specs.yml for role in redhat.rhel_system_roles.
2026-10-07T08:14:46.948786+00:00 ERROR 'ansible_navigator.actions.collections._parse' /usr/share/ansible/collections/ansible_collections/redhat/rhel_system_roles/roles/private_metrics_subrole_repository/meta/argument_specs.yml Failed to find argument_specs.yml for role in redhat.rhel_system_roles.
2026-10-07T08:14:46.948816+00:00 ERROR 'ansible_navigator.actions.collections._parse' /usr/share/ansible/collections/ansible_collections/redhat/rhel_system_roles/roles/private_metrics_subrole_spark/meta/argument_specs.yml Failed to find argument_specs.yml for role in redhat.rhel_system_roles.
2026-10-07T08:14:46.948837+00:00 ERROR 'ansible_navigator.actions.collections._parse' /usr/share/ansible/collections/ansible_collections/redhat/rhel_system_roles/roles/rhc/meta/argument_specs.yml Failed to find argument_specs.yml for role in redhat.rhel_system_roles.
2026-10-07T08:14:46.948863+00:00 ERROR 'ansible_navigator.actions.collections._parse' /usr/share/ansible/collections/ansible_collections/redhat/rhel_system_roles/roles/selinux/meta/argument_specs.yml Failed to find argument_specs.yml for role in redhat.rhel_system_roles.
2026-10-07T08:14:46.948887+00:00 ERROR 'ansible_navigator.actions.collections._parse' /usr/share/ansible/collections/ansible_collections/redhat/rhel_system_roles/roles/snapshot/meta/argument_specs.yml Failed to find argument_specs.yml for role in redhat.rhel_system_roles.
2026-10-07T08:14:46.948912+00:00 ERROR 'ansible_navigator.actions.collections._parse' /usr/share/ansible/collections/ansible_collections/redhat/rhel_system_roles/roles/ssh/meta/argument_specs.yml Failed to find argument_specs.yml for role in redhat.rhel_system_roles.
2026-10-07T08:14:46.948934+00:00 ERROR 'ansible_navigator.actions.collections._parse' /usr/share/ansible/collections/ansible_collections/redhat/rhel_system_roles/roles/sshd/meta/argument_specs.yml Failed to find argument_specs.yml for role in redhat.rhel_system_roles.
2026-10-07T08:14:46.948954+00:00 ERROR 'ansible_navigator.actions.collections._parse' /usr/share/ansible/collections/ansible_collections/redhat/rhel_system_roles/roles/storage/meta/argument_specs.yml Failed to find argument_specs.yml for role in redhat.rhel_system_roles.
2026-10-07T08:14:46.948975+00:00 ERROR 'ansible_navigator.actions.collections._parse' /usr/share/ansible/collections/ansible_collections/redhat/rhel_system_roles/roles/sudo/meta/argument_specs.yml Failed to find argument_specs.yml for role in redhat.rhel_system_roles.
2026-10-07T08:14:46.948996+00:00 ERROR 'ansible_navigator.actions.collections._parse' /usr/share/ansible/collections/ansible_collections/redhat/rhel_system_roles/roles/systemd/meta/argument_specs.yml Failed to find argument_specs.yml for role in redhat.rhel_system_roles.
2026-10-07T08:14:46.949016+00:00 ERROR 'ansible_navigator.actions.collections._parse' /usr/share/ansible/collections/ansible_collections/redhat/rhel_system_roles/roles/timesync/meta/argument_specs.yml Failed to find argument_specs.yml for role in redhat.rhel_system_roles.
2026-10-07T08:14:46.949052+00:00 ERROR 'ansible_navigator.actions.collections._parse' /usr/share/ansible/collections/ansible_collections/redhat/rhel_system_roles/roles/tlog/meta/argument_specs.yml Failed to find argument_specs.yml for role in redhat.rhel_system_roles.
2026-10-07T08:14:46.949079+00:00 ERROR 'ansible_navigator.actions.collections._parse' /usr/share/ansible/collections/ansible_collections/redhat/rhel_system_roles/roles/vpn/meta/argument_specs.yml Failed to find argument_specs.yml for role in redhat.rhel_system_roles.
2026-10-07T08:14:46.949100+00:00 ERROR 'ansible_navigator.actions.collections._parse' /usr/share/ansible/collections/ansible_collections/redhat/rhv/roles/cluster_upgrade/meta/argument_specs.yml Failed to find argument_specs.yml for role in redhat.rhv.
2026-10-07T08:14:46.949124+00:00 ERROR 'ansible_navigator.actions.collections._parse' /usr/share/ansible/collections/ansible_collections/redhat/rhv/roles/cluster_upgrade/meta/main.yml Failed to find main.yml for role in redhat.rhv.
2026-10-07T08:14:46.949149+00:00 ERROR 'ansible_navigator.actions.collections._parse' /usr/share/ansible/collections/ansible_collections/redhat/rhv/roles/disaster_recovery/meta/argument_specs.yml Failed to find argument_specs.yml for role in redhat.rhv.
2026-10-07T08:14:46.949169+00:00 ERROR 'ansible_navigator.actions.collections._parse' /usr/share/ansible/collections/ansible_collections/redhat/rhv/roles/disaster_recovery/meta/main.yml Failed to find main.yml for role in redhat.rhv.
2026-10-07T08:14:46.949190+00:00 ERROR 'ansible_navigator.actions.collections._parse' /usr/share/ansible/collections/ansible_collections/redhat/rhv/roles/engine_setup/meta/argument_specs.yml Failed to find argument_specs.yml for role in redhat.rhv.
2026-10-07T08:14:46.949210+00:00 ERROR 'ansible_navigator.actions.collections._parse' /usr/share/ansible/collections/ansible_collections/redhat/rhv/roles/engine_setup/meta/main.yml Failed to find main.yml for role in redhat.rhv.
2026-10-07T08:14:46.949236+00:00 ERROR 'ansible_navigator.actions.collections._parse' /usr/share/ansible/collections/ansible_collections/redhat/rhv/roles/hosted_engine_setup/meta/argument_specs.yml Failed to find argument_specs.yml for role in redhat.rhv.
2026-10-07T08:14:46.949257+00:00 ERROR 'ansible_navigator.actions.collections._parse' /usr/share/ansible/collections/ansible_collections/redhat/rhv/roles/hosted_engine_setup/meta/main.yml Failed to find main.yml for role in redhat.rhv.
2026-10-07T08:14:46.949278+00:00 ERROR 'ansible_navigator.actions.collections._parse' /usr/share/ansible/collections/ansible_collections/redhat/rhv/roles/image_template/meta/argument_specs.yml Failed to find argument_specs.yml for role in redhat.rhv.
2026-10-07T08:14:46.949298+00:00 ERROR 'ansible_navigator.actions.collections._parse' /usr/share/ansible/collections/ansible_collections/redhat/rhv/roles/image_template/meta/main.yml Failed to find main.yml for role in redhat.rhv.
2026-10-07T08:14:46.949318+00:00 ERROR 'ansible_navigator.actions.collections._parse' /usr/share/ansible/collections/ansible_collections/redhat/rhv/roles/infra/meta/argument_specs.yml Failed to find argument_specs.yml for role in redhat.rhv.
2026-10-07T08:14:46.949343+00:00 ERROR 'ansible_navigator.actions.collections._parse' /usr/share/ansible/collections/ansible_collections/redhat/rhv/roles/infra/meta/main.yml Failed to find main.yml for role in redhat.rhv.
2026-10-07T08:14:46.949381+00:00 ERROR 'ansible_navigator.actions.collections._parse' /usr/share/ansible/collections/ansible_collections/redhat/rhv/roles/remove_stale_lun/meta/argument_specs.yml Failed to find argument_specs.yml for role in redhat.rhv.
2026-10-07T08:14:46.949403+00:00 ERROR 'ansible_navigator.actions.collections._parse' /usr/share/ansible/collections/ansible_collections/redhat/rhv/roles/remove_stale_lun/meta/main.yml Failed to find main.yml for role in redhat.rhv.
2026-10-07T08:14:46.949428+00:00 ERROR 'ansible_navigator.actions.collections._parse' /usr/share/ansible/collections/ansible_collections/redhat/rhv/roles/repositories/meta/argument_specs.yml Failed to find argument_specs.yml for role in redhat.rhv.
2026-10-07T08:14:46.949449+00:00 ERROR 'ansible_navigator.actions.collections._parse' /usr/share/ansible/collections/ansible_collections/redhat/rhv/roles/repositories/meta/main.yml Failed to find main.yml for role in redhat.rhv.
2026-10-07T08:14:46.949473+00:00 ERROR 'ansible_navigator.actions.collections._parse' /usr/share/ansible/collections/ansible_collections/redhat/rhv/roles/shutdown_env/meta/argument_specs.yml Failed to find argument_specs.yml for role in redhat.rhv.
2026-10-07T08:14:46.949493+00:00 ERROR 'ansible_navigator.actions.collections._parse' /usr/share/ansible/collections/ansible_collections/redhat/rhv/roles/shutdown_env/meta/main.yml Failed to find main.yml for role in redhat.rhv.
2026-10-07T08:14:46.949514+00:00 ERROR 'ansible_navigator.actions.collections._parse' /usr/share/ansible/collections/ansible_collections/redhat/rhv/roles/vm_infra/meta/argument_specs.yml Failed to find argument_specs.yml for role in redhat.rhv.
2026-10-07T08:14:46.949534+00:00 ERROR 'ansible_navigator.actions.collections._parse' /usr/share/ansible/collections/ansible_collections/redhat/rhv/roles/vm_infra/meta/main.yml Failed to find main.yml for role in redhat.rhv.
2026-10-07T08:14:46.949555+00:00 ERROR 'ansible_navigator.actions.collections._parse' /usr/share/ansible/collections/ansible_collections/redhat/sap_install/roles/sap_ha_install_hana_hsr/meta/argument_specs.yml Failed to find argument_specs.yml for role in redhat.sap_install.
2026-10-07T08:14:46.949575+00:00 ERROR 'ansible_navigator.actions.collections._parse' /usr/share/ansible/collections/ansible_collections/redhat/sap_install/roles/sap_swpm/meta/argument_specs.yml Failed to find argument_specs.yml for role in redhat.sap_install.
2026-10-07T08:14:46.949600+00:00 ERROR 'ansible_navigator.actions.collections._parse' /usr/share/ansible/collections/ansible_collections/redhat/satellite/roles/activation_keys/meta/argument_specs.yml Failed to find argument_specs.yml for role in redhat.satellite.
2026-10-07T08:14:46.949629+00:00 ERROR 'ansible_navigator.actions.collections._parse' /usr/share/ansible/collections/ansible_collections/redhat/satellite/roles/auth_sources_ldap/meta/argument_specs.yml Failed to find argument_specs.yml for role in redhat.satellite.
2026-10-07T08:14:46.949650+00:00 ERROR 'ansible_navigator.actions.collections._parse' /usr/share/ansible/collections/ansible_collections/redhat/satellite/roles/compute_profiles/meta/argument_specs.yml Failed to find argument_specs.yml for role in redhat.satellite.
2026-10-07T08:14:46.949675+00:00 ERROR 'ansible_navigator.actions.collections._parse' /usr/share/ansible/collections/ansible_collections/redhat/satellite/roles/compute_resources/meta/argument_specs.yml Failed to find argument_specs.yml for role in redhat.satellite.
2026-10-07T08:14:46.949695+00:00 ERROR 'ansible_navigator.actions.collections._parse' /usr/share/ansible/collections/ansible_collections/redhat/satellite/roles/content_credentials/meta/argument_specs.yml Failed to find argument_specs.yml for role in redhat.satellite.
2026-10-07T08:14:46.949715+00:00 ERROR 'ansible_navigator.actions.collections._parse' /usr/share/ansible/collections/ansible_collections/redhat/satellite/roles/content_rhel/meta/argument_specs.yml Failed to find argument_specs.yml for role in redhat.satellite.
2026-10-07T08:14:46.949750+00:00 ERROR 'ansible_navigator.actions.collections._parse' /usr/share/ansible/collections/ansible_collections/redhat/satellite/roles/content_view_publish/meta/argument_specs.yml Failed to find argument_specs.yml for role in redhat.satellite.
2026-10-07T08:14:46.949770+00:00 ERROR 'ansible_navigator.actions.collections._parse' /usr/share/ansible/collections/ansible_collections/redhat/satellite/roles/content_view_version_cleanup/meta/argument_specs.yml Failed to find argument_specs.yml for role in redhat.satellite.
2026-10-07T08:14:46.949790+00:00 ERROR 'ansible_navigator.actions.collections._parse' /usr/share/ansible/collections/ansible_collections/redhat/satellite/roles/content_views/meta/argument_specs.yml Failed to find argument_specs.yml for role in redhat.satellite.
2026-10-07T08:14:46.949811+00:00 ERROR 'ansible_navigator.actions.collections._parse' /usr/share/ansible/collections/ansible_collections/redhat/satellite/roles/convert2rhel/meta/argument_specs.yml Failed to find argument_specs.yml for role in redhat.satellite.
2026-10-07T08:14:46.949832+00:00 ERROR 'ansible_navigator.actions.collections._parse' /usr/share/ansible/collections/ansible_collections/redhat/satellite/roles/domains/meta/argument_specs.yml Failed to find argument_specs.yml for role in redhat.satellite.
2026-10-07T08:14:46.949852+00:00 ERROR 'ansible_navigator.actions.collections._parse' /usr/share/ansible/collections/ansible_collections/redhat/satellite/roles/hostgroups/meta/argument_specs.yml Failed to find argument_specs.yml for role in redhat.satellite.
2026-10-07T08:14:46.949872+00:00 ERROR 'ansible_navigator.actions.collections._parse' /usr/share/ansible/collections/ansible_collections/redhat/satellite/roles/lifecycle_environments/meta/argument_specs.yml Failed to find argument_specs.yml for role in redhat.satellite.
2026-10-07T08:14:46.949892+00:00 ERROR 'ansible_navigator.actions.collections._parse' /usr/share/ansible/collections/ansible_collections/redhat/satellite/roles/locations/meta/argument_specs.yml Failed to find argument_specs.yml for role in redhat.satellite.
2026-10-07T08:14:46.949913+00:00 ERROR 'ansible_navigator.actions.collections._parse' /usr/share/ansible/collections/ansible_collections/redhat/satellite/roles/manifest/meta/argument_specs.yml Failed to find argument_specs.yml for role in redhat.satellite.
2026-10-07T08:14:46.949932+00:00 ERROR 'ansible_navigator.actions.collections._parse' /usr/share/ansible/collections/ansible_collections/redhat/satellite/roles/operatingsystems/meta/argument_specs.yml Failed to find argument_specs.yml for role in redhat.satellite.
2026-10-07T08:14:46.949956+00:00 ERROR 'ansible_navigator.actions.collections._parse' /usr/share/ansible/collections/ansible_collections/redhat/satellite/roles/organizations/meta/argument_specs.yml Failed to find argument_specs.yml for role in redhat.satellite.
2026-10-07T08:14:46.949976+00:00 ERROR 'ansible_navigator.actions.collections._parse' /usr/share/ansible/collections/ansible_collections/redhat/satellite/roles/provisioning_templates/meta/argument_specs.yml Failed to find argument_specs.yml for role in redhat.satellite.
2026-10-07T08:14:46.949997+00:00 ERROR 'ansible_navigator.actions.collections._parse' /usr/share/ansible/collections/ansible_collections/redhat/satellite/roles/repositories/meta/argument_specs.yml Failed to find argument_specs.yml for role in redhat.satellite.
2026-10-07T08:14:46.950019+00:00 ERROR 'ansible_navigator.actions.collections._parse' /usr/share/ansible/collections/ansible_collections/redhat/satellite/roles/settings/meta/argument_specs.yml Failed to find argument_specs.yml for role in redhat.satellite.
2026-10-07T08:14:46.950050+00:00 ERROR 'ansible_navigator.actions.collections._parse' /usr/share/ansible/collections/ansible_collections/redhat/satellite/roles/subnets/meta/argument_specs.yml Failed to find argument_specs.yml for role in redhat.satellite.
2026-10-07T08:14:46.950076+00:00 ERROR 'ansible_navigator.actions.collections._parse' /usr/share/ansible/collections/ansible_collections/redhat/satellite/roles/sync_plans/meta/argument_specs.yml Failed to find argument_specs.yml for role in redhat.satellite.
2026-10-07T08:14:46.950096+00:00 ERROR 'ansible_navigator.actions.collections._parse' /usr/share/ansible/collections/ansible_collections/redhat/satellite_operations/roles/backup/meta/argument_specs.yml Failed to find argument_specs.yml for role in redhat.satellite_operations.
2026-10-07T08:14:46.950117+00:00 ERROR 'ansible_navigator.actions.collections._parse' /usr/share/ansible/collections/ansible_collections/redhat/satellite_operations/roles/backup/meta/main.yml Failed to find main.yml for role in redhat.satellite_operations.
2026-10-07T08:14:46.950137+00:00 ERROR 'ansible_navigator.actions.collections._parse' /usr/share/ansible/collections/ansible_collections/redhat/satellite_operations/roles/capsule_certs_generate/meta/argument_specs.yml Failed to find argument_specs.yml for role in redhat.satellite_operations.
2026-10-07T08:14:46.950156+00:00 ERROR 'ansible_navigator.actions.collections._parse' /usr/share/ansible/collections/ansible_collections/redhat/satellite_operations/roles/capsule_certs_generate/meta/main.yml Failed to find main.yml for role in redhat.satellite_operations.
2026-10-07T08:14:46.950176+00:00 ERROR 'ansible_navigator.actions.collections._parse' /usr/share/ansible/collections/ansible_collections/redhat/satellite_operations/roles/cloud_connector/meta/argument_specs.yml Failed to find argument_specs.yml for role in redhat.satellite_operations.
2026-10-07T08:14:46.950196+00:00 ERROR 'ansible_navigator.actions.collections._parse' /usr/share/ansible/collections/ansible_collections/redhat/satellite_operations/roles/cloud_connector/meta/main.yml Failed to find main.yml for role in redhat.satellite_operations.
2026-10-07T08:14:46.950216+00:00 ERROR 'ansible_navigator.actions.collections._parse' /usr/share/ansible/collections/ansible_collections/redhat/satellite_operations/roles/installer/meta/argument_specs.yml Failed to find argument_specs.yml for role in redhat.satellite_operations.
2026-10-07T08:14:46.950235+00:00 ERROR 'ansible_navigator.actions.collections._parse' /usr/share/ansible/collections/ansible_collections/redhat/satellite_operations/roles/installer/meta/main.yml Failed to find main.yml for role in redhat.satellite_operations.
2026-10-07T08:14:46.950254+00:00 ERROR 'ansible_navigator.actions.collections._parse' /usr/share/ansible/collections/ansible_collections/redhat/satellite_operations/roles/metrics/meta/argument_specs.yml Failed to find argument_specs.yml for role in redhat.satellite_operations.
2026-10-07T08:14:46.950277+00:00 ERROR 'ansible_navigator.actions.collections._parse' /usr/share/ansible/collections/ansible_collections/redhat/satellite_operations/roles/metrics/meta/main.yml Failed to find main.yml for role in redhat.satellite_operations.
2026-10-07T08:14:46.950298+00:00 ERROR 'ansible_navigator.actions.collections._parse' /usr/share/ansible/collections/ansible_collections/network/backup/roles/backup/meta/main.yml Failed to find main.yml for role in network.backup.
2026-10-07T08:14:46.950317+00:00 ERROR 'ansible_navigator.actions.collections._parse' /usr/share/ansible/collections/ansible_collections/network/backup/roles/restore/meta/argument_specs.yml Failed to find argument_specs.yml for role in network.backup.
2026-10-07T08:14:46.950337+00:00 ERROR 'ansible_navigator.actions.collections._parse' /usr/share/ansible/collections/ansible_collections/network/backup/roles/restore/meta/main.yml Failed to find main.yml for role in network.backup.
2026-10-07T08:14:46.950365+00:00 ERROR 'ansible_navigator.actions.collections._parse' /usr/share/ansible/collections/ansible_collections/network/base/roles/configure/meta/argument_specs.yml Failed to find argument_specs.yml for role in network.base.
2026-10-07T08:14:46.950392+00:00 ERROR 'ansible_navigator.actions.collections._parse' /usr/share/ansible/collections/ansible_collections/network/base/roles/configure/meta/main.yml Failed to find main.yml for role in network.base.
2026-10-07T08:14:46.950413+00:00 ERROR 'ansible_navigator.actions.collections._parse' /usr/share/ansible/collections/ansible_collections/network/base/roles/deploy/meta/argument_specs.yml Failed to find argument_specs.yml for role in network.base.
2026-10-07T08:14:46.950432+00:00 ERROR 'ansible_navigator.actions.collections._parse' /usr/share/ansible/collections/ansible_collections/network/base/roles/deploy/meta/main.yml Failed to find main.yml for role in network.base.
2026-10-07T08:14:46.950452+00:00 ERROR 'ansible_navigator.actions.collections._parse' /usr/share/ansible/collections/ansible_collections/network/base/roles/detect/meta/argument_specs.yml Failed to find argument_specs.yml for role in network.base.
2026-10-07T08:14:46.950472+00:00 ERROR 'ansible_navigator.actions.collections._parse' /usr/share/ansible/collections/ansible_collections/network/base/roles/detect/meta/main.yml Failed to find main.yml for role in network.base.
2026-10-07T08:14:46.950495+00:00 ERROR 'ansible_navigator.actions.collections._parse' /usr/share/ansible/collections/ansible_collections/network/base/roles/gather/meta/argument_specs.yml Failed to find argument_specs.yml for role in network.base.
2026-10-07T08:14:46.950516+00:00 ERROR 'ansible_navigator.actions.collections._parse' /usr/share/ansible/collections/ansible_collections/network/base/roles/gather/meta/main.yml Failed to find main.yml for role in network.base.
2026-10-07T08:14:46.950536+00:00 ERROR 'ansible_navigator.actions.collections._parse' /usr/share/ansible/collections/ansible_collections/network/base/roles/list/meta/argument_specs.yml Failed to find argument_specs.yml for role in network.base.
2026-10-07T08:14:46.950556+00:00 ERROR 'ansible_navigator.actions.collections._parse' /usr/share/ansible/collections/ansible_collections/network/base/roles/list/meta/main.yml Failed to find main.yml for role in network.base.
2026-10-07T08:14:46.950576+00:00 ERROR 'ansible_navigator.actions.collections._parse' /usr/share/ansible/collections/ansible_collections/network/base/roles/persist/meta/argument_specs.yml Failed to find argument_specs.yml for role in network.base.
2026-10-07T08:14:46.950596+00:00 ERROR 'ansible_navigator.actions.collections._parse' /usr/share/ansible/collections/ansible_collections/network/base/roles/persist/meta/main.yml Failed to find main.yml for role in network.base.
2026-10-07T08:14:46.950616+00:00 ERROR 'ansible_navigator.actions.collections._parse' /usr/share/ansible/collections/ansible_collections/network/base/roles/remediate/meta/argument_specs.yml Failed to find argument_specs.yml for role in network.base.
2026-10-07T08:14:46.950635+00:00 ERROR 'ansible_navigator.actions.collections._parse' /usr/share/ansible/collections/ansible_collections/network/base/roles/remediate/meta/main.yml Failed to find main.yml for role in network.base.
2026-10-07T08:14:46.950662+00:00 ERROR 'ansible_navigator.actions.collections._parse' /usr/share/ansible/collections/ansible_collections/network/base/roles/resource_manager/meta/argument_specs.yml Failed to find argument_specs.yml for role in network.base.
2026-10-07T08:14:46.950682+00:00 ERROR 'ansible_navigator.actions.collections._parse' /usr/share/ansible/collections/ansible_collections/network/base/roles/resource_manager/meta/main.yml Failed to find main.yml for role in network.base.
2026-10-07T08:14:46.950702+00:00 ERROR 'ansible_navigator.actions.collections._parse' /usr/share/ansible/collections/ansible_collections/network/base/roles/resource_manager/README.md Failed to find README.md for role in network.base.
2026-10-07T08:14:46.950736+00:00 ERROR 'ansible_navigator.actions.collections._parse' /usr/share/ansible/collections/ansible_collections/network/healthchecks/roles/bgp/meta/argument_specs.yml Failed to find argument_specs.yml for role in network.healthchecks.
2026-10-07T08:14:46.950757+00:00 ERROR 'ansible_navigator.actions.collections._parse' /usr/share/ansible/collections/ansible_collections/network/healthchecks/roles/bgp/meta/main.yml Failed to find main.yml for role in network.healthchecks.
2026-10-07T08:14:46.950778+00:00 ERROR 'ansible_navigator.actions.collections._parse' /usr/share/ansible/collections/ansible_collections/network/healthchecks/roles/cpu/meta/argument_specs.yml Failed to find argument_specs.yml for role in network.healthchecks.
2026-10-07T08:14:46.950798+00:00 ERROR 'ansible_navigator.actions.collections._parse' /usr/share/ansible/collections/ansible_collections/network/healthchecks/roles/cpu/meta/main.yml Failed to find main.yml for role in network.healthchecks.
2026-10-07T08:14:46.950817+00:00 ERROR 'ansible_navigator.actions.collections._parse' /usr/share/ansible/collections/ansible_collections/network/healthchecks/roles/crashfiles/meta/argument_specs.yml Failed to find argument_specs.yml for role in network.healthchecks.
2026-10-07T08:14:46.950837+00:00 ERROR 'ansible_navigator.actions.collections._parse' /usr/share/ansible/collections/ansible_collections/network/healthchecks/roles/crashfiles/meta/main.yml Failed to find main.yml for role in network.healthchecks.
2026-10-07T08:14:46.950857+00:00 ERROR 'ansible_navigator.actions.collections._parse' /usr/share/ansible/collections/ansible_collections/network/healthchecks/roles/environment/meta/argument_specs.yml Failed to find argument_specs.yml for role in network.healthchecks.
2026-10-07T08:14:46.950876+00:00 ERROR 'ansible_navigator.actions.collections._parse' /usr/share/ansible/collections/ansible_collections/network/healthchecks/roles/environment/meta/main.yml Failed to find main.yml for role in network.healthchecks.
2026-10-07T08:14:46.950896+00:00 ERROR 'ansible_navigator.actions.collections._parse' /usr/share/ansible/collections/ansible_collections/network/healthchecks/roles/filesystem/meta/argument_specs.yml Failed to find argument_specs.yml for role in network.healthchecks.
2026-10-07T08:14:46.950915+00:00 ERROR 'ansible_navigator.actions.collections._parse' /usr/share/ansible/collections/ansible_collections/network/healthchecks/roles/filesystem/meta/main.yml Failed to find main.yml for role in network.healthchecks.
2026-10-07T08:14:46.950936+00:00 ERROR 'ansible_navigator.actions.collections._parse' /usr/share/ansible/collections/ansible_collections/network/healthchecks/roles/interfaces/meta/argument_specs.yml Failed to find argument_specs.yml for role in network.healthchecks.
2026-10-07T08:14:46.950955+00:00 ERROR 'ansible_navigator.actions.collections._parse' /usr/share/ansible/collections/ansible_collections/network/healthchecks/roles/interfaces/meta/main.yml Failed to find main.yml for role in network.healthchecks.
2026-10-07T08:14:46.950975+00:00 ERROR 'ansible_navigator.actions.collections._parse' /usr/share/ansible/collections/ansible_collections/network/healthchecks/roles/ip_reachability/meta/argument_specs.yml Failed to find argument_specs.yml for role in network.healthchecks.
2026-10-07T08:14:46.950999+00:00 ERROR 'ansible_navigator.actions.collections._parse' /usr/share/ansible/collections/ansible_collections/network/healthchecks/roles/ip_reachability/meta/main.yml Failed to find main.yml for role in network.healthchecks.
2026-10-07T08:14:46.951019+00:00 ERROR 'ansible_navigator.actions.collections._parse' /usr/share/ansible/collections/ansible_collections/network/healthchecks/roles/memory/meta/argument_specs.yml Failed to find argument_specs.yml for role in network.healthchecks.
2026-10-07T08:14:46.951038+00:00 ERROR 'ansible_navigator.actions.collections._parse' /usr/share/ansible/collections/ansible_collections/network/healthchecks/roles/memory/meta/main.yml Failed to find main.yml for role in network.healthchecks.
2026-10-07T08:14:46.951074+00:00 ERROR 'ansible_navigator.actions.collections._parse' /usr/share/ansible/collections/ansible_collections/network/healthchecks/roles/ospf/meta/argument_specs.yml Failed to find argument_specs.yml for role in network.healthchecks.
2026-10-07T08:14:46.951094+00:00 ERROR 'ansible_navigator.actions.collections._parse' /usr/share/ansible/collections/ansible_collections/network/healthchecks/roles/ospf/meta/main.yml Failed to find main.yml for role in network.healthchecks.
2026-10-07T08:14:46.951114+00:00 ERROR 'ansible_navigator.actions.collections._parse' /usr/share/ansible/collections/ansible_collections/network/healthchecks/roles/uptime/meta/argument_specs.yml Failed to find argument_specs.yml for role in network.healthchecks.
2026-10-07T08:14:46.951133+00:00 ERROR 'ansible_navigator.actions.collections._parse' /usr/share/ansible/collections/ansible_collections/network/healthchecks/roles/uptime/meta/main.yml Failed to find main.yml for role in network.healthchecks.
2026-10-07T08:14:46.951153+00:00 ERROR 'ansible_navigator.actions.collections._parse' /usr/share/ansible/collections/ansible_collections/network/inventory_reports/roles/configure/meta/argument_specs.yml Failed to find argument_specs.yml for role in network.inventory_reports.
2026-10-07T08:14:46.951173+00:00 ERROR 'ansible_navigator.actions.collections._parse' /usr/share/ansible/collections/ansible_collections/network/inventory_reports/roles/configure/meta/main.yml Failed to find main.yml for role in network.inventory_reports.
2026-10-07T08:14:46.951192+00:00 ERROR 'ansible_navigator.actions.collections._parse' /usr/share/ansible/collections/ansible_collections/network/inventory_reports/roles/deploy/meta/argument_specs.yml Failed to find argument_specs.yml for role in network.inventory_reports.
2026-10-07T08:14:46.951212+00:00 ERROR 'ansible_navigator.actions.collections._parse' /usr/share/ansible/collections/ansible_collections/network/inventory_reports/roles/deploy/meta/main.yml Failed to find main.yml for role in network.inventory_reports.
2026-10-07T08:14:46.951232+00:00 ERROR 'ansible_navigator.actions.collections._parse' /usr/share/ansible/collections/ansible_collections/network/inventory_reports/roles/detect/meta/argument_specs.yml Failed to find argument_specs.yml for role in network.inventory_reports.
2026-10-07T08:14:46.951252+00:00 ERROR 'ansible_navigator.actions.collections._parse' /usr/share/ansible/collections/ansible_collections/network/inventory_reports/roles/detect/meta/main.yml Failed to find main.yml for role in network.inventory_reports.
2026-10-07T08:14:46.951271+00:00 ERROR 'ansible_navigator.actions.collections._parse' /usr/share/ansible/collections/ansible_collections/network/inventory_reports/roles/gather/meta/argument_specs.yml Failed to find argument_specs.yml for role in network.inventory_reports.
2026-10-07T08:14:46.951290+00:00 ERROR 'ansible_navigator.actions.collections._parse' /usr/share/ansible/collections/ansible_collections/network/inventory_reports/roles/gather/meta/main.yml Failed to find main.yml for role in network.inventory_reports.
2026-10-07T08:14:46.951310+00:00 ERROR 'ansible_navigator.actions.collections._parse' /usr/share/ansible/collections/ansible_collections/network/inventory_reports/roles/generate_report/meta/argument_specs.yml Failed to find argument_specs.yml for role in network.inventory_reports.
2026-10-07T08:14:46.951333+00:00 ERROR 'ansible_navigator.actions.collections._parse' /usr/share/ansible/collections/ansible_collections/network/inventory_reports/roles/generate_report/meta/main.yml Failed to find main.yml for role in network.inventory_reports.
2026-10-07T08:14:46.951352+00:00 ERROR 'ansible_navigator.actions.collections._parse' /usr/share/ansible/collections/ansible_collections/network/inventory_reports/roles/list/meta/argument_specs.yml Failed to find argument_specs.yml for role in network.inventory_reports.
2026-10-07T08:14:46.951383+00:00 ERROR 'ansible_navigator.actions.collections._parse' /usr/share/ansible/collections/ansible_collections/network/inventory_reports/roles/list/meta/main.yml Failed to find main.yml for role in network.inventory_reports.
2026-10-07T08:14:46.951406+00:00 ERROR 'ansible_navigator.actions.collections._parse' /usr/share/ansible/collections/ansible_collections/network/inventory_reports/roles/persist/meta/argument_specs.yml Failed to find argument_specs.yml for role in network.inventory_reports.
2026-10-07T08:14:46.951426+00:00 ERROR 'ansible_navigator.actions.collections._parse' /usr/share/ansible/collections/ansible_collections/network/inventory_reports/roles/persist/meta/main.yml Failed to find main.yml for role in network.inventory_reports.
2026-10-07T08:14:46.951446+00:00 ERROR 'ansible_navigator.actions.collections._parse' /usr/share/ansible/collections/ansible_collections/network/inventory_reports/roles/remediate/meta/argument_specs.yml Failed to find argument_specs.yml for role in network.inventory_reports.
2026-10-07T08:14:46.951466+00:00 ERROR 'ansible_navigator.actions.collections._parse' /usr/share/ansible/collections/ansible_collections/network/inventory_reports/roles/remediate/meta/main.yml Failed to find main.yml for role in network.inventory_reports.
2026-10-07T08:15:11.165339+00:00 ERROR 'ansible_navigator.actions.collections._parse' /usr/share/ansible/collections/ansible_collections/redhat/insights/roles/compliance/meta/argument_specs.yml Failed to find argument_specs.yml for role in redhat.insights.
2026-10-07T08:15:11.166278+00:00 ERROR 'ansible_navigator.actions.collections._parse' /usr/share/ansible/collections/ansible_collections/redhat/insights/roles/insights_client/meta/argument_specs.yml Failed to find argument_specs.yml for role in redhat.insights.
2026-10-07T08:15:11.166361+00:00 ERROR 'ansible_navigator.actions.collections._parse' /usr/share/ansible/collections/ansible_collections/redhat/redhat_csp_download/roles/redhat_csp_download/meta/argument_specs.yml Failed to find argument_specs.yml for role in redhat.redhat_csp_download.
2026-10-07T08:15:11.166407+00:00 ERROR 'ansible_navigator.actions.collections._parse' /usr/share/ansible/collections/ansible_collections/redhat/redhat_csp_download/roles/redhat_csp_download/meta/main.yml Failed to find main.yml for role in redhat.redhat_csp_download.
2026-10-07T08:15:11.166441+00:00 ERROR 'ansible_navigator.actions.collections._parse' /usr/share/ansible/collections/ansible_collections/redhat/rhel_idm/roles/ipabackup/meta/argument_specs.yml Failed to find argument_specs.yml for role in redhat.rhel_idm.
2026-10-07T08:15:11.166473+00:00 ERROR 'ansible_navigator.actions.collections._parse' /usr/share/ansible/collections/ansible_collections/redhat/rhel_idm/roles/ipaclient/meta/argument_specs.yml Failed to find argument_specs.yml for role in redhat.rhel_idm.
2026-10-07T08:15:11.166499+00:00 ERROR 'ansible_navigator.actions.collections._parse' /usr/share/ansible/collections/ansible_collections/redhat/rhel_idm/roles/ipareplica/meta/argument_specs.yml Failed to find argument_specs.yml for role in redhat.rhel_idm.
2026-10-07T08:15:11.166536+00:00 ERROR 'ansible_navigator.actions.collections._parse' /usr/share/ansible/collections/ansible_collections/redhat/rhel_idm/roles/ipaserver/meta/argument_specs.yml Failed to find argument_specs.yml for role in redhat.rhel_idm.
2026-10-07T08:15:11.166594+00:00 ERROR 'ansible_navigator.actions.collections._parse' /usr/share/ansible/collections/ansible_collections/redhat/rhel_idm/roles/ipasmartcard_client/meta/argument_specs.yml Failed to find argument_specs.yml for role in redhat.rhel_idm.
2026-10-07T08:15:11.166619+00:00 ERROR 'ansible_navigator.actions.collections._parse' /usr/share/ansible/collections/ansible_collections/redhat/rhel_idm/roles/ipasmartcard_server/meta/argument_specs.yml Failed to find argument_specs.yml for role in redhat.rhel_idm.
2026-10-07T08:15:11.166645+00:00 ERROR 'ansible_navigator.actions.collections._parse' /usr/share/ansible/collections/ansible_collections/redhat/rhel_system_roles/roles/ad_integration/meta/argument_specs.yml Failed to find argument_specs.yml for role in redhat.rhel_system_roles.
2026-10-07T08:15:11.166665+00:00 ERROR 'ansible_navigator.actions.collections._parse' /usr/share/ansible/collections/ansible_collections/redhat/rhel_system_roles/roles/aide/meta/argument_specs.yml Failed to find argument_specs.yml for role in redhat.rhel_system_roles.
2026-10-07T08:15:11.166684+00:00 ERROR 'ansible_navigator.actions.collections._parse' /usr/share/ansible/collections/ansible_collections/redhat/rhel_system_roles/roles/bootloader/meta/argument_specs.yml Failed to find argument_specs.yml for role in redhat.rhel_system_roles.
2026-10-07T08:15:11.166703+00:00 ERROR 'ansible_navigator.actions.collections._parse' /usr/share/ansible/collections/ansible_collections/redhat/rhel_system_roles/roles/certificate/meta/argument_specs.yml Failed to find argument_specs.yml for role in redhat.rhel_system_roles.
2026-10-07T08:15:11.166733+00:00 ERROR 'ansible_navigator.actions.collections._parse' /usr/share/ansible/collections/ansible_collections/redhat/rhel_system_roles/roles/cockpit/meta/argument_specs.yml Failed to find argument_specs.yml for role in redhat.rhel_system_roles.
2026-10-07T08:15:11.166751+00:00 ERROR 'ansible_navigator.actions.collections._parse' /usr/share/ansible/collections/ansible_collections/redhat/rhel_system_roles/roles/crypto_policies/meta/argument_specs.yml Failed to find argument_specs.yml for role in redhat.rhel_system_roles.
2026-10-07T08:15:11.166770+00:00 ERROR 'ansible_navigator.actions.collections._parse' /usr/share/ansible/collections/ansible_collections/redhat/rhel_system_roles/roles/fapolicyd/meta/argument_specs.yml Failed to find argument_specs.yml for role in redhat.rhel_system_roles.
2026-10-07T08:15:11.166790+00:00 ERROR 'ansible_navigator.actions.collections._parse' /usr/share/ansible/collections/ansible_collections/redhat/rhel_system_roles/roles/firewall/meta/argument_specs.yml Failed to find argument_specs.yml for role in redhat.rhel_system_roles.
2026-10-07T08:15:11.166809+00:00 ERROR 'ansible_navigator.actions.collections._parse' /usr/share/ansible/collections/ansible_collections/redhat/rhel_system_roles/roles/ha_cluster/meta/argument_specs.yml Failed to find argument_specs.yml for role in redhat.rhel_system_roles.
2026-10-07T08:15:11.166829+00:00 ERROR 'ansible_navigator.actions.collections._parse' /usr/share/ansible/collections/ansible_collections/redhat/rhel_system_roles/roles/journald/meta/argument_specs.yml Failed to find argument_specs.yml for role in redhat.rhel_system_roles.
2026-10-07T08:15:11.166847+00:00 ERROR 'ansible_navigator.actions.collections._parse' /usr/share/ansible/collections/ansible_collections/redhat/rhel_system_roles/roles/kdump/meta/argument_specs.yml Failed to find argument_specs.yml for role in redhat.rhel_system_roles.
2026-10-07T08:15:11.166864+00:00 ERROR 'ansible_navigator.actions.collections._parse' /usr/share/ansible/collections/ansible_collections/redhat/rhel_system_roles/roles/kernel_settings/meta/argument_specs.yml Failed to find argument_specs.yml for role in redhat.rhel_system_roles.
2026-10-07T08:15:11.166881+00:00 ERROR 'ansible_navigator.actions.collections._parse' /usr/share/ansible/collections/ansible_collections/redhat/rhel_system_roles/roles/keylime_server/meta/argument_specs.yml Failed to find argument_specs.yml for role in redhat.rhel_system_roles.
2026-10-07T08:15:11.166901+00:00 ERROR 'ansible_navigator.actions.collections._parse' /usr/share/ansible/collections/ansible_collections/redhat/rhel_system_roles/roles/logging/meta/argument_specs.yml Failed to find argument_specs.yml for role in redhat.rhel_system_roles.
2026-10-07T08:15:11.166918+00:00 ERROR 'ansible_navigator.actions.collections._parse' /usr/share/ansible/collections/ansible_collections/redhat/rhel_system_roles/roles/metrics/meta/argument_specs.yml Failed to find argument_specs.yml for role in redhat.rhel_system_roles.
2026-10-07T08:15:11.166934+00:00 ERROR 'ansible_navigator.actions.collections._parse' /usr/share/ansible/collections/ansible_collections/redhat/rhel_system_roles/roles/nbde_client/meta/argument_specs.yml Failed to find argument_specs.yml for role in redhat.rhel_system_roles.
2026-10-07T08:15:11.166951+00:00 ERROR 'ansible_navigator.actions.collections._parse' /usr/share/ansible/collections/ansible_collections/redhat/rhel_system_roles/roles/nbde_server/meta/argument_specs.yml Failed to find argument_specs.yml for role in redhat.rhel_system_roles.
2026-10-07T08:15:11.166968+00:00 ERROR 'ansible_navigator.actions.collections._parse' /usr/share/ansible/collections/ansible_collections/redhat/rhel_system_roles/roles/network/meta/argument_specs.yml Failed to find argument_specs.yml for role in redhat.rhel_system_roles.
2026-10-07T08:15:11.166984+00:00 ERROR 'ansible_navigator.actions.collections._parse' /usr/share/ansible/collections/ansible_collections/redhat/rhel_system_roles/roles/podman/meta/argument_specs.yml Failed to find argument_specs.yml for role in redhat.rhel_system_roles.
2026-10-07T08:15:11.167019+00:00 ERROR 'ansible_navigator.actions.collections._parse' /usr/share/ansible/collections/ansible_collections/redhat/rhel_system_roles/roles/postfix/meta/argument_specs.yml Failed to find argument_specs.yml for role in redhat.rhel_system_roles.
2026-10-07T08:15:11.167039+00:00 ERROR 'ansible_navigator.actions.collections._parse' /usr/share/ansible/collections/ansible_collections/redhat/rhel_system_roles/roles/postgresql/meta/argument_specs.yml Failed to find argument_specs.yml for role in redhat.rhel_system_roles.
2026-10-07T08:15:11.167074+00:00 ERROR 'ansible_navigator.actions.collections._parse' /usr/share/ansible/collections/ansible_collections/redhat/rhel_system_roles/roles/private_logging_subrole_rsyslog/meta/argument_specs.yml Failed to find argument_specs.yml for role in redhat.rhel_system_roles.
2026-10-07T08:15:11.167095+00:00 ERROR 'ansible_navigator.actions.collections._parse' /usr/share/ansible/collections/ansible_collections/redhat/rhel_system_roles/roles/private_metrics_subrole_bpftrace/meta/argument_specs.yml Failed to find argument_specs.yml for role in redhat.rhel_system_roles.
2026-10-07T08:15:11.167112+00:00 ERROR 'ansible_navigator.actions.collections._parse' /usr/share/ansible/collections/ansible_collections/redhat/rhel_system_roles/roles/private_metrics_subrole_elasticsearch/meta/argument_specs.yml Failed to find argument_specs.yml for role in redhat.rhel_system_roles.
2026-10-07T08:15:11.167131+00:00 ERROR 'ansible_navigator.actions.collections._parse' /usr/share/ansible/collections/ansible_collections/redhat/rhel_system_roles/roles/private_metrics_subrole_grafana/meta/argument_specs.yml Failed to find argument_specs.yml for role in redhat.rhel_system_roles.
2026-10-07T08:15:11.167148+00:00 ERROR 'ansible_navigator.actions.collections._parse' /usr/share/ansible/collections/ansible_collections/redhat/rhel_system_roles/roles/private_metrics_subrole_keyserver/meta/argument_specs.yml Failed to find argument_specs.yml for role in redhat.rhel_system_roles.
2026-10-07T08:15:11.167170+00:00 ERROR 'ansible_navigator.actions.collections._parse' /usr/share/ansible/collections/ansible_collections/redhat/rhel_system_roles/roles/private_metrics_subrole_mssql/meta/argument_specs.yml Failed to find argument_specs.yml for role in redhat.rhel_system_roles.
2026-10-07T08:15:11.167187+00:00 ERROR 'ansible_navigator.actions.collections._parse' /usr/share/ansible/collections/ansible_collections/redhat/rhel_system_roles/roles/private_metrics_subrole_pcp/meta/argument_specs.yml Failed to find argument_specs.yml for role in redhat.rhel_system_roles.
2026-10-07T08:15:11.167214+00:00 ERROR 'ansible_navigator.actions.collections._parse' /usr/share/ansible/collections/ansible_collections/redhat/rhel_system_roles/roles/private_metrics_subrole_postfix/meta/argument_specs.yml Failed to find argument_specs.yml for role in redhat.rhel_system_roles.
2026-10-07T08:15:11.167232+00:00 ERROR 'ansible_navigator.actions.collections._parse' /usr/share/ansible/collections/ansible_collections/redhat/rhel_system_roles/roles/private_metrics_subrole_repository/meta/argument_specs.yml Failed to find argument_specs.yml for role in redhat.rhel_system_roles.
2026-10-07T08:15:11.167249+00:00 ERROR 'ansible_navigator.actions.collections._parse' /usr/share/ansible/collections/ansible_collections/redhat/rhel_system_roles/roles/private_metrics_subrole_spark/meta/argument_specs.yml Failed to find argument_specs.yml for role in redhat.rhel_system_roles.
2026-10-07T08:15:11.167265+00:00 ERROR 'ansible_navigator.actions.collections._parse' /usr/share/ansible/collections/ansible_collections/redhat/rhel_system_roles/roles/rhc/meta/argument_specs.yml Failed to find argument_specs.yml for role in redhat.rhel_system_roles.
2026-10-07T08:15:11.167282+00:00 ERROR 'ansible_navigator.actions.collections._parse' /usr/share/ansible/collections/ansible_collections/redhat/rhel_system_roles/roles/selinux/meta/argument_specs.yml Failed to find argument_specs.yml for role in redhat.rhel_system_roles.
2026-10-07T08:15:11.167298+00:00 ERROR 'ansible_navigator.actions.collections._parse' /usr/share/ansible/collections/ansible_collections/redhat/rhel_system_roles/roles/snapshot/meta/argument_specs.yml Failed to find argument_specs.yml for role in redhat.rhel_system_roles.
2026-10-07T08:15:11.167315+00:00 ERROR 'ansible_navigator.actions.collections._parse' /usr/share/ansible/collections/ansible_collections/redhat/rhel_system_roles/roles/ssh/meta/argument_specs.yml Failed to find argument_specs.yml for role in redhat.rhel_system_roles.
2026-10-07T08:15:11.167331+00:00 ERROR 'ansible_navigator.actions.collections._parse' /usr/share/ansible/collections/ansible_collections/redhat/rhel_system_roles/roles/sshd/meta/argument_specs.yml Failed to find argument_specs.yml for role in redhat.rhel_system_roles.
2026-10-07T08:15:11.167348+00:00 ERROR 'ansible_navigator.actions.collections._parse' /usr/share/ansible/collections/ansible_collections/redhat/rhel_system_roles/roles/storage/meta/argument_specs.yml Failed to find argument_specs.yml for role in redhat.rhel_system_roles.
2026-10-07T08:15:11.167364+00:00 ERROR 'ansible_navigator.actions.collections._parse' /usr/share/ansible/collections/ansible_collections/redhat/rhel_system_roles/roles/sudo/meta/argument_specs.yml Failed to find argument_specs.yml for role in redhat.rhel_system_roles.
2026-10-07T08:15:11.167380+00:00 ERROR 'ansible_navigator.actions.collections._parse' /usr/share/ansible/collections/ansible_collections/redhat/rhel_system_roles/roles/systemd/meta/argument_specs.yml Failed to find argument_specs.yml for role in redhat.rhel_system_roles.
2026-10-07T08:15:11.167397+00:00 ERROR 'ansible_navigator.actions.collections._parse' /usr/share/ansible/collections/ansible_collections/redhat/rhel_system_roles/roles/timesync/meta/argument_specs.yml Failed to find argument_specs.yml for role in redhat.rhel_system_roles.
2026-10-07T08:15:11.167413+00:00 ERROR 'ansible_navigator.actions.collections._parse' /usr/share/ansible/collections/ansible_collections/redhat/rhel_system_roles/roles/tlog/meta/argument_specs.yml Failed to find argument_specs.yml for role in redhat.rhel_system_roles.
2026-10-07T08:15:11.167430+00:00 ERROR 'ansible_navigator.actions.collections._parse' /usr/share/ansible/collections/ansible_collections/redhat/rhel_system_roles/roles/vpn/meta/argument_specs.yml Failed to find argument_specs.yml for role in redhat.rhel_system_roles.
2026-10-07T08:15:11.167449+00:00 ERROR 'ansible_navigator.actions.collections._parse' /usr/share/ansible/collections/ansible_collections/redhat/rhv/roles/cluster_upgrade/meta/argument_specs.yml Failed to find argument_specs.yml for role in redhat.rhv.
2026-10-07T08:15:11.167466+00:00 ERROR 'ansible_navigator.actions.collections._parse' /usr/share/ansible/collections/ansible_collections/redhat/rhv/roles/cluster_upgrade/meta/main.yml Failed to find main.yml for role in redhat.rhv.
2026-10-07T08:15:11.167483+00:00 ERROR 'ansible_navigator.actions.collections._parse' /usr/share/ansible/collections/ansible_collections/redhat/rhv/roles/disaster_recovery/meta/argument_specs.yml Failed to find argument_specs.yml for role in redhat.rhv.
2026-10-07T08:15:11.167499+00:00 ERROR 'ansible_navigator.actions.collections._parse' /usr/share/ansible/collections/ansible_collections/redhat/rhv/roles/disaster_recovery/meta/main.yml Failed to find main.yml for role in redhat.rhv.
2026-10-07T08:15:11.167517+00:00 ERROR 'ansible_navigator.actions.collections._parse' /usr/share/ansible/collections/ansible_collections/redhat/rhv/roles/engine_setup/meta/argument_specs.yml Failed to find argument_specs.yml for role in redhat.rhv.
2026-10-07T08:15:11.167534+00:00 ERROR 'ansible_navigator.actions.collections._parse' /usr/share/ansible/collections/ansible_collections/redhat/rhv/roles/engine_setup/meta/main.yml Failed to find main.yml for role in redhat.rhv.
2026-10-07T08:15:11.167551+00:00 ERROR 'ansible_navigator.actions.collections._parse' /usr/share/ansible/collections/ansible_collections/redhat/rhv/roles/hosted_engine_setup/meta/argument_specs.yml Failed to find argument_specs.yml for role in redhat.rhv.
2026-10-07T08:15:11.167567+00:00 ERROR 'ansible_navigator.actions.collections._parse' /usr/share/ansible/collections/ansible_collections/redhat/rhv/roles/hosted_engine_setup/meta/main.yml Failed to find main.yml for role in redhat.rhv.
2026-10-07T08:15:11.167583+00:00 ERROR 'ansible_navigator.actions.collections._parse' /usr/share/ansible/collections/ansible_collections/redhat/rhv/roles/image_template/meta/argument_specs.yml Failed to find argument_specs.yml for role in redhat.rhv.
2026-10-07T08:15:11.167600+00:00 ERROR 'ansible_navigator.actions.collections._parse' /usr/share/ansible/collections/ansible_collections/redhat/rhv/roles/image_template/meta/main.yml Failed to find main.yml for role in redhat.rhv.
2026-10-07T08:15:11.167616+00:00 ERROR 'ansible_navigator.actions.collections._parse' /usr/share/ansible/collections/ansible_collections/redhat/rhv/roles/infra/meta/argument_specs.yml Failed to find argument_specs.yml for role in redhat.rhv.
2026-10-07T08:15:11.167632+00:00 ERROR 'ansible_navigator.actions.collections._parse' /usr/share/ansible/collections/ansible_collections/redhat/rhv/roles/infra/meta/main.yml Failed to find main.yml for role in redhat.rhv.
2026-10-07T08:15:11.167650+00:00 ERROR 'ansible_navigator.actions.collections._parse' /usr/share/ansible/collections/ansible_collections/redhat/rhv/roles/remove_stale_lun/meta/argument_specs.yml Failed to find argument_specs.yml for role in redhat.rhv.
2026-10-07T08:15:11.167667+00:00 ERROR 'ansible_navigator.actions.collections._parse' /usr/share/ansible/collections/ansible_collections/redhat/rhv/roles/remove_stale_lun/meta/main.yml Failed to find main.yml for role in redhat.rhv.
2026-10-07T08:15:11.167683+00:00 ERROR 'ansible_navigator.actions.collections._parse' /usr/share/ansible/collections/ansible_collections/redhat/rhv/roles/repositories/meta/argument_specs.yml Failed to find argument_specs.yml for role in redhat.rhv.
2026-10-07T08:15:11.167699+00:00 ERROR 'ansible_navigator.actions.collections._parse' /usr/share/ansible/collections/ansible_collections/redhat/rhv/roles/repositories/meta/main.yml Failed to find main.yml for role in redhat.rhv.
2026-10-07T08:15:11.167716+00:00 ERROR 'ansible_navigator.actions.collections._parse' /usr/share/ansible/collections/ansible_collections/redhat/rhv/roles/shutdown_env/meta/argument_specs.yml Failed to find argument_specs.yml for role in redhat.rhv.
2026-10-07T08:15:11.167744+00:00 ERROR 'ansible_navigator.actions.collections._parse' /usr/share/ansible/collections/ansible_collections/redhat/rhv/roles/shutdown_env/meta/main.yml Failed to find main.yml for role in redhat.rhv.
2026-10-07T08:15:11.167761+00:00 ERROR 'ansible_navigator.actions.collections._parse' /usr/share/ansible/collections/ansible_collections/redhat/rhv/roles/vm_infra/meta/argument_specs.yml Failed to find argument_specs.yml for role in redhat.rhv.
2026-10-07T08:15:11.167777+00:00 ERROR 'ansible_navigator.actions.collections._parse' /usr/share/ansible/collections/ansible_collections/redhat/rhv/roles/vm_infra/meta/main.yml Failed to find main.yml for role in redhat.rhv.
2026-10-07T08:15:11.167793+00:00 ERROR 'ansible_navigator.actions.collections._parse' /usr/share/ansible/collections/ansible_collections/redhat/sap_install/roles/sap_ha_install_hana_hsr/meta/argument_specs.yml Failed to find argument_specs.yml for role in redhat.sap_install.
2026-10-07T08:15:11.167810+00:00 ERROR 'ansible_navigator.actions.collections._parse' /usr/share/ansible/collections/ansible_collections/redhat/sap_install/roles/sap_swpm/meta/argument_specs.yml Failed to find argument_specs.yml for role in redhat.sap_install.
2026-10-07T08:15:11.167826+00:00 ERROR 'ansible_navigator.actions.collections._parse' /usr/share/ansible/collections/ansible_collections/redhat/satellite/roles/activation_keys/meta/argument_specs.yml Failed to find argument_specs.yml for role in redhat.satellite.
2026-10-07T08:15:11.167843+00:00 ERROR 'ansible_navigator.actions.collections._parse' /usr/share/ansible/collections/ansible_collections/redhat/satellite/roles/auth_sources_ldap/meta/argument_specs.yml Failed to find argument_specs.yml for role in redhat.satellite.
2026-10-07T08:15:11.167860+00:00 ERROR 'ansible_navigator.actions.collections._parse' /usr/share/ansible/collections/ansible_collections/redhat/satellite/roles/compute_profiles/meta/argument_specs.yml Failed to find argument_specs.yml for role in redhat.satellite.
2026-10-07T08:15:11.167876+00:00 ERROR 'ansible_navigator.actions.collections._parse' /usr/share/ansible/collections/ansible_collections/redhat/satellite/roles/compute_resources/meta/argument_specs.yml Failed to find argument_specs.yml for role in redhat.satellite.
2026-10-07T08:15:11.167949+00:00 ERROR 'ansible_navigator.actions.collections._parse' /usr/share/ansible/collections/ansible_collections/redhat/satellite/roles/content_credentials/meta/argument_specs.yml Failed to find argument_specs.yml for role in redhat.satellite.
2026-10-07T08:15:11.167966+00:00 ERROR 'ansible_navigator.actions.collections._parse' /usr/share/ansible/collections/ansible_collections/redhat/satellite/roles/content_rhel/meta/argument_specs.yml Failed to find argument_specs.yml for role in redhat.satellite.
2026-10-07T08:15:11.167983+00:00 ERROR 'ansible_navigator.actions.collections._parse' /usr/share/ansible/collections/ansible_collections/redhat/satellite/roles/content_view_publish/meta/argument_specs.yml Failed to find argument_specs.yml for role in redhat.satellite.
2026-10-07T08:15:11.167999+00:00 ERROR 'ansible_navigator.actions.collections._parse' /usr/share/ansible/collections/ansible_collections/redhat/satellite/roles/content_view_version_cleanup/meta/argument_specs.yml Failed to find argument_specs.yml for role in redhat.satellite.
2026-10-07T08:15:11.168016+00:00 ERROR 'ansible_navigator.actions.collections._parse' /usr/share/ansible/collections/ansible_collections/redhat/satellite/roles/content_views/meta/argument_specs.yml Failed to find argument_specs.yml for role in redhat.satellite.
2026-10-07T08:15:11.168032+00:00 ERROR 'ansible_navigator.actions.collections._parse' /usr/share/ansible/collections/ansible_collections/redhat/satellite/roles/convert2rhel/meta/argument_specs.yml Failed to find argument_specs.yml for role in redhat.satellite.
2026-10-07T08:15:11.168097+00:00 ERROR 'ansible_navigator.actions.collections._parse' /usr/share/ansible/collections/ansible_collections/redhat/satellite/roles/domains/meta/argument_specs.yml Failed to find argument_specs.yml for role in redhat.satellite.
2026-10-07T08:15:11.168142+00:00 ERROR 'ansible_navigator.actions.collections._parse' /usr/share/ansible/collections/ansible_collections/redhat/satellite/roles/hostgroups/meta/argument_specs.yml Failed to find argument_specs.yml for role in redhat.satellite.
2026-10-07T08:15:11.168170+00:00 ERROR 'ansible_navigator.actions.collections._parse' /usr/share/ansible/collections/ansible_collections/redhat/satellite/roles/lifecycle_environments/meta/argument_specs.yml Failed to find argument_specs.yml for role in redhat.satellite.
2026-10-07T08:15:11.168196+00:00 ERROR 'ansible_navigator.actions.collections._parse' /usr/share/ansible/collections/ansible_collections/redhat/satellite/roles/locations/meta/argument_specs.yml Failed to find argument_specs.yml for role in redhat.satellite.
2026-10-07T08:15:11.168227+00:00 ERROR 'ansible_navigator.actions.collections._parse' /usr/share/ansible/collections/ansible_collections/redhat/satellite/roles/manifest/meta/argument_specs.yml Failed to find argument_specs.yml for role in redhat.satellite.
2026-10-07T08:15:11.168254+00:00 ERROR 'ansible_navigator.actions.collections._parse' /usr/share/ansible/collections/ansible_collections/redhat/satellite/roles/operatingsystems/meta/argument_specs.yml Failed to find argument_specs.yml for role in redhat.satellite.
2026-10-07T08:15:11.168288+00:00 ERROR 'ansible_navigator.actions.collections._parse' /usr/share/ansible/collections/ansible_collections/redhat/satellite/roles/organizations/meta/argument_specs.yml Failed to find argument_specs.yml for role in redhat.satellite.
2026-10-07T08:15:11.168318+00:00 ERROR 'ansible_navigator.actions.collections._parse' /usr/share/ansible/collections/ansible_collections/redhat/satellite/roles/provisioning_templates/meta/argument_specs.yml Failed to find argument_specs.yml for role in redhat.satellite.
2026-10-07T08:15:11.168337+00:00 ERROR 'ansible_navigator.actions.collections._parse' /usr/share/ansible/collections/ansible_collections/redhat/satellite/roles/repositories/meta/argument_specs.yml Failed to find argument_specs.yml for role in redhat.satellite.
2026-10-07T08:15:11.168354+00:00 ERROR 'ansible_navigator.actions.collections._parse' /usr/share/ansible/collections/ansible_collections/redhat/satellite/roles/settings/meta/argument_specs.yml Failed to find argument_specs.yml for role in redhat.satellite.
2026-10-07T08:15:11.168372+00:00 ERROR 'ansible_navigator.actions.collections._parse' /usr/share/ansible/collections/ansible_collections/redhat/satellite/roles/subnets/meta/argument_specs.yml Failed to find argument_specs.yml for role in redhat.satellite.
2026-10-07T08:15:11.168389+00:00 ERROR 'ansible_navigator.actions.collections._parse' /usr/share/ansible/collections/ansible_collections/redhat/satellite/roles/sync_plans/meta/argument_specs.yml Failed to find argument_specs.yml for role in redhat.satellite.
2026-10-07T08:15:11.168406+00:00 ERROR 'ansible_navigator.actions.collections._parse' /usr/share/ansible/collections/ansible_collections/redhat/satellite_operations/roles/backup/meta/argument_specs.yml Failed to find argument_specs.yml for role in redhat.satellite_operations.
2026-10-07T08:15:11.168423+00:00 ERROR 'ansible_navigator.actions.collections._parse' /usr/share/ansible/collections/ansible_collections/redhat/satellite_operations/roles/backup/meta/main.yml Failed to find main.yml for role in redhat.satellite_operations.
2026-10-07T08:15:11.168440+00:00 ERROR 'ansible_navigator.actions.collections._parse' /usr/share/ansible/collections/ansible_collections/redhat/satellite_operations/roles/capsule_certs_generate/meta/argument_specs.yml Failed to find argument_specs.yml for role in redhat.satellite_operations.
2026-10-07T08:15:11.168457+00:00 ERROR 'ansible_navigator.actions.collections._parse' /usr/share/ansible/collections/ansible_collections/redhat/satellite_operations/roles/capsule_certs_generate/meta/main.yml Failed to find main.yml for role in redhat.satellite_operations.
2026-10-07T08:15:11.168473+00:00 ERROR 'ansible_navigator.actions.collections._parse' /usr/share/ansible/collections/ansible_collections/redhat/satellite_operations/roles/cloud_connector/meta/argument_specs.yml Failed to find argument_specs.yml for role in redhat.satellite_operations.
2026-10-07T08:15:11.168494+00:00 ERROR 'ansible_navigator.actions.collections._parse' /usr/share/ansible/collections/ansible_collections/redhat/satellite_operations/roles/cloud_connector/meta/main.yml Failed to find main.yml for role in redhat.satellite_operations.
2026-10-07T08:15:11.168511+00:00 ERROR 'ansible_navigator.actions.collections._parse' /usr/share/ansible/collections/ansible_collections/redhat/satellite_operations/roles/installer/meta/argument_specs.yml Failed to find argument_specs.yml for role in redhat.satellite_operations.
2026-10-07T08:15:11.168528+00:00 ERROR 'ansible_navigator.actions.collections._parse' /usr/share/ansible/collections/ansible_collections/redhat/satellite_operations/roles/installer/meta/main.yml Failed to find main.yml for role in redhat.satellite_operations.
2026-10-07T08:15:11.168545+00:00 ERROR 'ansible_navigator.actions.collections._parse' /usr/share/ansible/collections/ansible_collections/redhat/satellite_operations/roles/metrics/meta/argument_specs.yml Failed to find argument_specs.yml for role in redhat.satellite_operations.
2026-10-07T08:15:11.168562+00:00 ERROR 'ansible_navigator.actions.collections._parse' /usr/share/ansible/collections/ansible_collections/redhat/satellite_operations/roles/metrics/meta/main.yml Failed to find main.yml for role in redhat.satellite_operations.
2026-10-07T08:15:11.168579+00:00 ERROR 'ansible_navigator.actions.collections._parse' /usr/share/ansible/collections/ansible_collections/network/backup/roles/backup/meta/main.yml Failed to find main.yml for role in network.backup.
2026-10-07T08:15:11.168600+00:00 ERROR 'ansible_navigator.actions.collections._parse' /usr/share/ansible/collections/ansible_collections/network/backup/roles/restore/meta/argument_specs.yml Failed to find argument_specs.yml for role in network.backup.
2026-10-07T08:15:11.168617+00:00 ERROR 'ansible_navigator.actions.collections._parse' /usr/share/ansible/collections/ansible_collections/network/backup/roles/restore/meta/main.yml Failed to find main.yml for role in network.backup.
2026-10-07T08:15:11.168633+00:00 ERROR 'ansible_navigator.actions.collections._parse' /usr/share/ansible/collections/ansible_collections/network/base/roles/configure/meta/argument_specs.yml Failed to find argument_specs.yml for role in network.base.
2026-10-07T08:15:11.168650+00:00 ERROR 'ansible_navigator.actions.collections._parse' /usr/share/ansible/collections/ansible_collections/network/base/roles/configure/meta/main.yml Failed to find main.yml for role in network.base.
2026-10-07T08:15:11.168667+00:00 ERROR 'ansible_navigator.actions.collections._parse' /usr/share/ansible/collections/ansible_collections/network/base/roles/deploy/meta/argument_specs.yml Failed to find argument_specs.yml for role in network.base.
2026-10-07T08:15:11.168683+00:00 ERROR 'ansible_navigator.actions.collections._parse' /usr/share/ansible/collections/ansible_collections/network/base/roles/deploy/meta/main.yml Failed to find main.yml for role in network.base.
2026-10-07T08:15:11.168700+00:00 ERROR 'ansible_navigator.actions.collections._parse' /usr/share/ansible/collections/ansible_collections/network/base/roles/detect/meta/argument_specs.yml Failed to find argument_specs.yml for role in network.base.
2026-10-07T08:15:11.168716+00:00 ERROR 'ansible_navigator.actions.collections._parse' /usr/share/ansible/collections/ansible_collections/network/base/roles/detect/meta/main.yml Failed to find main.yml for role in network.base.
2026-10-07T08:15:11.168744+00:00 ERROR 'ansible_navigator.actions.collections._parse' /usr/share/ansible/collections/ansible_collections/network/base/roles/gather/meta/argument_specs.yml Failed to find argument_specs.yml for role in network.base.
2026-10-07T08:15:11.168761+00:00 ERROR 'ansible_navigator.actions.collections._parse' /usr/share/ansible/collections/ansible_collections/network/base/roles/gather/meta/main.yml Failed to find main.yml for role in network.base.
2026-10-07T08:15:11.168780+00:00 ERROR 'ansible_navigator.actions.collections._parse' /usr/share/ansible/collections/ansible_collections/network/base/roles/list/meta/argument_specs.yml Failed to find argument_specs.yml for role in network.base.
2026-10-07T08:15:11.168797+00:00 ERROR 'ansible_navigator.actions.collections._parse' /usr/share/ansible/collections/ansible_collections/network/base/roles/list/meta/main.yml Failed to find main.yml for role in network.base.
2026-10-07T08:15:11.168817+00:00 ERROR 'ansible_navigator.actions.collections._parse' /usr/share/ansible/collections/ansible_collections/network/base/roles/persist/meta/argument_specs.yml Failed to find argument_specs.yml for role in network.base.
2026-10-07T08:15:11.168834+00:00 ERROR 'ansible_navigator.actions.collections._parse' /usr/share/ansible/collections/ansible_collections/network/base/roles/persist/meta/main.yml Failed to find main.yml for role in network.base.
2026-10-07T08:15:11.168850+00:00 ERROR 'ansible_navigator.actions.collections._parse' /usr/share/ansible/collections/ansible_collections/network/base/roles/remediate/meta/argument_specs.yml Failed to find argument_specs.yml for role in network.base.
2026-10-07T08:15:11.168867+00:00 ERROR 'ansible_navigator.actions.collections._parse' /usr/share/ansible/collections/ansible_collections/network/base/roles/remediate/meta/main.yml Failed to find main.yml for role in network.base.
2026-10-07T08:15:11.168883+00:00 ERROR 'ansible_navigator.actions.collections._parse' /usr/share/ansible/collections/ansible_collections/network/base/roles/resource_manager/meta/argument_specs.yml Failed to find argument_specs.yml for role in network.base.
2026-10-07T08:15:11.168899+00:00 ERROR 'ansible_navigator.actions.collections._parse' /usr/share/ansible/collections/ansible_collections/network/base/roles/resource_manager/meta/main.yml Failed to find main.yml for role in network.base.
2026-10-07T08:15:11.168916+00:00 ERROR 'ansible_navigator.actions.collections._parse' /usr/share/ansible/collections/ansible_collections/network/base/roles/resource_manager/README.md Failed to find README.md for role in network.base.
2026-10-07T08:15:11.168932+00:00 ERROR 'ansible_navigator.actions.collections._parse' /usr/share/ansible/collections/ansible_collections/network/healthchecks/roles/bgp/meta/argument_specs.yml Failed to find argument_specs.yml for role in network.healthchecks.
2026-10-07T08:15:11.168949+00:00 ERROR 'ansible_navigator.actions.collections._parse' /usr/share/ansible/collections/ansible_collections/network/healthchecks/roles/bgp/meta/main.yml Failed to find main.yml for role in network.healthchecks.
2026-10-07T08:15:11.168967+00:00 ERROR 'ansible_navigator.actions.collections._parse' /usr/share/ansible/collections/ansible_collections/network/healthchecks/roles/cpu/meta/argument_specs.yml Failed to find argument_specs.yml for role in network.healthchecks.
2026-10-07T08:15:11.168984+00:00 ERROR 'ansible_navigator.actions.collections._parse' /usr/share/ansible/collections/ansible_collections/network/healthchecks/roles/cpu/meta/main.yml Failed to find main.yml for role in network.healthchecks.
2026-10-07T08:15:11.169000+00:00 ERROR 'ansible_navigator.actions.collections._parse' /usr/share/ansible/collections/ansible_collections/network/healthchecks/roles/crashfiles/meta/argument_specs.yml Failed to find argument_specs.yml for role in network.healthchecks.
2026-10-07T08:15:11.169017+00:00 ERROR 'ansible_navigator.actions.collections._parse' /usr/share/ansible/collections/ansible_collections/network/healthchecks/roles/crashfiles/meta/main.yml Failed to find main.yml for role in network.healthchecks.
2026-10-07T08:15:11.169033+00:00 ERROR 'ansible_navigator.actions.collections._parse' /usr/share/ansible/collections/ansible_collections/network/healthchecks/roles/environment/meta/argument_specs.yml Failed to find argument_specs.yml for role in network.healthchecks.
2026-10-07T08:15:11.169067+00:00 ERROR 'ansible_navigator.actions.collections._parse' /usr/share/ansible/collections/ansible_collections/network/healthchecks/roles/environment/meta/main.yml Failed to find main.yml for role in network.healthchecks.
2026-10-07T08:15:11.169087+00:00 ERROR 'ansible_navigator.actions.collections._parse' /usr/share/ansible/collections/ansible_collections/network/healthchecks/roles/filesystem/meta/argument_specs.yml Failed to find argument_specs.yml for role in network.healthchecks.
2026-10-07T08:15:11.169104+00:00 ERROR 'ansible_navigator.actions.collections._parse' /usr/share/ansible/collections/ansible_collections/network/healthchecks/roles/filesystem/meta/main.yml Failed to find main.yml for role in network.healthchecks.
2026-10-07T08:15:11.169121+00:00 ERROR 'ansible_navigator.actions.collections._parse' /usr/share/ansible/collections/ansible_collections/network/healthchecks/roles/interfaces/meta/argument_specs.yml Failed to find argument_specs.yml for role in network.healthchecks.
2026-10-07T08:15:11.169137+00:00 ERROR 'ansible_navigator.actions.collections._parse' /usr/share/ansible/collections/ansible_collections/network/healthchecks/roles/interfaces/meta/main.yml Failed to find main.yml for role in network.healthchecks.
2026-10-07T08:15:11.169154+00:00 ERROR 'ansible_navigator.actions.collections._parse' /usr/share/ansible/collections/ansible_collections/network/healthchecks/roles/ip_reachability/meta/argument_specs.yml Failed to find argument_specs.yml for role in network.healthchecks.
2026-10-07T08:15:11.169170+00:00 ERROR 'ansible_navigator.actions.collections._parse' /usr/share/ansible/collections/ansible_collections/network/healthchecks/roles/ip_reachability/meta/main.yml Failed to find main.yml for role in network.healthchecks.
2026-10-07T08:15:11.169186+00:00 ERROR 'ansible_navigator.actions.collections._parse' /usr/share/ansible/collections/ansible_collections/network/healthchecks/roles/memory/meta/argument_specs.yml Failed to find argument_specs.yml for role in network.healthchecks.
2026-10-07T08:15:11.169203+00:00 ERROR 'ansible_navigator.actions.collections._parse' /usr/share/ansible/collections/ansible_collections/network/healthchecks/roles/memory/meta/main.yml Failed to find main.yml for role in network.healthchecks.
2026-10-07T08:15:11.169219+00:00 ERROR 'ansible_navigator.actions.collections._parse' /usr/share/ansible/collections/ansible_collections/network/healthchecks/roles/ospf/meta/argument_specs.yml Failed to find argument_specs.yml for role in network.healthchecks.
2026-10-07T08:15:11.169235+00:00 ERROR 'ansible_navigator.actions.collections._parse' /usr/share/ansible/collections/ansible_collections/network/healthchecks/roles/ospf/meta/main.yml Failed to find main.yml for role in network.healthchecks.
2026-10-07T08:15:11.169252+00:00 ERROR 'ansible_navigator.actions.collections._parse' /usr/share/ansible/collections/ansible_collections/network/healthchecks/roles/uptime/meta/argument_specs.yml Failed to find argument_specs.yml for role in network.healthchecks.
2026-10-07T08:15:11.169268+00:00 ERROR 'ansible_navigator.actions.collections._parse' /usr/share/ansible/collections/ansible_collections/network/healthchecks/roles/uptime/meta/main.yml Failed to find main.yml for role in network.healthchecks.
2026-10-07T08:15:11.169284+00:00 ERROR 'ansible_navigator.actions.collections._parse' /usr/share/ansible/collections/ansible_collections/network/inventory_reports/roles/configure/meta/argument_specs.yml Failed to find argument_specs.yml for role in network.inventory_reports.
2026-10-07T08:15:11.169301+00:00 ERROR 'ansible_navigator.actions.collections._parse' /usr/share/ansible/collections/ansible_collections/network/inventory_reports/roles/configure/meta/main.yml Failed to find main.yml for role in network.inventory_reports.
2026-10-07T08:15:11.169317+00:00 ERROR 'ansible_navigator.actions.collections._parse' /usr/share/ansible/collections/ansible_collections/network/inventory_reports/roles/deploy/meta/argument_specs.yml Failed to find argument_specs.yml for role in network.inventory_reports.
2026-10-07T08:15:11.169334+00:00 ERROR 'ansible_navigator.actions.collections._parse' /usr/share/ansible/collections/ansible_collections/network/inventory_reports/roles/deploy/meta/main.yml Failed to find main.yml for role in network.inventory_reports.
2026-10-07T08:15:11.169363+00:00 ERROR 'ansible_navigator.actions.collections._parse' /usr/share/ansible/collections/ansible_collections/network/inventory_reports/roles/detect/meta/argument_specs.yml Failed to find argument_specs.yml for role in network.inventory_reports.
2026-10-07T08:15:11.169383+00:00 ERROR 'ansible_navigator.actions.collections._parse' /usr/share/ansible/collections/ansible_collections/network/inventory_reports/roles/detect/meta/main.yml Failed to find main.yml for role in network.inventory_reports.
2026-10-07T08:15:11.169400+00:00 ERROR 'ansible_navigator.actions.collections._parse' /usr/share/ansible/collections/ansible_collections/network/inventory_reports/roles/gather/meta/argument_specs.yml Failed to find argument_specs.yml for role in network.inventory_reports.
2026-10-07T08:15:11.169416+00:00 ERROR 'ansible_navigator.actions.collections._parse' /usr/share/ansible/collections/ansible_collections/network/inventory_reports/roles/gather/meta/main.yml Failed to find main.yml for role in network.inventory_reports.
2026-10-07T08:15:11.169433+00:00 ERROR 'ansible_navigator.actions.collections._parse' /usr/share/ansible/collections/ansible_collections/network/inventory_reports/roles/generate_report/meta/argument_specs.yml Failed to find argument_specs.yml for role in network.inventory_reports.
2026-10-07T08:15:11.169449+00:00 ERROR 'ansible_navigator.actions.collections._parse' /usr/share/ansible/collections/ansible_collections/network/inventory_reports/roles/generate_report/meta/main.yml Failed to find main.yml for role in network.inventory_reports.
2026-10-07T08:15:11.169465+00:00 ERROR 'ansible_navigator.actions.collections._parse' /usr/share/ansible/collections/ansible_collections/network/inventory_reports/roles/list/meta/argument_specs.yml Failed to find argument_specs.yml for role in network.inventory_reports.
2026-10-07T08:15:11.169482+00:00 ERROR 'ansible_navigator.actions.collections._parse' /usr/share/ansible/collections/ansible_collections/network/inventory_reports/roles/list/meta/main.yml Failed to find main.yml for role in network.inventory_reports.
2026-10-07T08:15:11.169498+00:00 ERROR 'ansible_navigator.actions.collections._parse' /usr/share/ansible/collections/ansible_collections/network/inventory_reports/roles/persist/meta/argument_specs.yml Failed to find argument_specs.yml for role in network.inventory_reports.
2026-10-07T08:15:11.169514+00:00 ERROR 'ansible_navigator.actions.collections._parse' /usr/share/ansible/collections/ansible_collections/network/inventory_reports/roles/persist/meta/main.yml Failed to find main.yml for role in network.inventory_reports.
2026-10-07T08:15:11.169530+00:00 ERROR 'ansible_navigator.actions.collections._parse' /usr/share/ansible/collections/ansible_collections/network/inventory_reports/roles/remediate/meta/argument_specs.yml Failed to find argument_specs.yml for role in network.inventory_reports.
2026-10-07T08:15:11.169547+00:00 ERROR 'ansible_navigator.actions.collections._parse' /usr/share/ansible/collections/ansible_collections/network/inventory_reports/roles/remediate/meta/main.yml Failed to find main.yml for role in network.inventory_reports.
2026-10-07T08:15:26.127387+00:00 ERROR 'ansible_navigator.actions.collections._parse' /usr/share/ansible/collections/ansible_collections/redhat/insights/roles/compliance/meta/argument_specs.yml Failed to find argument_specs.yml for role in redhat.insights.
2026-10-07T08:15:26.127732+00:00 ERROR 'ansible_navigator.actions.collections._parse' /usr/share/ansible/collections/ansible_collections/redhat/insights/roles/insights_client/meta/argument_specs.yml Failed to find argument_specs.yml for role in redhat.insights.
2026-10-07T08:15:26.127773+00:00 ERROR 'ansible_navigator.actions.collections._parse' /usr/share/ansible/collections/ansible_collections/redhat/redhat_csp_download/roles/redhat_csp_download/meta/argument_specs.yml Failed to find argument_specs.yml for role in redhat.redhat_csp_download.
2026-10-07T08:15:26.127817+00:00 ERROR 'ansible_navigator.actions.collections._parse' /usr/share/ansible/collections/ansible_collections/redhat/redhat_csp_download/roles/redhat_csp_download/meta/main.yml Failed to find main.yml for role in redhat.redhat_csp_download.
2026-10-07T08:15:26.127886+00:00 ERROR 'ansible_navigator.actions.collections._parse' /usr/share/ansible/collections/ansible_collections/redhat/rhel_idm/roles/ipabackup/meta/argument_specs.yml Failed to find argument_specs.yml for role in redhat.rhel_idm.
2026-10-07T08:15:26.127919+00:00 ERROR 'ansible_navigator.actions.collections._parse' /usr/share/ansible/collections/ansible_collections/redhat/rhel_idm/roles/ipaclient/meta/argument_specs.yml Failed to find argument_specs.yml for role in redhat.rhel_idm.
2026-10-07T08:15:26.127953+00:00 ERROR 'ansible_navigator.actions.collections._parse' /usr/share/ansible/collections/ansible_collections/redhat/rhel_idm/roles/ipareplica/meta/argument_specs.yml Failed to find argument_specs.yml for role in redhat.rhel_idm.
2026-10-07T08:15:26.127987+00:00 ERROR 'ansible_navigator.actions.collections._parse' /usr/share/ansible/collections/ansible_collections/redhat/rhel_idm/roles/ipaserver/meta/argument_specs.yml Failed to find argument_specs.yml for role in redhat.rhel_idm.
2026-10-07T08:15:26.128032+00:00 ERROR 'ansible_navigator.actions.collections._parse' /usr/share/ansible/collections/ansible_collections/redhat/rhel_idm/roles/ipasmartcard_client/meta/argument_specs.yml Failed to find argument_specs.yml for role in redhat.rhel_idm.
2026-10-07T08:15:26.128090+00:00 ERROR 'ansible_navigator.actions.collections._parse' /usr/share/ansible/collections/ansible_collections/redhat/rhel_idm/roles/ipasmartcard_server/meta/argument_specs.yml Failed to find argument_specs.yml for role in redhat.rhel_idm.
2026-10-07T08:15:26.128113+00:00 ERROR 'ansible_navigator.actions.collections._parse' /usr/share/ansible/collections/ansible_collections/redhat/rhel_system_roles/roles/ad_integration/meta/argument_specs.yml Failed to find argument_specs.yml for role in redhat.rhel_system_roles.
2026-10-07T08:15:26.128137+00:00 ERROR 'ansible_navigator.actions.collections._parse' /usr/share/ansible/collections/ansible_collections/redhat/rhel_system_roles/roles/aide/meta/argument_specs.yml Failed to find argument_specs.yml for role in redhat.rhel_system_roles.
2026-10-07T08:15:26.128187+00:00 ERROR 'ansible_navigator.actions.collections._parse' /usr/share/ansible/collections/ansible_collections/redhat/rhel_system_roles/roles/bootloader/meta/argument_specs.yml Failed to find argument_specs.yml for role in redhat.rhel_system_roles.
2026-10-07T08:15:26.128228+00:00 ERROR 'ansible_navigator.actions.collections._parse' /usr/share/ansible/collections/ansible_collections/redhat/rhel_system_roles/roles/certificate/meta/argument_specs.yml Failed to find argument_specs.yml for role in redhat.rhel_system_roles.
2026-10-07T08:15:26.128253+00:00 ERROR 'ansible_navigator.actions.collections._parse' /usr/share/ansible/collections/ansible_collections/redhat/rhel_system_roles/roles/cockpit/meta/argument_specs.yml Failed to find argument_specs.yml for role in redhat.rhel_system_roles.
2026-10-07T08:15:26.128276+00:00 ERROR 'ansible_navigator.actions.collections._parse' /usr/share/ansible/collections/ansible_collections/redhat/rhel_system_roles/roles/crypto_policies/meta/argument_specs.yml Failed to find argument_specs.yml for role in redhat.rhel_system_roles.
2026-10-07T08:15:26.128294+00:00 ERROR 'ansible_navigator.actions.collections._parse' /usr/share/ansible/collections/ansible_collections/redhat/rhel_system_roles/roles/fapolicyd/meta/argument_specs.yml Failed to find argument_specs.yml for role in redhat.rhel_system_roles.
2026-10-07T08:15:26.128314+00:00 ERROR 'ansible_navigator.actions.collections._parse' /usr/share/ansible/collections/ansible_collections/redhat/rhel_system_roles/roles/firewall/meta/argument_specs.yml Failed to find argument_specs.yml for role in redhat.rhel_system_roles.
2026-10-07T08:15:26.128338+00:00 ERROR 'ansible_navigator.actions.collections._parse' /usr/share/ansible/collections/ansible_collections/redhat/rhel_system_roles/roles/ha_cluster/meta/argument_specs.yml Failed to find argument_specs.yml for role in redhat.rhel_system_roles.
2026-10-07T08:15:26.128356+00:00 ERROR 'ansible_navigator.actions.collections._parse' /usr/share/ansible/collections/ansible_collections/redhat/rhel_system_roles/roles/journald/meta/argument_specs.yml Failed to find argument_specs.yml for role in redhat.rhel_system_roles.
2026-10-07T08:15:26.128378+00:00 ERROR 'ansible_navigator.actions.collections._parse' /usr/share/ansible/collections/ansible_collections/redhat/rhel_system_roles/roles/kdump/meta/argument_specs.yml Failed to find argument_specs.yml for role in redhat.rhel_system_roles.
2026-10-07T08:15:26.128402+00:00 ERROR 'ansible_navigator.actions.collections._parse' /usr/share/ansible/collections/ansible_collections/redhat/rhel_system_roles/roles/kernel_settings/meta/argument_specs.yml Failed to find argument_specs.yml for role in redhat.rhel_system_roles.
2026-10-07T08:15:26.128420+00:00 ERROR 'ansible_navigator.actions.collections._parse' /usr/share/ansible/collections/ansible_collections/redhat/rhel_system_roles/roles/keylime_server/meta/argument_specs.yml Failed to find argument_specs.yml for role in redhat.rhel_system_roles.
2026-10-07T08:15:26.128438+00:00 ERROR 'ansible_navigator.actions.collections._parse' /usr/share/ansible/collections/ansible_collections/redhat/rhel_system_roles/roles/logging/meta/argument_specs.yml Failed to find argument_specs.yml for role in redhat.rhel_system_roles.
2026-10-07T08:15:26.128455+00:00 ERROR 'ansible_navigator.actions.collections._parse' /usr/share/ansible/collections/ansible_collections/redhat/rhel_system_roles/roles/metrics/meta/argument_specs.yml Failed to find argument_specs.yml for role in redhat.rhel_system_roles.
2026-10-07T08:15:26.128472+00:00 ERROR 'ansible_navigator.actions.collections._parse' /usr/share/ansible/collections/ansible_collections/redhat/rhel_system_roles/roles/nbde_client/meta/argument_specs.yml Failed to find argument_specs.yml for role in redhat.rhel_system_roles.
2026-10-07T08:15:26.128489+00:00 ERROR 'ansible_navigator.actions.collections._parse' /usr/share/ansible/collections/ansible_collections/redhat/rhel_system_roles/roles/nbde_server/meta/argument_specs.yml Failed to find argument_specs.yml for role in redhat.rhel_system_roles.
2026-10-07T08:15:26.128506+00:00 ERROR 'ansible_navigator.actions.collections._parse' /usr/share/ansible/collections/ansible_collections/redhat/rhel_system_roles/roles/network/meta/argument_specs.yml Failed to find argument_specs.yml for role in redhat.rhel_system_roles.
2026-10-07T08:15:26.128523+00:00 ERROR 'ansible_navigator.actions.collections._parse' /usr/share/ansible/collections/ansible_collections/redhat/rhel_system_roles/roles/podman/meta/argument_specs.yml Failed to find argument_specs.yml for role in redhat.rhel_system_roles.
2026-10-07T08:15:26.128540+00:00 ERROR 'ansible_navigator.actions.collections._parse' /usr/share/ansible/collections/ansible_collections/redhat/rhel_system_roles/roles/postfix/meta/argument_specs.yml Failed to find argument_specs.yml for role in redhat.rhel_system_roles.
2026-10-07T08:15:26.128557+00:00 ERROR 'ansible_navigator.actions.collections._parse' /usr/share/ansible/collections/ansible_collections/redhat/rhel_system_roles/roles/postgresql/meta/argument_specs.yml Failed to find argument_specs.yml for role in redhat.rhel_system_roles.
2026-10-07T08:15:26.128574+00:00 ERROR 'ansible_navigator.actions.collections._parse' /usr/share/ansible/collections/ansible_collections/redhat/rhel_system_roles/roles/private_logging_subrole_rsyslog/meta/argument_specs.yml Failed to find argument_specs.yml for role in redhat.rhel_system_roles.
2026-10-07T08:15:26.128593+00:00 ERROR 'ansible_navigator.actions.collections._parse' /usr/share/ansible/collections/ansible_collections/redhat/rhel_system_roles/roles/private_metrics_subrole_bpftrace/meta/argument_specs.yml Failed to find argument_specs.yml for role in redhat.rhel_system_roles.
2026-10-07T08:15:26.128613+00:00 ERROR 'ansible_navigator.actions.collections._parse' /usr/share/ansible/collections/ansible_collections/redhat/rhel_system_roles/roles/private_metrics_subrole_elasticsearch/meta/argument_specs.yml Failed to find argument_specs.yml for role in redhat.rhel_system_roles.
2026-10-07T08:15:26.128630+00:00 ERROR 'ansible_navigator.actions.collections._parse' /usr/share/ansible/collections/ansible_collections/redhat/rhel_system_roles/roles/private_metrics_subrole_grafana/meta/argument_specs.yml Failed to find argument_specs.yml for role in redhat.rhel_system_roles.
2026-10-07T08:15:26.128646+00:00 ERROR 'ansible_navigator.actions.collections._parse' /usr/share/ansible/collections/ansible_collections/redhat/rhel_system_roles/roles/private_metrics_subrole_keyserver/meta/argument_specs.yml Failed to find argument_specs.yml for role in redhat.rhel_system_roles.
2026-10-07T08:15:26.128663+00:00 ERROR 'ansible_navigator.actions.collections._parse' /usr/share/ansible/collections/ansible_collections/redhat/rhel_system_roles/roles/private_metrics_subrole_mssql/meta/argument_specs.yml Failed to find argument_specs.yml for role in redhat.rhel_system_roles.
2026-10-07T08:15:26.128680+00:00 ERROR 'ansible_navigator.actions.collections._parse' /usr/share/ansible/collections/ansible_collections/redhat/rhel_system_roles/roles/private_metrics_subrole_pcp/meta/argument_specs.yml Failed to find argument_specs.yml for role in redhat.rhel_system_roles.
2026-10-07T08:15:26.128696+00:00 ERROR 'ansible_navigator.actions.collections._parse' /usr/share/ansible/collections/ansible_collections/redhat/rhel_system_roles/roles/private_metrics_subrole_postfix/meta/argument_specs.yml Failed to find argument_specs.yml for role in redhat.rhel_system_roles.
2026-10-07T08:15:26.128713+00:00 ERROR 'ansible_navigator.actions.collections._parse' /usr/share/ansible/collections/ansible_collections/redhat/rhel_system_roles/roles/private_metrics_subrole_repository/meta/argument_specs.yml Failed to find argument_specs.yml for role in redhat.rhel_system_roles.
2026-10-07T08:15:26.128750+00:00 ERROR 'ansible_navigator.actions.collections._parse' /usr/share/ansible/collections/ansible_collections/redhat/rhel_system_roles/roles/private_metrics_subrole_spark/meta/argument_specs.yml Failed to find argument_specs.yml for role in redhat.rhel_system_roles.
2026-10-07T08:15:26.128778+00:00 ERROR 'ansible_navigator.actions.collections._parse' /usr/share/ansible/collections/ansible_collections/redhat/rhel_system_roles/roles/rhc/meta/argument_specs.yml Failed to find argument_specs.yml for role in redhat.rhel_system_roles.
2026-10-07T08:15:26.128804+00:00 ERROR 'ansible_navigator.actions.collections._parse' /usr/share/ansible/collections/ansible_collections/redhat/rhel_system_roles/roles/selinux/meta/argument_specs.yml Failed to find argument_specs.yml for role in redhat.rhel_system_roles.
2026-10-07T08:15:26.128828+00:00 ERROR 'ansible_navigator.actions.collections._parse' /usr/share/ansible/collections/ansible_collections/redhat/rhel_system_roles/roles/snapshot/meta/argument_specs.yml Failed to find argument_specs.yml for role in redhat.rhel_system_roles.
2026-10-07T08:15:26.128845+00:00 ERROR 'ansible_navigator.actions.collections._parse' /usr/share/ansible/collections/ansible_collections/redhat/rhel_system_roles/roles/ssh/meta/argument_specs.yml Failed to find argument_specs.yml for role in redhat.rhel_system_roles.
2026-10-07T08:15:26.128862+00:00 ERROR 'ansible_navigator.actions.collections._parse' /usr/share/ansible/collections/ansible_collections/redhat/rhel_system_roles/roles/sshd/meta/argument_specs.yml Failed to find argument_specs.yml for role in redhat.rhel_system_roles.
2026-10-07T08:15:26.128880+00:00 ERROR 'ansible_navigator.actions.collections._parse' /usr/share/ansible/collections/ansible_collections/redhat/rhel_system_roles/roles/storage/meta/argument_specs.yml Failed to find argument_specs.yml for role in redhat.rhel_system_roles.
2026-10-07T08:15:26.128900+00:00 ERROR 'ansible_navigator.actions.collections._parse' /usr/share/ansible/collections/ansible_collections/redhat/rhel_system_roles/roles/sudo/meta/argument_specs.yml Failed to find argument_specs.yml for role in redhat.rhel_system_roles.
2026-10-07T08:15:26.128917+00:00 ERROR 'ansible_navigator.actions.collections._parse' /usr/share/ansible/collections/ansible_collections/redhat/rhel_system_roles/roles/systemd/meta/argument_specs.yml Failed to find argument_specs.yml for role in redhat.rhel_system_roles.
2026-10-07T08:15:26.128934+00:00 ERROR 'ansible_navigator.actions.collections._parse' /usr/share/ansible/collections/ansible_collections/redhat/rhel_system_roles/roles/timesync/meta/argument_specs.yml Failed to find argument_specs.yml for role in redhat.rhel_system_roles.
2026-10-07T08:15:26.128950+00:00 ERROR 'ansible_navigator.actions.collections._parse' /usr/share/ansible/collections/ansible_collections/redhat/rhel_system_roles/roles/tlog/meta/argument_specs.yml Failed to find argument_specs.yml for role in redhat.rhel_system_roles.
2026-10-07T08:15:26.128966+00:00 ERROR 'ansible_navigator.actions.collections._parse' /usr/share/ansible/collections/ansible_collections/redhat/rhel_system_roles/roles/vpn/meta/argument_specs.yml Failed to find argument_specs.yml for role in redhat.rhel_system_roles.
2026-10-07T08:15:26.128983+00:00 ERROR 'ansible_navigator.actions.collections._parse' /usr/share/ansible/collections/ansible_collections/redhat/rhv/roles/cluster_upgrade/meta/argument_specs.yml Failed to find argument_specs.yml for role in redhat.rhv.
2026-10-07T08:15:26.129000+00:00 ERROR 'ansible_navigator.actions.collections._parse' /usr/share/ansible/collections/ansible_collections/redhat/rhv/roles/cluster_upgrade/meta/main.yml Failed to find main.yml for role in redhat.rhv.
2026-10-07T08:15:26.129018+00:00 ERROR 'ansible_navigator.actions.collections._parse' /usr/share/ansible/collections/ansible_collections/redhat/rhv/roles/disaster_recovery/meta/argument_specs.yml Failed to find argument_specs.yml for role in redhat.rhv.
2026-10-07T08:15:26.129035+00:00 ERROR 'ansible_navigator.actions.collections._parse' /usr/share/ansible/collections/ansible_collections/redhat/rhv/roles/disaster_recovery/meta/main.yml Failed to find main.yml for role in redhat.rhv.
2026-10-07T08:15:26.129069+00:00 ERROR 'ansible_navigator.actions.collections._parse' /usr/share/ansible/collections/ansible_collections/redhat/rhv/roles/engine_setup/meta/argument_specs.yml Failed to find argument_specs.yml for role in redhat.rhv.
2026-10-07T08:15:26.129115+00:00 ERROR 'ansible_navigator.actions.collections._parse' /usr/share/ansible/collections/ansible_collections/redhat/rhv/roles/engine_setup/meta/main.yml Failed to find main.yml for role in redhat.rhv.
2026-10-07T08:15:26.129152+00:00 ERROR 'ansible_navigator.actions.collections._parse' /usr/share/ansible/collections/ansible_collections/redhat/rhv/roles/hosted_engine_setup/meta/argument_specs.yml Failed to find argument_specs.yml for role in redhat.rhv.
2026-10-07T08:15:26.129174+00:00 ERROR 'ansible_navigator.actions.collections._parse' /usr/share/ansible/collections/ansible_collections/redhat/rhv/roles/hosted_engine_setup/meta/main.yml Failed to find main.yml for role in redhat.rhv.
2026-10-07T08:15:26.129192+00:00 ERROR 'ansible_navigator.actions.collections._parse' /usr/share/ansible/collections/ansible_collections/redhat/rhv/roles/image_template/meta/argument_specs.yml Failed to find argument_specs.yml for role in redhat.rhv.
2026-10-07T08:15:26.129209+00:00 ERROR 'ansible_navigator.actions.collections._parse' /usr/share/ansible/collections/ansible_collections/redhat/rhv/roles/image_template/meta/main.yml Failed to find main.yml for role in redhat.rhv.
2026-10-07T08:15:26.129227+00:00 ERROR 'ansible_navigator.actions.collections._parse' /usr/share/ansible/collections/ansible_collections/redhat/rhv/roles/infra/meta/argument_specs.yml Failed to find argument_specs.yml for role in redhat.rhv.
2026-10-07T08:15:26.129244+00:00 ERROR 'ansible_navigator.actions.collections._parse' /usr/share/ansible/collections/ansible_collections/redhat/rhv/roles/infra/meta/main.yml Failed to find main.yml for role in redhat.rhv.
2026-10-07T08:15:26.129269+00:00 ERROR 'ansible_navigator.actions.collections._parse' /usr/share/ansible/collections/ansible_collections/redhat/rhv/roles/remove_stale_lun/meta/argument_specs.yml Failed to find argument_specs.yml for role in redhat.rhv.
2026-10-07T08:15:26.129286+00:00 ERROR 'ansible_navigator.actions.collections._parse' /usr/share/ansible/collections/ansible_collections/redhat/rhv/roles/remove_stale_lun/meta/main.yml Failed to find main.yml for role in redhat.rhv.
2026-10-07T08:15:26.129303+00:00 ERROR 'ansible_navigator.actions.collections._parse' /usr/share/ansible/collections/ansible_collections/redhat/rhv/roles/repositories/meta/argument_specs.yml Failed to find argument_specs.yml for role in redhat.rhv.
2026-10-07T08:15:26.129320+00:00 ERROR 'ansible_navigator.actions.collections._parse' /usr/share/ansible/collections/ansible_collections/redhat/rhv/roles/repositories/meta/main.yml Failed to find main.yml for role in redhat.rhv.
2026-10-07T08:15:26.129337+00:00 ERROR 'ansible_navigator.actions.collections._parse' /usr/share/ansible/collections/ansible_collections/redhat/rhv/roles/shutdown_env/meta/argument_specs.yml Failed to find argument_specs.yml for role in redhat.rhv.
2026-10-07T08:15:26.129354+00:00 ERROR 'ansible_navigator.actions.collections._parse' /usr/share/ansible/collections/ansible_collections/redhat/rhv/roles/shutdown_env/meta/main.yml Failed to find main.yml for role in redhat.rhv.
2026-10-07T08:15:26.129370+00:00 ERROR 'ansible_navigator.actions.collections._parse' /usr/share/ansible/collections/ansible_collections/redhat/rhv/roles/vm_infra/meta/argument_specs.yml Failed to find argument_specs.yml for role in redhat.rhv.
2026-10-07T08:15:26.129386+00:00 ERROR 'ansible_navigator.actions.collections._parse' /usr/share/ansible/collections/ansible_collections/redhat/rhv/roles/vm_infra/meta/main.yml Failed to find main.yml for role in redhat.rhv.
2026-10-07T08:15:26.129403+00:00 ERROR 'ansible_navigator.actions.collections._parse' /usr/share/ansible/collections/ansible_collections/redhat/sap_install/roles/sap_ha_install_hana_hsr/meta/argument_specs.yml Failed to find argument_specs.yml for role in redhat.sap_install.
2026-10-07T08:15:26.129420+00:00 ERROR 'ansible_navigator.actions.collections._parse' /usr/share/ansible/collections/ansible_collections/redhat/sap_install/roles/sap_swpm/meta/argument_specs.yml Failed to find argument_specs.yml for role in redhat.sap_install.
2026-10-07T08:15:26.129437+00:00 ERROR 'ansible_navigator.actions.collections._parse' /usr/share/ansible/collections/ansible_collections/redhat/satellite/roles/activation_keys/meta/argument_specs.yml Failed to find argument_specs.yml for role in redhat.satellite.
2026-10-07T08:15:26.129454+00:00 ERROR 'ansible_navigator.actions.collections._parse' /usr/share/ansible/collections/ansible_collections/redhat/satellite/roles/auth_sources_ldap/meta/argument_specs.yml Failed to find argument_specs.yml for role in redhat.satellite.
2026-10-07T08:15:26.129470+00:00 ERROR 'ansible_navigator.actions.collections._parse' /usr/share/ansible/collections/ansible_collections/redhat/satellite/roles/compute_profiles/meta/argument_specs.yml Failed to find argument_specs.yml for role in redhat.satellite.
2026-10-07T08:15:26.129487+00:00 ERROR 'ansible_navigator.actions.collections._parse' /usr/share/ansible/collections/ansible_collections/redhat/satellite/roles/compute_resources/meta/argument_specs.yml Failed to find argument_specs.yml for role in redhat.satellite.
2026-10-07T08:15:26.129503+00:00 ERROR 'ansible_navigator.actions.collections._parse' /usr/share/ansible/collections/ansible_collections/redhat/satellite/roles/content_credentials/meta/argument_specs.yml Failed to find argument_specs.yml for role in redhat.satellite.
2026-10-07T08:15:26.129520+00:00 ERROR 'ansible_navigator.actions.collections._parse' /usr/share/ansible/collections/ansible_collections/redhat/satellite/roles/content_rhel/meta/argument_specs.yml Failed to find argument_specs.yml for role in redhat.satellite.
2026-10-07T08:15:26.129539+00:00 ERROR 'ansible_navigator.actions.collections._parse' /usr/share/ansible/collections/ansible_collections/redhat/satellite/roles/content_view_publish/meta/argument_specs.yml Failed to find argument_specs.yml for role in redhat.satellite.
2026-10-07T08:15:26.129555+00:00 ERROR 'ansible_navigator.actions.collections._parse' /usr/share/ansible/collections/ansible_collections/redhat/satellite/roles/content_view_version_cleanup/meta/argument_specs.yml Failed to find argument_specs.yml for role in redhat.satellite.
2026-10-07T08:15:26.129572+00:00 ERROR 'ansible_navigator.actions.collections._parse' /usr/share/ansible/collections/ansible_collections/redhat/satellite/roles/content_views/meta/argument_specs.yml Failed to find argument_specs.yml for role in redhat.satellite.
2026-10-07T08:15:26.129588+00:00 ERROR 'ansible_navigator.actions.collections._parse' /usr/share/ansible/collections/ansible_collections/redhat/satellite/roles/convert2rhel/meta/argument_specs.yml Failed to find argument_specs.yml for role in redhat.satellite.
2026-10-07T08:15:26.129605+00:00 ERROR 'ansible_navigator.actions.collections._parse' /usr/share/ansible/collections/ansible_collections/redhat/satellite/roles/domains/meta/argument_specs.yml Failed to find argument_specs.yml for role in redhat.satellite.
2026-10-07T08:15:26.129621+00:00 ERROR 'ansible_navigator.actions.collections._parse' /usr/share/ansible/collections/ansible_collections/redhat/satellite/roles/hostgroups/meta/argument_specs.yml Failed to find argument_specs.yml for role in redhat.satellite.
2026-10-07T08:15:26.129638+00:00 ERROR 'ansible_navigator.actions.collections._parse' /usr/share/ansible/collections/ansible_collections/redhat/satellite/roles/lifecycle_environments/meta/argument_specs.yml Failed to find argument_specs.yml for role in redhat.satellite.
2026-10-07T08:15:26.129654+00:00 ERROR 'ansible_navigator.actions.collections._parse' /usr/share/ansible/collections/ansible_collections/redhat/satellite/roles/locations/meta/argument_specs.yml Failed to find argument_specs.yml for role in redhat.satellite.
2026-10-07T08:15:26.129671+00:00 ERROR 'ansible_navigator.actions.collections._parse' /usr/share/ansible/collections/ansible_collections/redhat/satellite/roles/manifest/meta/argument_specs.yml Failed to find argument_specs.yml for role in redhat.satellite.
2026-10-07T08:15:26.129687+00:00 ERROR 'ansible_navigator.actions.collections._parse' /usr/share/ansible/collections/ansible_collections/redhat/satellite/roles/operatingsystems/meta/argument_specs.yml Failed to find argument_specs.yml for role in redhat.satellite.
2026-10-07T08:15:26.129703+00:00 ERROR 'ansible_navigator.actions.collections._parse' /usr/share/ansible/collections/ansible_collections/redhat/satellite/roles/organizations/meta/argument_specs.yml Failed to find argument_specs.yml for role in redhat.satellite.
2026-10-07T08:15:26.129731+00:00 ERROR 'ansible_navigator.actions.collections._parse' /usr/share/ansible/collections/ansible_collections/redhat/satellite/roles/provisioning_templates/meta/argument_specs.yml Failed to find argument_specs.yml for role in redhat.satellite.
2026-10-07T08:15:26.129753+00:00 ERROR 'ansible_navigator.actions.collections._parse' /usr/share/ansible/collections/ansible_collections/redhat/satellite/roles/repositories/meta/argument_specs.yml Failed to find argument_specs.yml for role in redhat.satellite.
2026-10-07T08:15:26.129773+00:00 ERROR 'ansible_navigator.actions.collections._parse' /usr/share/ansible/collections/ansible_collections/redhat/satellite/roles/settings/meta/argument_specs.yml Failed to find argument_specs.yml for role in redhat.satellite.
2026-10-07T08:15:26.129790+00:00 ERROR 'ansible_navigator.actions.collections._parse' /usr/share/ansible/collections/ansible_collections/redhat/satellite/roles/subnets/meta/argument_specs.yml Failed to find argument_specs.yml for role in redhat.satellite.
2026-10-07T08:15:26.129807+00:00 ERROR 'ansible_navigator.actions.collections._parse' /usr/share/ansible/collections/ansible_collections/redhat/satellite/roles/sync_plans/meta/argument_specs.yml Failed to find argument_specs.yml for role in redhat.satellite.
2026-10-07T08:15:26.129827+00:00 ERROR 'ansible_navigator.actions.collections._parse' /usr/share/ansible/collections/ansible_collections/redhat/satellite_operations/roles/backup/meta/argument_specs.yml Failed to find argument_specs.yml for role in redhat.satellite_operations.
2026-10-07T08:15:26.129843+00:00 ERROR 'ansible_navigator.actions.collections._parse' /usr/share/ansible/collections/ansible_collections/redhat/satellite_operations/roles/backup/meta/main.yml Failed to find main.yml for role in redhat.satellite_operations.
2026-10-07T08:15:26.129860+00:00 ERROR 'ansible_navigator.actions.collections._parse' /usr/share/ansible/collections/ansible_collections/redhat/satellite_operations/roles/capsule_certs_generate/meta/argument_specs.yml Failed to find argument_specs.yml for role in redhat.satellite_operations.
2026-10-07T08:15:26.129877+00:00 ERROR 'ansible_navigator.actions.collections._parse' /usr/share/ansible/collections/ansible_collections/redhat/satellite_operations/roles/capsule_certs_generate/meta/main.yml Failed to find main.yml for role in redhat.satellite_operations.
2026-10-07T08:15:26.129893+00:00 ERROR 'ansible_navigator.actions.collections._parse' /usr/share/ansible/collections/ansible_collections/redhat/satellite_operations/roles/cloud_connector/meta/argument_specs.yml Failed to find argument_specs.yml for role in redhat.satellite_operations.
2026-10-07T08:15:26.129910+00:00 ERROR 'ansible_navigator.actions.collections._parse' /usr/share/ansible/collections/ansible_collections/redhat/satellite_operations/roles/cloud_connector/meta/main.yml Failed to find main.yml for role in redhat.satellite_operations.
2026-10-07T08:15:26.129926+00:00 ERROR 'ansible_navigator.actions.collections._parse' /usr/share/ansible/collections/ansible_collections/redhat/satellite_operations/roles/installer/meta/argument_specs.yml Failed to find argument_specs.yml for role in redhat.satellite_operations.
2026-10-07T08:15:26.129942+00:00 ERROR 'ansible_navigator.actions.collections._parse' /usr/share/ansible/collections/ansible_collections/redhat/satellite_operations/roles/installer/meta/main.yml Failed to find main.yml for role in redhat.satellite_operations.
2026-10-07T08:15:26.129958+00:00 ERROR 'ansible_navigator.actions.collections._parse' /usr/share/ansible/collections/ansible_collections/redhat/satellite_operations/roles/metrics/meta/argument_specs.yml Failed to find argument_specs.yml for role in redhat.satellite_operations.
2026-10-07T08:15:26.129974+00:00 ERROR 'ansible_navigator.actions.collections._parse' /usr/share/ansible/collections/ansible_collections/redhat/satellite_operations/roles/metrics/meta/main.yml Failed to find main.yml for role in redhat.satellite_operations.
2026-10-07T08:15:26.129990+00:00 ERROR 'ansible_navigator.actions.collections._parse' /usr/share/ansible/collections/ansible_collections/network/backup/roles/backup/meta/main.yml Failed to find main.yml for role in network.backup.
2026-10-07T08:15:26.130007+00:00 ERROR 'ansible_navigator.actions.collections._parse' /usr/share/ansible/collections/ansible_collections/network/backup/roles/restore/meta/argument_specs.yml Failed to find argument_specs.yml for role in network.backup.
2026-10-07T08:15:26.130023+00:00 ERROR 'ansible_navigator.actions.collections._parse' /usr/share/ansible/collections/ansible_collections/network/backup/roles/restore/meta/main.yml Failed to find main.yml for role in network.backup.
2026-10-07T08:15:26.130039+00:00 ERROR 'ansible_navigator.actions.collections._parse' /usr/share/ansible/collections/ansible_collections/network/base/roles/configure/meta/argument_specs.yml Failed to find argument_specs.yml for role in network.base.
2026-10-07T08:15:26.130073+00:00 ERROR 'ansible_navigator.actions.collections._parse' /usr/share/ansible/collections/ansible_collections/network/base/roles/configure/meta/main.yml Failed to find main.yml for role in network.base.
2026-10-07T08:15:26.130092+00:00 ERROR 'ansible_navigator.actions.collections._parse' /usr/share/ansible/collections/ansible_collections/network/base/roles/deploy/meta/argument_specs.yml Failed to find argument_specs.yml for role in network.base.
2026-10-07T08:15:26.130108+00:00 ERROR 'ansible_navigator.actions.collections._parse' /usr/share/ansible/collections/ansible_collections/network/base/roles/deploy/meta/main.yml Failed to find main.yml for role in network.base.
2026-10-07T08:15:26.130124+00:00 ERROR 'ansible_navigator.actions.collections._parse' /usr/share/ansible/collections/ansible_collections/network/base/roles/detect/meta/argument_specs.yml Failed to find argument_specs.yml for role in network.base.
2026-10-07T08:15:26.130140+00:00 ERROR 'ansible_navigator.actions.collections._parse' /usr/share/ansible/collections/ansible_collections/network/base/roles/detect/meta/main.yml Failed to find main.yml for role in network.base.
2026-10-07T08:15:26.130156+00:00 ERROR 'ansible_navigator.actions.collections._parse' /usr/share/ansible/collections/ansible_collections/network/base/roles/gather/meta/argument_specs.yml Failed to find argument_specs.yml for role in network.base.
2026-10-07T08:15:26.130172+00:00 ERROR 'ansible_navigator.actions.collections._parse' /usr/share/ansible/collections/ansible_collections/network/base/roles/gather/meta/main.yml Failed to find main.yml for role in network.base.
2026-10-07T08:15:26.130188+00:00 ERROR 'ansible_navigator.actions.collections._parse' /usr/share/ansible/collections/ansible_collections/network/base/roles/list/meta/argument_specs.yml Failed to find argument_specs.yml for role in network.base.
2026-10-07T08:15:26.130204+00:00 ERROR 'ansible_navigator.actions.collections._parse' /usr/share/ansible/collections/ansible_collections/network/base/roles/list/meta/main.yml Failed to find main.yml for role in network.base.
2026-10-07T08:15:26.130220+00:00 ERROR 'ansible_navigator.actions.collections._parse' /usr/share/ansible/collections/ansible_collections/network/base/roles/persist/meta/argument_specs.yml Failed to find argument_specs.yml for role in network.base.
2026-10-07T08:15:26.130236+00:00 ERROR 'ansible_navigator.actions.collections._parse' /usr/share/ansible/collections/ansible_collections/network/base/roles/persist/meta/main.yml Failed to find main.yml for role in network.base.
2026-10-07T08:15:26.130252+00:00 ERROR 'ansible_navigator.actions.collections._parse' /usr/share/ansible/collections/ansible_collections/network/base/roles/remediate/meta/argument_specs.yml Failed to find argument_specs.yml for role in network.base.
2026-10-07T08:15:26.130268+00:00 ERROR 'ansible_navigator.actions.collections._parse' /usr/share/ansible/collections/ansible_collections/network/base/roles/remediate/meta/main.yml Failed to find main.yml for role in network.base.
2026-10-07T08:15:26.130284+00:00 ERROR 'ansible_navigator.actions.collections._parse' /usr/share/ansible/collections/ansible_collections/network/base/roles/resource_manager/meta/argument_specs.yml Failed to find argument_specs.yml for role in network.base.
2026-10-07T08:15:26.130301+00:00 ERROR 'ansible_navigator.actions.collections._parse' /usr/share/ansible/collections/ansible_collections/network/base/roles/resource_manager/meta/main.yml Failed to find main.yml for role in network.base.
2026-10-07T08:15:26.130317+00:00 ERROR 'ansible_navigator.actions.collections._parse' /usr/share/ansible/collections/ansible_collections/network/base/roles/resource_manager/README.md Failed to find README.md for role in network.base.
2026-10-07T08:15:26.130333+00:00 ERROR 'ansible_navigator.actions.collections._parse' /usr/share/ansible/collections/ansible_collections/network/healthchecks/roles/bgp/meta/argument_specs.yml Failed to find argument_specs.yml for role in network.healthchecks.
2026-10-07T08:15:26.130349+00:00 ERROR 'ansible_navigator.actions.collections._parse' /usr/share/ansible/collections/ansible_collections/network/healthchecks/roles/bgp/meta/main.yml Failed to find main.yml for role in network.healthchecks.
2026-10-07T08:15:26.130368+00:00 ERROR 'ansible_navigator.actions.collections._parse' /usr/share/ansible/collections/ansible_collections/network/healthchecks/roles/cpu/meta/argument_specs.yml Failed to find argument_specs.yml for role in network.healthchecks.
2026-10-07T08:15:26.130384+00:00 ERROR 'ansible_navigator.actions.collections._parse' /usr/share/ansible/collections/ansible_collections/network/healthchecks/roles/cpu/meta/main.yml Failed to find main.yml for role in network.healthchecks.
2026-10-07T08:15:26.130400+00:00 ERROR 'ansible_navigator.actions.collections._parse' /usr/share/ansible/collections/ansible_collections/network/healthchecks/roles/crashfiles/meta/argument_specs.yml Failed to find argument_specs.yml for role in network.healthchecks.
2026-10-07T08:15:26.130417+00:00 ERROR 'ansible_navigator.actions.collections._parse' /usr/share/ansible/collections/ansible_collections/network/healthchecks/roles/crashfiles/meta/main.yml Failed to find main.yml for role in network.healthchecks.
2026-10-07T08:15:26.130433+00:00 ERROR 'ansible_navigator.actions.collections._parse' /usr/share/ansible/collections/ansible_collections/network/healthchecks/roles/environment/meta/argument_specs.yml Failed to find argument_specs.yml for role in network.healthchecks.
2026-10-07T08:15:26.130449+00:00 ERROR 'ansible_navigator.actions.collections._parse' /usr/share/ansible/collections/ansible_collections/network/healthchecks/roles/environment/meta/main.yml Failed to find main.yml for role in network.healthchecks.
2026-10-07T08:15:26.130466+00:00 ERROR 'ansible_navigator.actions.collections._parse' /usr/share/ansible/collections/ansible_collections/network/healthchecks/roles/filesystem/meta/argument_specs.yml Failed to find argument_specs.yml for role in network.healthchecks.
2026-10-07T08:15:26.130482+00:00 ERROR 'ansible_navigator.actions.collections._parse' /usr/share/ansible/collections/ansible_collections/network/healthchecks/roles/filesystem/meta/main.yml Failed to find main.yml for role in network.healthchecks.
2026-10-07T08:15:26.130498+00:00 ERROR 'ansible_navigator.actions.collections._parse' /usr/share/ansible/collections/ansible_collections/network/healthchecks/roles/interfaces/meta/argument_specs.yml Failed to find argument_specs.yml for role in network.healthchecks.
2026-10-07T08:15:26.130514+00:00 ERROR 'ansible_navigator.actions.collections._parse' /usr/share/ansible/collections/ansible_collections/network/healthchecks/roles/interfaces/meta/main.yml Failed to find main.yml for role in network.healthchecks.
2026-10-07T08:15:26.130530+00:00 ERROR 'ansible_navigator.actions.collections._parse' /usr/share/ansible/collections/ansible_collections/network/healthchecks/roles/ip_reachability/meta/argument_specs.yml Failed to find argument_specs.yml for role in network.healthchecks.
2026-10-07T08:15:26.130546+00:00 ERROR 'ansible_navigator.actions.collections._parse' /usr/share/ansible/collections/ansible_collections/network/healthchecks/roles/ip_reachability/meta/main.yml Failed to find main.yml for role in network.healthchecks.
2026-10-07T08:15:26.130563+00:00 ERROR 'ansible_navigator.actions.collections._parse' /usr/share/ansible/collections/ansible_collections/network/healthchecks/roles/memory/meta/argument_specs.yml Failed to find argument_specs.yml for role in network.healthchecks.
2026-10-07T08:15:26.130579+00:00 ERROR 'ansible_navigator.actions.collections._parse' /usr/share/ansible/collections/ansible_collections/network/healthchecks/roles/memory/meta/main.yml Failed to find main.yml for role in network.healthchecks.
2026-10-07T08:15:26.130615+00:00 ERROR 'ansible_navigator.actions.collections._parse' /usr/share/ansible/collections/ansible_collections/network/healthchecks/roles/ospf/meta/argument_specs.yml Failed to find argument_specs.yml for role in network.healthchecks.
2026-10-07T08:15:26.130658+00:00 ERROR 'ansible_navigator.actions.collections._parse' /usr/share/ansible/collections/ansible_collections/network/healthchecks/roles/ospf/meta/main.yml Failed to find main.yml for role in network.healthchecks.
2026-10-07T08:15:26.130709+00:00 ERROR 'ansible_navigator.actions.collections._parse' /usr/share/ansible/collections/ansible_collections/network/healthchecks/roles/uptime/meta/argument_specs.yml Failed to find argument_specs.yml for role in network.healthchecks.
2026-10-07T08:15:26.130753+00:00 ERROR 'ansible_navigator.actions.collections._parse' /usr/share/ansible/collections/ansible_collections/network/healthchecks/roles/uptime/meta/main.yml Failed to find main.yml for role in network.healthchecks.
2026-10-07T08:15:26.130773+00:00 ERROR 'ansible_navigator.actions.collections._parse' /usr/share/ansible/collections/ansible_collections/network/inventory_reports/roles/configure/meta/argument_specs.yml Failed to find argument_specs.yml for role in network.inventory_reports.
2026-10-07T08:15:26.130792+00:00 ERROR 'ansible_navigator.actions.collections._parse' /usr/share/ansible/collections/ansible_collections/network/inventory_reports/roles/configure/meta/main.yml Failed to find main.yml for role in network.inventory_reports.
2026-10-07T08:15:26.130811+00:00 ERROR 'ansible_navigator.actions.collections._parse' /usr/share/ansible/collections/ansible_collections/network/inventory_reports/roles/deploy/meta/argument_specs.yml Failed to find argument_specs.yml for role in network.inventory_reports.
2026-10-07T08:15:26.130829+00:00 ERROR 'ansible_navigator.actions.collections._parse' /usr/share/ansible/collections/ansible_collections/network/inventory_reports/roles/deploy/meta/main.yml Failed to find main.yml for role in network.inventory_reports.
2026-10-07T08:15:26.130847+00:00 ERROR 'ansible_navigator.actions.collections._parse' /usr/share/ansible/collections/ansible_collections/network/inventory_reports/roles/detect/meta/argument_specs.yml Failed to find argument_specs.yml for role in network.inventory_reports.
2026-10-07T08:15:26.130864+00:00 ERROR 'ansible_navigator.actions.collections._parse' /usr/share/ansible/collections/ansible_collections/network/inventory_reports/roles/detect/meta/main.yml Failed to find main.yml for role in network.inventory_reports.
2026-10-07T08:15:26.130882+00:00 ERROR 'ansible_navigator.actions.collections._parse' /usr/share/ansible/collections/ansible_collections/network/inventory_reports/roles/gather/meta/argument_specs.yml Failed to find argument_specs.yml for role in network.inventory_reports.
2026-10-07T08:15:26.130899+00:00 ERROR 'ansible_navigator.actions.collections._parse' /usr/share/ansible/collections/ansible_collections/network/inventory_reports/roles/gather/meta/main.yml Failed to find main.yml for role in network.inventory_reports.
2026-10-07T08:15:26.130916+00:00 ERROR 'ansible_navigator.actions.collections._parse' /usr/share/ansible/collections/ansible_collections/network/inventory_reports/roles/generate_report/meta/argument_specs.yml Failed to find argument_specs.yml for role in network.inventory_reports.
2026-10-07T08:15:26.130934+00:00 ERROR 'ansible_navigator.actions.collections._parse' /usr/share/ansible/collections/ansible_collections/network/inventory_reports/roles/generate_report/meta/main.yml Failed to find main.yml for role in network.inventory_reports.
2026-10-07T08:15:26.130951+00:00 ERROR 'ansible_navigator.actions.collections._parse' /usr/share/ansible/collections/ansible_collections/network/inventory_reports/roles/list/meta/argument_specs.yml Failed to find argument_specs.yml for role in network.inventory_reports.
2026-10-07T08:15:26.130968+00:00 ERROR 'ansible_navigator.actions.collections._parse' /usr/share/ansible/collections/ansible_collections/network/inventory_reports/roles/list/meta/main.yml Failed to find main.yml for role in network.inventory_reports.
2026-10-07T08:15:26.130985+00:00 ERROR 'ansible_navigator.actions.collections._parse' /usr/share/ansible/collections/ansible_collections/network/inventory_reports/roles/persist/meta/argument_specs.yml Failed to find argument_specs.yml for role in network.inventory_reports.
2026-10-07T08:15:26.131002+00:00 ERROR 'ansible_navigator.actions.collections._parse' /usr/share/ansible/collections/ansible_collections/network/inventory_reports/roles/persist/meta/main.yml Failed to find main.yml for role in network.inventory_reports.
2026-10-07T08:15:26.131022+00:00 ERROR 'ansible_navigator.actions.collections._parse' /usr/share/ansible/collections/ansible_collections/network/inventory_reports/roles/remediate/meta/argument_specs.yml Failed to find argument_specs.yml for role in network.inventory_reports.
2026-10-07T08:15:26.131049+00:00 ERROR 'ansible_navigator.actions.collections._parse' /usr/share/ansible/collections/ansible_collections/network/inventory_reports/roles/remediate/meta/main.yml Failed to find main.yml for role in network.inventory_reports.
2026-10-07T11:18:23.438283+00:00 INFO 'ansible_navigator.setup_logger' New ansible-navigator instance, logging initialized
2026-10-07T11:18:23.438817+00:00 INFO 'ansible_navigator.setup_logger' New ansible-runner instance, logging initialized
2026-10-07T11:18:23.438889+00:00 DEBUG 'ansible_navigator.main' MarkupSafe==2.1.5 
2026-10-07T11:18:23.438922+00:00 DEBUG 'ansible_navigator.main' Parsley==1.3 
2026-10-07T11:18:23.438953+00:00 DEBUG 'ansible_navigator.main' PyYAML==6.0 
2026-10-07T11:18:23.438980+00:00 DEBUG 'ansible_navigator.main' ansible-builder==3.1.1 
2026-10-07T11:18:23.439006+00:00 DEBUG 'ansible_navigator.main' ansible-compat==25.12.0 
2026-10-07T11:18:23.439038+00:00 DEBUG 'ansible_navigator.main' ansible-core==2.16.15 
2026-10-07T11:18:23.439113+00:00 DEBUG 'ansible_navigator.main' ansible-creator==25.12.0 
2026-10-07T11:18:23.439158+00:00 DEBUG 'ansible_navigator.main' ansible-dev-environment==25.12.2 
2026-10-07T11:18:23.439193+00:00 DEBUG 'ansible_navigator.main' ansible-dev-tools==26.1.0 
2026-10-07T11:18:23.439227+00:00 DEBUG 'ansible_navigator.main' ansible-lint==26.1.0 
2026-10-07T11:18:23.439260+00:00 DEBUG 'ansible_navigator.main' ansible-navigator==26.1.1 
2026-10-07T11:18:23.439290+00:00 DEBUG 'ansible_navigator.main' ansible-runner==2.4.2 
2026-10-07T11:18:23.439319+00:00 DEBUG 'ansible_navigator.main' ansible-sign==0.1.4 
2026-10-07T11:18:23.439349+00:00 DEBUG 'ansible_navigator.main' attrs==22.2.0 /usr/lib/python3.11/site-packages/attrs/__init__.py
2026-10-07T11:18:23.439378+00:00 DEBUG 'ansible_navigator.main' bindep==2.13.0 /usr/lib/python3.11/site-packages/bindep/__init__.py
2026-10-07T11:18:23.439408+00:00 DEBUG 'ansible_navigator.main' cachetools==5.3.2 /usr/lib/python3.11/site-packages/cachetools/__init__.py
2026-10-07T11:18:23.439436+00:00 DEBUG 'ansible_navigator.main' cffi==1.15.1 /usr/lib64/python3.11/site-packages/cffi/__init__.py
2026-10-07T11:18:23.439467+00:00 DEBUG 'ansible_navigator.main' chardet==5.2.0 /usr/lib/python3.11/site-packages/chardet/__init__.py
2026-10-07T11:18:23.439497+00:00 DEBUG 'ansible_navigator.main' click-help-colors==0.9.4 
2026-10-07T11:18:23.439526+00:00 DEBUG 'ansible_navigator.main' click==8.1.7 /usr/lib/python3.11/site-packages/click/__init__.py
2026-10-07T11:18:23.439556+00:00 DEBUG 'ansible_navigator.main' commonmark==0.9.1 /usr/lib/python3.11/site-packages/commonmark/__init__.py
2026-10-07T11:18:23.439586+00:00 DEBUG 'ansible_navigator.main' cryptography==42.0.5 /usr/lib64/python3.11/site-packages/cryptography/__init__.py
2026-10-07T11:18:23.439615+00:00 DEBUG 'ansible_navigator.main' distlib==0.4.0 /usr/lib/python3.11/site-packages/distlib/__init__.py
2026-10-07T11:18:23.439643+00:00 DEBUG 'ansible_navigator.main' distro==1.9.0 /usr/lib/python3.11/site-packages/distro/__init__.py
2026-10-07T11:18:23.439671+00:00 DEBUG 'ansible_navigator.main' docutils==0.20.1 /usr/lib/python3.11/site-packages/docutils/__init__.py
2026-10-07T11:18:23.439701+00:00 DEBUG 'ansible_navigator.main' enrich==1.2.7 /usr/lib/python3.11/site-packages/enrich/__init__.py
2026-10-07T11:18:23.439727+00:00 DEBUG 'ansible_navigator.main' lockfile==0.12.2 /usr/lib/python3.11/site-packages/lockfile/__init__.py
2026-10-07T11:18:23.439746+00:00 DEBUG 'ansible_navigator.main' molecule==25.12.0 /usr/lib/python3.11/site-packages/molecule/__init__.py
2026-10-07T11:18:23.439765+00:00 DEBUG 'ansible_navigator.main' mypy-extensions==1.0.0 
2026-10-07T11:18:23.439783+00:00 DEBUG 'ansible_navigator.main' onigurumacffi==1.3.0 /usr/lib64/python3.11/site-packages/onigurumacffi.py
2026-10-07T11:18:23.439828+00:00 DEBUG 'ansible_navigator.main' pbr==6.0.0 /usr/lib/python3.11/site-packages/pbr/__init__.py
2026-10-07T11:18:23.439849+00:00 DEBUG 'ansible_navigator.main' pexpect==4.9.0 /usr/lib/python3.11/site-packages/pexpect/__init__.py
2026-10-07T11:18:23.439868+00:00 DEBUG 'ansible_navigator.main' pluggy==1.6.0 /usr/lib/python3.11/site-packages/pluggy/__init__.py
2026-10-07T11:18:23.439886+00:00 DEBUG 'ansible_navigator.main' ply==3.11 /usr/lib/python3.11/site-packages/ply/__init__.py
2026-10-07T11:18:23.439904+00:00 DEBUG 'ansible_navigator.main' pycparser==2.20 /usr/lib/python3.11/site-packages/pycparser/__init__.py
2026-10-07T11:18:23.439921+00:00 DEBUG 'ansible_navigator.main' pytest-ansible==25.12.0 
2026-10-07T11:18:23.439939+00:00 DEBUG 'ansible_navigator.main' pytest-plus==0.8.1 
2026-10-07T11:18:23.439973+00:00 DEBUG 'ansible_navigator.main' pytest-sugar==1.1.1 
2026-10-07T11:18:23.440007+00:00 DEBUG 'ansible_navigator.main' pytest-xdist==3.8.0 
2026-10-07T11:18:23.440028+00:00 DEBUG 'ansible_navigator.main' pytest==9.0.1 /usr/lib/python3.11/site-packages/pytest/__init__.py
2026-10-07T11:18:23.440091+00:00 DEBUG 'ansible_navigator.main' python-daemon==3.1.2 
2026-10-07T11:18:23.440130+00:00 DEBUG 'ansible_navigator.main' python-gnupg==0.5.2 
2026-10-07T11:18:23.440155+00:00 DEBUG 'ansible_navigator.main' resolvelib==1.0.1 /usr/lib/python3.11/site-packages/resolvelib/__init__.py
2026-10-07T11:18:23.440185+00:00 DEBUG 'ansible_navigator.main' ruamel.yaml.clib==0.2.15 
2026-10-07T11:18:23.440219+00:00 DEBUG 'ansible_navigator.main' ruamel.yaml==0.18.15 /usr/lib/python3.11/site-packages/ruamel/yaml/__init__.py
2026-10-07T11:18:23.440248+00:00 DEBUG 'ansible_navigator.main' setuptools==65.5.1 /usr/lib/python3.11/site-packages/setuptools/__init__.py
2026-10-07T11:18:23.440274+00:00 DEBUG 'ansible_navigator.main' subprocess-tee==0.4.2 
2026-10-07T11:18:23.440300+00:00 DEBUG 'ansible_navigator.main' tox-ansible==25.12.0 
2026-10-07T11:18:23.440325+00:00 DEBUG 'ansible_navigator.main' yamllint==1.35.1 /usr/lib/python3.11/site-packages/yamllint/__init__.py
2026-10-07T11:18:23.440348+00:00 DEBUG 'ansible_navigator.main' Default collection_doc_cache_path set to: /home/student/.cache/ansible-navigator/collection_doc_cache.db
2026-10-07T11:18:23.440372+00:00 DEBUG 'ansible_navigator.main' EDITOR environment variable not set
2026-10-07T11:18:23.440396+00:00 DEBUG 'ansible_navigator.main' Default editor_command set to: vi +{line_number} {filename}
2026-10-07T11:18:23.440420+00:00 DEBUG 'ansible_navigator.main' No config file set by ANSIBLE_NAVIGATOR_CONFIG
2026-10-07T11:18:23.440443+00:00 DEBUG 'ansible_navigator.main' Looking in /home/student/.ansible-navigator
2026-10-07T11:18:23.440469+00:00 DEBUG 'ansible_navigator.main' Looking for '/home/student/.ansible-navigator.yml', '/home/student/.ansible-navigator.yaml' and '/home/student/.ansible-navigator.json'
2026-10-07T11:18:23.440494+00:00 DEBUG 'ansible_navigator.main' Found 0: 
2026-10-07T11:18:23.440518+00:00 DEBUG 'ansible_navigator.main' Looking in /home/student/cmc/ansible-navigator
2026-10-07T11:18:23.440541+00:00 DEBUG 'ansible_navigator.main' Looking for '/home/student/cmc/ansible-navigator.yml', '/home/student/cmc/ansible-navigator.yaml' and '/home/student/cmc/ansible-navigator.json'
2026-10-07T11:18:23.440566+00:00 DEBUG 'ansible_navigator.main' Found 1: '/home/student/cmc/ansible-navigator.yml'
2026-10-07T11:18:23.440591+00:00 DEBUG 'ansible_navigator.main' All found 1: '/home/student/cmc/ansible-navigator.yml'
2026-10-07T11:18:23.440616+00:00 DEBUG 'ansible_navigator.main' Using: /home/student/cmc/ansible-navigator.yml
2026-10-07T11:18:23.440640+00:00 DEBUG 'ansible_navigator.main' Using settings file at /home/student/cmc/ansible-navigator.yml in search path
2026-10-07T11:18:23.440658+00:00 DEBUG 'ansible_navigator.main' Command provided: 'doc --type filters'
2026-10-07T11:18:23.440678+00:00 DEBUG 'ansible_navigator.main' ansible-navigator.ansible-runner.artifact-dir not found in settings file
2026-10-07T11:18:23.440708+00:00 DEBUG 'ansible_navigator.main' ansible-navigator.ansible-runner.rotate-artifacts-count not found in settings file
2026-10-07T11:18:23.440727+00:00 DEBUG 'ansible_navigator.main' ansible-navigator.ansible-runner.timeout not found in settings file
2026-10-07T11:18:23.440745+00:00 DEBUG 'ansible_navigator.main' ansible-navigator.ansible-runner.job-events not found in settings file
2026-10-07T11:18:23.440762+00:00 DEBUG 'ansible_navigator.main' ansible-navigator.app not found in settings file
2026-10-07T11:18:23.440779+00:00 DEBUG 'ansible_navigator.main' ansible-navigator.ansible.cmdline not found in settings file
2026-10-07T11:18:23.440797+00:00 DEBUG 'ansible_navigator.main' ansible-navigator.collection-doc-cache-path not found in settings file
2026-10-07T11:18:23.440818+00:00 DEBUG 'ansible_navigator.main' ansible-navigator.ansible.config.path not found in settings file
2026-10-07T11:18:23.440835+00:00 DEBUG 'ansible_navigator.main' ansible-navigator.execution-environment.container-options not found in settings file
2026-10-07T11:18:23.440852+00:00 DEBUG 'ansible_navigator.main' ansible-navigator.color.enable not found in settings file
2026-10-07T11:18:23.440869+00:00 DEBUG 'ansible_navigator.main' ansible-navigator.enable-prompts not found in settings file
2026-10-07T11:18:23.440886+00:00 DEBUG 'ansible_navigator.main' ansible-navigator.exec.command not found in settings file
2026-10-07T11:18:23.440902+00:00 DEBUG 'ansible_navigator.main' ansible-navigator.exec.shell not found in settings file
2026-10-07T11:18:23.440919+00:00 DEBUG 'ansible_navigator.main' ansible-navigator.execution-environment.volume-mounts not found in settings file
2026-10-07T11:18:23.440944+00:00 DEBUG 'ansible_navigator.main' ansible-navigator.ansible-builder.help not found in settings file
2026-10-07T11:18:23.440963+00:00 DEBUG 'ansible_navigator.main' ansible-navigator.ansible.doc.help not found in settings file
2026-10-07T11:18:23.440979+00:00 DEBUG 'ansible_navigator.main' ansible-navigator.images.details not found in settings file
2026-10-07T11:18:23.440996+00:00 DEBUG 'ansible_navigator.main' ansible-navigator.inventory-columns not found in settings file
2026-10-07T11:18:23.441012+00:00 DEBUG 'ansible_navigator.main' ansible-navigator.ansible-lint.config not found in settings file
2026-10-07T11:18:23.441029+00:00 DEBUG 'ansible_navigator.main' ansible-navigator.ansible-lint.lintables not found in settings file
2026-10-07T11:18:23.441067+00:00 DEBUG 'ansible_navigator.main' ansible-navigator.color.osc4 not found in settings file
2026-10-07T11:18:23.441107+00:00 DEBUG 'ansible_navigator.main' ansible-navigator.execution-environment.environment-variables.pass not found in settings file
2026-10-07T11:18:23.441146+00:00 DEBUG 'ansible_navigator.main' ansible-navigator.ansible.playbook.path not found in settings file
2026-10-07T11:18:23.441167+00:00 DEBUG 'ansible_navigator.main' ansible-navigator.playbook-artifact.replay not found in settings file
2026-10-07T11:18:23.441186+00:00 DEBUG 'ansible_navigator.main' ansible-navigator.ansible.doc.plugin.name not found in settings file
2026-10-07T11:18:23.441205+00:00 DEBUG 'ansible_navigator.main' ansible-navigator.ansible.doc.plugin.type not found in settings file
2026-10-07T11:18:23.441222+00:00 DEBUG 'ansible_navigator.main' ansible-navigator.execution-environment.pull.arguments not found in settings file
2026-10-07T11:18:23.441241+00:00 DEBUG 'ansible_navigator.main' ansible-navigator.execution-environment.environment-variables.set not found in settings file
2026-10-07T11:18:23.441258+00:00 DEBUG 'ansible_navigator.main' ansible-navigator.settings.effective not found in settings file
2026-10-07T11:18:23.441275+00:00 DEBUG 'ansible_navigator.main' ansible-navigator.settings.sample not found in settings file
2026-10-07T11:18:23.441293+00:00 DEBUG 'ansible_navigator.main' ansible-navigator.settings.schema not found in settings file
2026-10-07T11:18:23.441309+00:00 DEBUG 'ansible_navigator.main' ansible-navigator.settings.sources not found in settings file
2026-10-07T11:18:23.441331+00:00 DEBUG 'ansible_navigator.main' ansible-navigator.time-zone not found in settings file
2026-10-07T11:18:23.441348+00:00 DEBUG 'ansible_navigator.main' ansible-navigator.ansible-builder.workdir not found in settings file
2026-10-07T11:18:23.441365+00:00 DEBUG 'ansible_navigator.main' EE support enabled: using current working directory for 'ansible.cfg'
2026-10-07T11:18:23.441383+00:00 INFO 'ansible_navigator.main' EE support enabled: found 'ansible.cfg' in current working directory.
2026-10-07T11:18:23.441400+00:00 DEBUG 'ansible_navigator.main' Completed post processing for ansible_runner_artifact_dir. (changed=False)
2026-10-07T11:18:23.441417+00:00 DEBUG 'ansible_navigator.main' Completed post processing for ansible_runner_rotate_artifacts_count. (changed=False)
2026-10-07T11:18:23.441435+00:00 DEBUG 'ansible_navigator.main' Completed post processing for ansible_runner_timeout. (changed=False)
2026-10-07T11:18:23.441452+00:00 DEBUG 'ansible_navigator.main' Completed post processing for cmdline. (changed=False)
2026-10-07T11:18:23.441469+00:00 DEBUG 'ansible_navigator.main' Completed post processing for collection_doc_cache_path. (changed=False)
2026-10-07T11:18:23.441486+00:00 DEBUG 'ansible_navigator.main' Completed post processing for config. (changed=False)
2026-10-07T11:18:23.441503+00:00 DEBUG 'ansible_navigator.main' Completed post processing for config. (changed=False)
2026-10-07T11:18:23.441519+00:00 DEBUG 'ansible_navigator.main' Completed post processing for container_engine. (changed=False)
2026-10-07T11:18:23.441536+00:00 DEBUG 'ansible_navigator.main' Completed post processing for container_options. (changed=False)
2026-10-07T11:18:23.441553+00:00 DEBUG 'ansible_navigator.main' Completed post processing for display_color. (changed=False)
2026-10-07T11:18:23.441569+00:00 DEBUG 'ansible_navigator.main' Completed post processing for enable_prompts. (changed=False)
2026-10-07T11:18:23.441586+00:00 DEBUG 'ansible_navigator.main' Completed post processing for execution_environment. (changed=False)
2026-10-07T11:18:23.441602+00:00 DEBUG 'ansible_navigator.main' Completed post processing for execution_environment_image. (changed=True)
2026-10-07T11:18:23.441619+00:00 DEBUG 'ansible_navigator.main'  before: 'aap.lab.example.com/ee-au457-rhel9'
2026-10-07T11:18:23.441636+00:00 DEBUG 'ansible_navigator.main'  after: 'aap.lab.example.com/ee-au457-rhel9:latest'
2026-10-07T11:18:23.441653+00:00 DEBUG 'ansible_navigator.main' Completed post processing for help_builder. (changed=False)
2026-10-07T11:18:23.441670+00:00 DEBUG 'ansible_navigator.main' Completed post processing for help_config. (changed=False)
2026-10-07T11:18:23.441686+00:00 DEBUG 'ansible_navigator.main' Completed post processing for help_doc. (changed=False)
2026-10-07T11:18:23.441703+00:00 DEBUG 'ansible_navigator.main' Completed post processing for help_inventory. (changed=False)
2026-10-07T11:18:23.441719+00:00 DEBUG 'ansible_navigator.main' Completed post processing for help_playbook. (changed=False)
2026-10-07T11:18:23.441736+00:00 DEBUG 'ansible_navigator.main' Completed post processing for images_details. (changed=False)
2026-10-07T11:18:23.441753+00:00 DEBUG 'ansible_navigator.main' Completed post processing for inventory. (changed=True)
2026-10-07T11:18:23.441769+00:00 DEBUG 'ansible_navigator.main'  before: '['./dutch_hosts']'
2026-10-07T11:18:23.441786+00:00 DEBUG 'ansible_navigator.main'  after: '['/home/student/cmc/dutch_hosts']'
2026-10-07T11:18:23.441803+00:00 DEBUG 'ansible_navigator.main' Completed post processing for inventory_column. (changed=False)
2026-10-07T11:18:23.441820+00:00 DEBUG 'ansible_navigator.main' Completed post processing for log_file. (changed=False)
2026-10-07T11:18:23.441838+00:00 DEBUG 'ansible_navigator.main' Completed post processing for pass_environment_variable. (changed=False)
2026-10-07T11:18:23.441855+00:00 DEBUG 'ansible_navigator.main' Completed post processing for playbook. (changed=False)
2026-10-07T11:18:23.441872+00:00 DEBUG 'ansible_navigator.main' Completed post processing for playbook_artifact_replay. (changed=False)
2026-10-07T11:18:23.441892+00:00 DEBUG 'ansible_navigator.main' Completed post processing for playbook_artifact_save_as. (changed=False)
2026-10-07T11:18:23.441909+00:00 DEBUG 'ansible_navigator.main' Completed post processing for plugin_name. (changed=False)
2026-10-07T11:18:23.441925+00:00 DEBUG 'ansible_navigator.main' Completed post processing for pull_arguments. (changed=False)
2026-10-07T11:18:23.441942+00:00 DEBUG 'ansible_navigator.main' Completed post processing for set_environment_variable. (changed=False)
2026-10-07T11:18:23.441958+00:00 DEBUG 'ansible_navigator.main' Completed post processing for settings_effective. (changed=False)
2026-10-07T11:18:23.441975+00:00 DEBUG 'ansible_navigator.main' Completed post processing for settings_sample. (changed=False)
2026-10-07T11:18:23.441991+00:00 DEBUG 'ansible_navigator.main' Completed post processing for settings_schema. (changed=False)
2026-10-07T11:18:23.442008+00:00 DEBUG 'ansible_navigator.main' Completed post processing for settings_sources. (changed=False)
2026-10-07T11:18:23.442024+00:00 DEBUG 'ansible_navigator.main' Completed post processing for time_zone. (changed=False)
2026-10-07T11:18:23.442101+00:00 DEBUG 'ansible_navigator.main' Completed post processing for execution_environment_volume_mounts. (changed=False)
2026-10-07T11:18:23.442134+00:00 DEBUG 'ansible_navigator.main' Completed post processing for mode. (changed=False)
2026-10-07T11:18:23.442168+00:00 DEBUG 'ansible_navigator.main' Completed post processing for playbook_artifact_enable. (changed=False)
2026-10-07T11:18:23.442202+00:00 WARNING 'ansible_navigator.main' Configuration errors encountered, rolling back to previous configuration.
2026-10-07T11:18:23.442221+00:00 DEBUG 'ansible_navigator.main' Prior to rollback: ansible_runner_artifact_dir = 'Not set' (Constants/Not set)
2026-10-07T11:18:23.442239+00:00 DEBUG 'ansible_navigator.main' Prior to rollback: ansible_runner_rotate_artifacts_count = 'Not set' (Constants/Not set)
2026-10-07T11:18:23.442257+00:00 DEBUG 'ansible_navigator.main' Prior to rollback: ansible_runner_timeout = 'Not set' (Constants/Not set)
2026-10-07T11:18:23.442274+00:00 DEBUG 'ansible_navigator.main' Prior to rollback: ansible_runner_write_job_events = 'False' (bool/Defaults)
2026-10-07T11:18:23.442291+00:00 DEBUG 'ansible_navigator.main' Prior to rollback: app = 'doc' (str/Command line)
2026-10-07T11:18:23.442308+00:00 DEBUG 'ansible_navigator.main' Prior to rollback: cmdline = 'Not set' (Constants/Not set)
2026-10-07T11:18:23.442325+00:00 DEBUG 'ansible_navigator.main' Prior to rollback: collection_doc_cache_path = '/home/student/.cache/ansible-navigator/collection_doc_cache.db' (str/Defaults)
2026-10-07T11:18:23.442342+00:00 DEBUG 'ansible_navigator.main' Prior to rollback: config = 'Not set' (Constants/Not set)
2026-10-07T11:18:23.442359+00:00 DEBUG 'ansible_navigator.main' Prior to rollback: container_engine = 'podman' (str/Settings file)
2026-10-07T11:18:23.442376+00:00 DEBUG 'ansible_navigator.main' Prior to rollback: container_options = 'Not set' (Constants/Not set)
2026-10-07T11:18:23.442392+00:00 DEBUG 'ansible_navigator.main' Prior to rollback: display_color = 'True' (bool/Defaults)
2026-10-07T11:18:23.442409+00:00 DEBUG 'ansible_navigator.main' Prior to rollback: editor_command = 'vi +{line_number} {filename}' (str/Settings file)
2026-10-07T11:18:23.442426+00:00 DEBUG 'ansible_navigator.main' Prior to rollback: editor_console = 'True' (bool/Settings file)
2026-10-07T11:18:23.442442+00:00 DEBUG 'ansible_navigator.main' Prior to rollback: enable_prompts = 'False' (bool/Defaults)
2026-10-07T11:18:23.442459+00:00 DEBUG 'ansible_navigator.main' Prior to rollback: exec_command = '/bin/bash' (str/Defaults)
2026-10-07T11:18:23.442476+00:00 DEBUG 'ansible_navigator.main' Prior to rollback: exec_shell = 'True' (bool/Defaults)
2026-10-07T11:18:23.442492+00:00 DEBUG 'ansible_navigator.main' Prior to rollback: execution_environment = 'True' (bool/Settings file)
2026-10-07T11:18:23.442513+00:00 DEBUG 'ansible_navigator.main' Prior to rollback: execution_environment_image = 'aap.lab.example.com/ee-au457-rhel9:latest' (str/Settings file)
2026-10-07T11:18:23.442529+00:00 DEBUG 'ansible_navigator.main' Prior to rollback: execution_environment_volume_mounts = 'Not set' (Constants/Not set)
2026-10-07T11:18:23.442546+00:00 DEBUG 'ansible_navigator.main' Prior to rollback: format = 'yaml' (str/Settings file)
2026-10-07T11:18:23.442563+00:00 DEBUG 'ansible_navigator.main' Prior to rollback: help_builder = 'False' (bool/Defaults)
2026-10-07T11:18:23.442587+00:00 DEBUG 'ansible_navigator.main' Prior to rollback: help_config = 'False' (bool/Settings file)
2026-10-07T11:18:23.442604+00:00 DEBUG 'ansible_navigator.main' Prior to rollback: help_doc = 'False' (bool/Defaults)
2026-10-07T11:18:23.442655+00:00 DEBUG 'ansible_navigator.main' Prior to rollback: help_inventory = 'False' (bool/Settings file)
2026-10-07T11:18:23.442674+00:00 DEBUG 'ansible_navigator.main' Prior to rollback: help_playbook = 'False' (bool/Settings file)
2026-10-07T11:18:23.442695+00:00 DEBUG 'ansible_navigator.main' Prior to rollback: images_details = '['everything']' (list/Defaults)
2026-10-07T11:18:23.442712+00:00 DEBUG 'ansible_navigator.main' Prior to rollback: inventory = '['/home/student/cmc/dutch_hosts']' (list/Settings file)
2026-10-07T11:18:23.442739+00:00 DEBUG 'ansible_navigator.main' Prior to rollback: inventory_column = 'Not set' (Constants/Not set)
2026-10-07T11:18:23.442755+00:00 DEBUG 'ansible_navigator.main' Prior to rollback: lint_config = 'Not set' (Constants/Not set)
2026-10-07T11:18:23.442791+00:00 DEBUG 'ansible_navigator.main' Prior to rollback: lintables = 'Not set' (Constants/Not set)
2026-10-07T11:18:23.442812+00:00 DEBUG 'ansible_navigator.main' Prior to rollback: log_append = 'True' (bool/Settings file)
2026-10-07T11:18:23.442829+00:00 DEBUG 'ansible_navigator.main' Prior to rollback: log_file = '/home/student/cmc/ansible-navigator.log' (str/Settings file)
2026-10-07T11:18:23.442846+00:00 DEBUG 'ansible_navigator.main' Prior to rollback: log_level = 'warning' (str/Settings file)
2026-10-07T11:18:23.442871+00:00 DEBUG 'ansible_navigator.main' Prior to rollback: mode = 'stdout' (str/Settings file)
2026-10-07T11:18:23.442895+00:00 DEBUG 'ansible_navigator.main' Prior to rollback: osc4 = 'True' (bool/Defaults)
2026-10-07T11:18:23.442913+00:00 DEBUG 'ansible_navigator.main' Prior to rollback: pass_environment_variable = 'Not set' (Constants/Not set)
2026-10-07T11:18:23.442937+00:00 DEBUG 'ansible_navigator.main' Prior to rollback: playbook = 'Not set' (Constants/Not set)
2026-10-07T11:18:23.442955+00:00 DEBUG 'ansible_navigator.main' Prior to rollback: playbook_artifact_enable = 'False' (bool/Settings file)
2026-10-07T11:18:23.442975+00:00 DEBUG 'ansible_navigator.main' Prior to rollback: playbook_artifact_replay = 'Not set' (Constants/Not set)
2026-10-07T11:18:23.442992+00:00 DEBUG 'ansible_navigator.main' Prior to rollback: playbook_artifact_save_as = '{playbook_dir}/{playbook_name}-artifact-{time_stamp}.json' (str/Settings file)
2026-10-07T11:18:23.443009+00:00 DEBUG 'ansible_navigator.main' Prior to rollback: plugin_name = 'Not set' (Constants/Not set)
2026-10-07T11:18:23.443026+00:00 DEBUG 'ansible_navigator.main' Prior to rollback: plugin_type = 'filters' (str/Command line)
2026-10-07T11:18:23.443053+00:00 DEBUG 'ansible_navigator.main' Prior to rollback: pull_arguments = 'Not set' (Constants/Not set)
2026-10-07T11:18:23.443100+00:00 DEBUG 'ansible_navigator.main' Prior to rollback: pull_policy = 'missing' (str/Settings file)
2026-10-07T11:18:23.443123+00:00 DEBUG 'ansible_navigator.main' Prior to rollback: set_environment_variable = 'Not set' (Constants/Not set)
2026-10-07T11:18:23.443158+00:00 DEBUG 'ansible_navigator.main' Prior to rollback: settings_effective = 'False' (bool/Defaults)
2026-10-07T11:18:23.443186+00:00 DEBUG 'ansible_navigator.main' Prior to rollback: settings_sample = 'False' (bool/Defaults)
2026-10-07T11:18:23.443217+00:00 DEBUG 'ansible_navigator.main' Prior to rollback: settings_schema = 'json' (str/Defaults)
2026-10-07T11:18:23.443239+00:00 DEBUG 'ansible_navigator.main' Prior to rollback: settings_sources = 'False' (bool/Defaults)
2026-10-07T11:18:23.443256+00:00 DEBUG 'ansible_navigator.main' Prior to rollback: time_zone = 'UTC' (str/Defaults)
2026-10-07T11:18:23.443273+00:00 DEBUG 'ansible_navigator.main' Prior to rollback: workdir = '/home/student/cmc' (str/Defaults)
2026-10-07T11:18:23.443290+00:00 DEBUG 'ansible_navigator.main' After rollback: ansible_runner_artifact_dir = 'Not set' (Constants/Not set)
2026-10-07T11:18:23.443307+00:00 DEBUG 'ansible_navigator.main' After rollback: ansible_runner_rotate_artifacts_count = 'Not set' (Constants/Not set)
2026-10-07T11:18:23.443324+00:00 DEBUG 'ansible_navigator.main' After rollback: ansible_runner_timeout = 'Not set' (Constants/Not set)
2026-10-07T11:18:23.443341+00:00 DEBUG 'ansible_navigator.main' After rollback: ansible_runner_write_job_events = 'Not set' (Constants/Not set)
2026-10-07T11:18:23.443358+00:00 DEBUG 'ansible_navigator.main' After rollback: app = 'Not set' (Constants/Not set)
2026-10-07T11:18:23.443374+00:00 DEBUG 'ansible_navigator.main' After rollback: cmdline = 'Not set' (Constants/Not set)
2026-10-07T11:18:23.443391+00:00 DEBUG 'ansible_navigator.main' After rollback: collection_doc_cache_path = 'Not set' (Constants/Not set)
2026-10-07T11:18:23.443407+00:00 DEBUG 'ansible_navigator.main' After rollback: config = 'Not set' (Constants/Not set)
2026-10-07T11:18:23.443424+00:00 DEBUG 'ansible_navigator.main' After rollback: container_engine = 'Not set' (Constants/Not set)
2026-10-07T11:18:23.443441+00:00 DEBUG 'ansible_navigator.main' After rollback: container_options = 'Not set' (Constants/Not set)
2026-10-07T11:18:23.443457+00:00 DEBUG 'ansible_navigator.main' After rollback: display_color = 'Not set' (Constants/Not set)
2026-10-07T11:18:23.443473+00:00 DEBUG 'ansible_navigator.main' After rollback: editor_command = 'Not set' (Constants/Not set)
2026-10-07T11:18:23.443489+00:00 DEBUG 'ansible_navigator.main' After rollback: editor_console = 'Not set' (Constants/Not set)
2026-10-07T11:18:23.443506+00:00 DEBUG 'ansible_navigator.main' After rollback: enable_prompts = 'Not set' (Constants/Not set)
2026-10-07T11:18:23.443522+00:00 DEBUG 'ansible_navigator.main' After rollback: exec_command = 'Not set' (Constants/Not set)
2026-10-07T11:18:23.443539+00:00 DEBUG 'ansible_navigator.main' After rollback: exec_shell = 'Not set' (Constants/Not set)
2026-10-07T11:18:23.443555+00:00 DEBUG 'ansible_navigator.main' After rollback: execution_environment = 'Not set' (Constants/Not set)
2026-10-07T11:18:23.443572+00:00 DEBUG 'ansible_navigator.main' After rollback: execution_environment_image = 'Not set' (Constants/Not set)
2026-10-07T11:18:23.443588+00:00 DEBUG 'ansible_navigator.main' After rollback: execution_environment_volume_mounts = 'Not set' (Constants/Not set)
2026-10-07T11:18:23.443605+00:00 DEBUG 'ansible_navigator.main' After rollback: format = 'Not set' (Constants/Not set)
2026-10-07T11:18:23.443621+00:00 DEBUG 'ansible_navigator.main' After rollback: help_builder = 'Not set' (Constants/Not set)
2026-10-07T11:18:23.443637+00:00 DEBUG 'ansible_navigator.main' After rollback: help_config = 'Not set' (Constants/Not set)
2026-10-07T11:18:23.443653+00:00 DEBUG 'ansible_navigator.main' After rollback: help_doc = 'Not set' (Constants/Not set)
2026-10-07T11:18:23.443670+00:00 DEBUG 'ansible_navigator.main' After rollback: help_inventory = 'Not set' (Constants/Not set)
2026-10-07T11:18:23.443686+00:00 DEBUG 'ansible_navigator.main' After rollback: help_playbook = 'Not set' (Constants/Not set)
2026-10-07T11:18:23.443702+00:00 DEBUG 'ansible_navigator.main' After rollback: images_details = 'Not set' (Constants/Not set)
2026-10-07T11:18:23.443773+00:00 DEBUG 'ansible_navigator.main' After rollback: inventory = 'Not set' (Constants/Not set)
2026-10-07T11:18:23.443798+00:00 DEBUG 'ansible_navigator.main' After rollback: inventory_column = 'Not set' (Constants/Not set)
2026-10-07T11:18:23.443815+00:00 DEBUG 'ansible_navigator.main' After rollback: lint_config = 'Not set' (Constants/Not set)
2026-10-07T11:18:23.443834+00:00 DEBUG 'ansible_navigator.main' After rollback: lintables = 'Not set' (Constants/Not set)
2026-10-07T11:18:23.443851+00:00 DEBUG 'ansible_navigator.main' After rollback: log_append = 'Not set' (Constants/Not set)
2026-10-07T11:18:23.443867+00:00 DEBUG 'ansible_navigator.main' After rollback: log_file = 'Not set' (Constants/Not set)
2026-10-07T11:18:23.443884+00:00 DEBUG 'ansible_navigator.main' After rollback: log_level = 'Not set' (Constants/Not set)
2026-10-07T11:18:23.443900+00:00 DEBUG 'ansible_navigator.main' After rollback: mode = 'Not set' (Constants/Not set)
2026-10-07T11:18:23.443917+00:00 DEBUG 'ansible_navigator.main' After rollback: osc4 = 'Not set' (Constants/Not set)
2026-10-07T11:18:23.443933+00:00 DEBUG 'ansible_navigator.main' After rollback: pass_environment_variable = 'Not set' (Constants/Not set)
2026-10-07T11:18:23.443950+00:00 DEBUG 'ansible_navigator.main' After rollback: playbook = 'Not set' (Constants/Not set)
2026-10-07T11:18:23.443967+00:00 DEBUG 'ansible_navigator.main' After rollback: playbook_artifact_enable = 'Not set' (Constants/Not set)
2026-10-07T11:18:23.443984+00:00 DEBUG 'ansible_navigator.main' After rollback: playbook_artifact_replay = 'Not set' (Constants/Not set)
2026-10-07T11:18:23.444000+00:00 DEBUG 'ansible_navigator.main' After rollback: playbook_artifact_save_as = 'Not set' (Constants/Not set)
2026-10-07T11:18:23.444016+00:00 DEBUG 'ansible_navigator.main' After rollback: plugin_name = 'Not set' (Constants/Not set)
2026-10-07T11:18:23.444033+00:00 DEBUG 'ansible_navigator.main' After rollback: plugin_type = 'Not set' (Constants/Not set)
2026-10-07T11:18:23.444062+00:00 DEBUG 'ansible_navigator.main' After rollback: pull_arguments = 'Not set' (Constants/Not set)
2026-10-07T11:18:23.444091+00:00 DEBUG 'ansible_navigator.main' After rollback: pull_policy = 'Not set' (Constants/Not set)
2026-10-07T11:18:23.444108+00:00 DEBUG 'ansible_navigator.main' After rollback: set_environment_variable = 'Not set' (Constants/Not set)
2026-10-07T11:18:23.444124+00:00 DEBUG 'ansible_navigator.main' After rollback: settings_effective = 'Not set' (Constants/Not set)
2026-10-07T11:18:23.444140+00:00 DEBUG 'ansible_navigator.main' After rollback: settings_sample = 'Not set' (Constants/Not set)
2026-10-07T11:18:23.444170+00:00 DEBUG 'ansible_navigator.main' After rollback: settings_schema = 'Not set' (Constants/Not set)
2026-10-07T11:18:23.444190+00:00 DEBUG 'ansible_navigator.main' After rollback: settings_sources = 'Not set' (Constants/Not set)
2026-10-07T11:18:23.444207+00:00 DEBUG 'ansible_navigator.main' After rollback: time_zone = 'Not set' (Constants/Not set)
2026-10-07T11:18:23.444224+00:00 DEBUG 'ansible_navigator.main' After rollback: workdir = 'Not set' (Constants/Not set)
2026-10-07T11:18:23.444241+00:00 DEBUG 'ansible_navigator.main' Configuration rollback complete.
2026-10-07T11:18:23.444258+00:00 DEBUG 'ansible_navigator.main' Collection doc cache not mounted
2026-10-07T11:18:23.444292+00:00 WARNING 'ansible_navigator.main' Issues were found while applying the settings.
2026-10-07T11:18:23.444313+00:00 INFO 'ansible_navigator.main' Command provided: 'doc --type filters'
2026-10-07T11:18:23.444337+00:00 ERROR 'ansible_navigator.main' A plugin name or other parameter is required when using the doc subcommand
2026-10-07T11:18:23.444357+00:00 INFO 'ansible_navigator.main' Try again with 'doc <plugin_name>'
2026-10-07T11:18:23.444376+00:00 ERROR 'ansible_navigator.main' The setting 'plugin-type' must be one of 'become', 'cache', 'callback', 'cliconf', 'connection', 'filter', 'httpapi', 'inventory', 'keyword', 'lookup', 'module', 'netconf', 'role', 'shell', 'strategy', 'test' or 'vars', but set as 'filters'. (Command line)
2026-10-07T11:18:23.444397+00:00 INFO 'ansible_navigator.main' Try again with '-t become', '-t cache', '-t callback', '-t cliconf', '-t connection', '-t filter', '-t httpapi', '-t inventory', '-t keyword', '-t lookup', '-t module', '-t netconf', '-t role', '-t shell', '-t strategy', '-t test' or '-t vars'
2026-10-07T11:18:23.444420+00:00 INFO 'ansible_navigator.main' Configuration failed, using default log file location. (/home/student/cmc/ansible-navigator.log) Log level set to debug
2026-10-07T11:18:23.444442+00:00 INFO 'ansible_navigator.main' Review the hints and log file to see what went wrong.
2026-10-07T11:18:25.440331+00:00 INFO 'ansible_navigator.setup_logger' New ansible-navigator instance, logging initialized
2026-10-07T11:18:25.440650+00:00 INFO 'ansible_navigator.setup_logger' New ansible-runner instance, logging initialized
2026-10-07T11:18:25.440699+00:00 DEBUG 'ansible_navigator.main' MarkupSafe==2.1.5 
2026-10-07T11:18:25.440730+00:00 DEBUG 'ansible_navigator.main' Parsley==1.3 
2026-10-07T11:18:25.440759+00:00 DEBUG 'ansible_navigator.main' PyYAML==6.0 
2026-10-07T11:18:25.440784+00:00 DEBUG 'ansible_navigator.main' ansible-builder==3.1.1 
2026-10-07T11:18:25.440808+00:00 DEBUG 'ansible_navigator.main' ansible-compat==25.12.0 
2026-10-07T11:18:25.440839+00:00 DEBUG 'ansible_navigator.main' ansible-core==2.16.15 
2026-10-07T11:18:25.440877+00:00 DEBUG 'ansible_navigator.main' ansible-creator==25.12.0 
2026-10-07T11:18:25.440906+00:00 DEBUG 'ansible_navigator.main' ansible-dev-environment==25.12.2 
2026-10-07T11:18:25.440928+00:00 DEBUG 'ansible_navigator.main' ansible-dev-tools==26.1.0 
2026-10-07T11:18:25.440948+00:00 DEBUG 'ansible_navigator.main' ansible-lint==26.1.0 
2026-10-07T11:18:25.440967+00:00 DEBUG 'ansible_navigator.main' ansible-navigator==26.1.1 
2026-10-07T11:18:25.440985+00:00 DEBUG 'ansible_navigator.main' ansible-runner==2.4.2 
2026-10-07T11:18:25.441004+00:00 DEBUG 'ansible_navigator.main' ansible-sign==0.1.4 
2026-10-07T11:18:25.441022+00:00 DEBUG 'ansible_navigator.main' attrs==22.2.0 /usr/lib/python3.11/site-packages/attrs/__init__.py
2026-10-07T11:18:25.441052+00:00 DEBUG 'ansible_navigator.main' bindep==2.13.0 /usr/lib/python3.11/site-packages/bindep/__init__.py
2026-10-07T11:18:25.441086+00:00 DEBUG 'ansible_navigator.main' cachetools==5.3.2 /usr/lib/python3.11/site-packages/cachetools/__init__.py
2026-10-07T11:18:25.441105+00:00 DEBUG 'ansible_navigator.main' cffi==1.15.1 /usr/lib64/python3.11/site-packages/cffi/__init__.py
2026-10-07T11:18:25.441123+00:00 DEBUG 'ansible_navigator.main' chardet==5.2.0 /usr/lib/python3.11/site-packages/chardet/__init__.py
2026-10-07T11:18:25.441141+00:00 DEBUG 'ansible_navigator.main' click-help-colors==0.9.4 
2026-10-07T11:18:25.441159+00:00 DEBUG 'ansible_navigator.main' click==8.1.7 /usr/lib/python3.11/site-packages/click/__init__.py
2026-10-07T11:18:25.441177+00:00 DEBUG 'ansible_navigator.main' commonmark==0.9.1 /usr/lib/python3.11/site-packages/commonmark/__init__.py
2026-10-07T11:18:25.441194+00:00 DEBUG 'ansible_navigator.main' cryptography==42.0.5 /usr/lib64/python3.11/site-packages/cryptography/__init__.py
2026-10-07T11:18:25.441211+00:00 DEBUG 'ansible_navigator.main' distlib==0.4.0 /usr/lib/python3.11/site-packages/distlib/__init__.py
2026-10-07T11:18:25.441228+00:00 DEBUG 'ansible_navigator.main' distro==1.9.0 /usr/lib/python3.11/site-packages/distro/__init__.py
2026-10-07T11:18:25.441246+00:00 DEBUG 'ansible_navigator.main' docutils==0.20.1 /usr/lib/python3.11/site-packages/docutils/__init__.py
2026-10-07T11:18:25.441262+00:00 DEBUG 'ansible_navigator.main' enrich==1.2.7 /usr/lib/python3.11/site-packages/enrich/__init__.py
2026-10-07T11:18:25.441279+00:00 DEBUG 'ansible_navigator.main' lockfile==0.12.2 /usr/lib/python3.11/site-packages/lockfile/__init__.py
2026-10-07T11:18:25.441297+00:00 DEBUG 'ansible_navigator.main' molecule==25.12.0 /usr/lib/python3.11/site-packages/molecule/__init__.py
2026-10-07T11:18:25.441314+00:00 DEBUG 'ansible_navigator.main' mypy-extensions==1.0.0 
2026-10-07T11:18:25.441331+00:00 DEBUG 'ansible_navigator.main' onigurumacffi==1.3.0 /usr/lib64/python3.11/site-packages/onigurumacffi.py
2026-10-07T11:18:25.441348+00:00 DEBUG 'ansible_navigator.main' pbr==6.0.0 /usr/lib/python3.11/site-packages/pbr/__init__.py
2026-10-07T11:18:25.441366+00:00 DEBUG 'ansible_navigator.main' pexpect==4.9.0 /usr/lib/python3.11/site-packages/pexpect/__init__.py
2026-10-07T11:18:25.441391+00:00 DEBUG 'ansible_navigator.main' pluggy==1.6.0 /usr/lib/python3.11/site-packages/pluggy/__init__.py
2026-10-07T11:18:25.441408+00:00 DEBUG 'ansible_navigator.main' ply==3.11 /usr/lib/python3.11/site-packages/ply/__init__.py
2026-10-07T11:18:25.441425+00:00 DEBUG 'ansible_navigator.main' pycparser==2.20 /usr/lib/python3.11/site-packages/pycparser/__init__.py
2026-10-07T11:18:25.441442+00:00 DEBUG 'ansible_navigator.main' pytest-ansible==25.12.0 
2026-10-07T11:18:25.441459+00:00 DEBUG 'ansible_navigator.main' pytest-plus==0.8.1 
2026-10-07T11:18:25.441476+00:00 DEBUG 'ansible_navigator.main' pytest-sugar==1.1.1 
2026-10-07T11:18:25.441493+00:00 DEBUG 'ansible_navigator.main' pytest-xdist==3.8.0 
2026-10-07T11:18:25.441510+00:00 DEBUG 'ansible_navigator.main' pytest==9.0.1 /usr/lib/python3.11/site-packages/pytest/__init__.py
2026-10-07T11:18:25.441528+00:00 DEBUG 'ansible_navigator.main' python-daemon==3.1.2 
2026-10-07T11:18:25.441545+00:00 DEBUG 'ansible_navigator.main' python-gnupg==0.5.2 
2026-10-07T11:18:25.441562+00:00 DEBUG 'ansible_navigator.main' resolvelib==1.0.1 /usr/lib/python3.11/site-packages/resolvelib/__init__.py
2026-10-07T11:18:25.441579+00:00 DEBUG 'ansible_navigator.main' ruamel.yaml.clib==0.2.15 
2026-10-07T11:18:25.441596+00:00 DEBUG 'ansible_navigator.main' ruamel.yaml==0.18.15 /usr/lib/python3.11/site-packages/ruamel/yaml/__init__.py
2026-10-07T11:18:25.441613+00:00 DEBUG 'ansible_navigator.main' setuptools==65.5.1 /usr/lib/python3.11/site-packages/setuptools/__init__.py
2026-10-07T11:18:25.441630+00:00 DEBUG 'ansible_navigator.main' subprocess-tee==0.4.2 
2026-10-07T11:18:25.441647+00:00 DEBUG 'ansible_navigator.main' tox-ansible==25.12.0 
2026-10-07T11:18:25.441664+00:00 DEBUG 'ansible_navigator.main' yamllint==1.35.1 /usr/lib/python3.11/site-packages/yamllint/__init__.py
2026-10-07T11:18:25.441681+00:00 DEBUG 'ansible_navigator.main' Default collection_doc_cache_path set to: /home/student/.cache/ansible-navigator/collection_doc_cache.db
2026-10-07T11:18:25.441699+00:00 DEBUG 'ansible_navigator.main' EDITOR environment variable not set
2026-10-07T11:18:25.441716+00:00 DEBUG 'ansible_navigator.main' Default editor_command set to: vi +{line_number} {filename}
2026-10-07T11:18:25.441733+00:00 DEBUG 'ansible_navigator.main' No config file set by ANSIBLE_NAVIGATOR_CONFIG
2026-10-07T11:18:25.441750+00:00 DEBUG 'ansible_navigator.main' Looking in /home/student/.ansible-navigator
2026-10-07T11:18:25.441767+00:00 DEBUG 'ansible_navigator.main' Looking for '/home/student/.ansible-navigator.yml', '/home/student/.ansible-navigator.yaml' and '/home/student/.ansible-navigator.json'
2026-10-07T11:18:25.441785+00:00 DEBUG 'ansible_navigator.main' Found 0: 
2026-10-07T11:18:25.441802+00:00 DEBUG 'ansible_navigator.main' Looking in /home/student/cmc/ansible-navigator
2026-10-07T11:18:25.441819+00:00 DEBUG 'ansible_navigator.main' Looking for '/home/student/cmc/ansible-navigator.yml', '/home/student/cmc/ansible-navigator.yaml' and '/home/student/cmc/ansible-navigator.json'
2026-10-07T11:18:25.441837+00:00 DEBUG 'ansible_navigator.main' Found 1: '/home/student/cmc/ansible-navigator.yml'
2026-10-07T11:18:25.441854+00:00 DEBUG 'ansible_navigator.main' All found 1: '/home/student/cmc/ansible-navigator.yml'
2026-10-07T11:18:25.441871+00:00 DEBUG 'ansible_navigator.main' Using: /home/student/cmc/ansible-navigator.yml
2026-10-07T11:18:25.441887+00:00 DEBUG 'ansible_navigator.main' Using settings file at /home/student/cmc/ansible-navigator.yml in search path
2026-10-07T11:18:25.441905+00:00 DEBUG 'ansible_navigator.main' Command provided: 'doc --type filter'
2026-10-07T11:18:25.441923+00:00 DEBUG 'ansible_navigator.main' ansible-navigator.ansible-runner.artifact-dir not found in settings file
2026-10-07T11:18:25.441940+00:00 DEBUG 'ansible_navigator.main' ansible-navigator.ansible-runner.rotate-artifacts-count not found in settings file
2026-10-07T11:18:25.441957+00:00 DEBUG 'ansible_navigator.main' ansible-navigator.ansible-runner.timeout not found in settings file
2026-10-07T11:18:25.441976+00:00 DEBUG 'ansible_navigator.main' ansible-navigator.ansible-runner.job-events not found in settings file
2026-10-07T11:18:25.441993+00:00 DEBUG 'ansible_navigator.main' ansible-navigator.app not found in settings file
2026-10-07T11:18:25.442010+00:00 DEBUG 'ansible_navigator.main' ansible-navigator.ansible.cmdline not found in settings file
2026-10-07T11:18:25.442027+00:00 DEBUG 'ansible_navigator.main' ansible-navigator.collection-doc-cache-path not found in settings file
2026-10-07T11:18:25.442052+00:00 DEBUG 'ansible_navigator.main' ansible-navigator.ansible.config.path not found in settings file
2026-10-07T11:18:25.442080+00:00 DEBUG 'ansible_navigator.main' ansible-navigator.execution-environment.container-options not found in settings file
2026-10-07T11:18:25.442097+00:00 DEBUG 'ansible_navigator.main' ansible-navigator.color.enable not found in settings file
2026-10-07T11:18:25.442115+00:00 DEBUG 'ansible_navigator.main' ansible-navigator.enable-prompts not found in settings file
2026-10-07T11:18:25.442132+00:00 DEBUG 'ansible_navigator.main' ansible-navigator.exec.command not found in settings file
2026-10-07T11:18:25.442148+00:00 DEBUG 'ansible_navigator.main' ansible-navigator.exec.shell not found in settings file
2026-10-07T11:18:25.442165+00:00 DEBUG 'ansible_navigator.main' ansible-navigator.execution-environment.volume-mounts not found in settings file
2026-10-07T11:18:25.442182+00:00 DEBUG 'ansible_navigator.main' ansible-navigator.ansible-builder.help not found in settings file
2026-10-07T11:18:25.442199+00:00 DEBUG 'ansible_navigator.main' ansible-navigator.ansible.doc.help not found in settings file
2026-10-07T11:18:25.442215+00:00 DEBUG 'ansible_navigator.main' ansible-navigator.images.details not found in settings file
2026-10-07T11:18:25.442232+00:00 DEBUG 'ansible_navigator.main' ansible-navigator.inventory-columns not found in settings file
2026-10-07T11:18:25.442248+00:00 DEBUG 'ansible_navigator.main' ansible-navigator.ansible-lint.config not found in settings file
2026-10-07T11:18:25.442265+00:00 DEBUG 'ansible_navigator.main' ansible-navigator.ansible-lint.lintables not found in settings file
2026-10-07T11:18:25.442281+00:00 DEBUG 'ansible_navigator.main' ansible-navigator.color.osc4 not found in settings file
2026-10-07T11:18:25.442298+00:00 DEBUG 'ansible_navigator.main' ansible-navigator.execution-environment.environment-variables.pass not found in settings file
2026-10-07T11:18:25.442314+00:00 DEBUG 'ansible_navigator.main' ansible-navigator.ansible.playbook.path not found in settings file
2026-10-07T11:18:25.442331+00:00 DEBUG 'ansible_navigator.main' ansible-navigator.playbook-artifact.replay not found in settings file
2026-10-07T11:18:25.442347+00:00 DEBUG 'ansible_navigator.main' ansible-navigator.ansible.doc.plugin.name not found in settings file
2026-10-07T11:18:25.442364+00:00 DEBUG 'ansible_navigator.main' ansible-navigator.ansible.doc.plugin.type not found in settings file
2026-10-07T11:18:25.442380+00:00 DEBUG 'ansible_navigator.main' ansible-navigator.execution-environment.pull.arguments not found in settings file
2026-10-07T11:18:25.442397+00:00 DEBUG 'ansible_navigator.main' ansible-navigator.execution-environment.environment-variables.set not found in settings file
2026-10-07T11:18:25.442414+00:00 DEBUG 'ansible_navigator.main' ansible-navigator.settings.effective not found in settings file
2026-10-07T11:18:25.442430+00:00 DEBUG 'ansible_navigator.main' ansible-navigator.settings.sample not found in settings file
2026-10-07T11:18:25.442446+00:00 DEBUG 'ansible_navigator.main' ansible-navigator.settings.schema not found in settings file
2026-10-07T11:18:25.442463+00:00 DEBUG 'ansible_navigator.main' ansible-navigator.settings.sources not found in settings file
2026-10-07T11:18:25.442479+00:00 DEBUG 'ansible_navigator.main' ansible-navigator.time-zone not found in settings file
2026-10-07T11:18:25.442496+00:00 DEBUG 'ansible_navigator.main' ansible-navigator.ansible-builder.workdir not found in settings file
2026-10-07T11:18:25.442513+00:00 DEBUG 'ansible_navigator.main' EE support enabled: using current working directory for 'ansible.cfg'
2026-10-07T11:18:25.442532+00:00 INFO 'ansible_navigator.main' EE support enabled: found 'ansible.cfg' in current working directory.
2026-10-07T11:18:25.442549+00:00 DEBUG 'ansible_navigator.main' Completed post processing for ansible_runner_artifact_dir. (changed=False)
2026-10-07T11:18:25.442566+00:00 DEBUG 'ansible_navigator.main' Completed post processing for ansible_runner_rotate_artifacts_count. (changed=False)
2026-10-07T11:18:25.442583+00:00 DEBUG 'ansible_navigator.main' Completed post processing for ansible_runner_timeout. (changed=False)
2026-10-07T11:18:25.442599+00:00 DEBUG 'ansible_navigator.main' Completed post processing for cmdline. (changed=False)
2026-10-07T11:18:25.442616+00:00 DEBUG 'ansible_navigator.main' Completed post processing for collection_doc_cache_path. (changed=False)
2026-10-07T11:18:25.442632+00:00 DEBUG 'ansible_navigator.main' Completed post processing for config. (changed=False)
2026-10-07T11:18:25.442649+00:00 DEBUG 'ansible_navigator.main' Completed post processing for config. (changed=False)
2026-10-07T11:18:25.442666+00:00 DEBUG 'ansible_navigator.main' Completed post processing for container_engine. (changed=False)
2026-10-07T11:18:25.442682+00:00 DEBUG 'ansible_navigator.main' Completed post processing for container_options. (changed=False)
2026-10-07T11:18:25.442698+00:00 DEBUG 'ansible_navigator.main' Completed post processing for display_color. (changed=False)
2026-10-07T11:18:25.442715+00:00 DEBUG 'ansible_navigator.main' Completed post processing for enable_prompts. (changed=False)
2026-10-07T11:18:25.442731+00:00 DEBUG 'ansible_navigator.main' Completed post processing for execution_environment. (changed=False)
2026-10-07T11:18:25.442748+00:00 DEBUG 'ansible_navigator.main' Completed post processing for execution_environment_image. (changed=True)
2026-10-07T11:18:25.442765+00:00 DEBUG 'ansible_navigator.main'  before: 'aap.lab.example.com/ee-au457-rhel9'
2026-10-07T11:18:25.442781+00:00 DEBUG 'ansible_navigator.main'  after: 'aap.lab.example.com/ee-au457-rhel9:latest'
2026-10-07T11:18:25.442798+00:00 DEBUG 'ansible_navigator.main' Completed post processing for help_builder. (changed=False)
2026-10-07T11:18:25.442814+00:00 DEBUG 'ansible_navigator.main' Completed post processing for help_config. (changed=False)
2026-10-07T11:18:25.442831+00:00 DEBUG 'ansible_navigator.main' Completed post processing for help_doc. (changed=False)
2026-10-07T11:18:25.442847+00:00 DEBUG 'ansible_navigator.main' Completed post processing for help_inventory. (changed=False)
2026-10-07T11:18:25.442863+00:00 DEBUG 'ansible_navigator.main' Completed post processing for help_playbook. (changed=False)
2026-10-07T11:18:25.442880+00:00 DEBUG 'ansible_navigator.main' Completed post processing for images_details. (changed=False)
2026-10-07T11:18:25.442897+00:00 DEBUG 'ansible_navigator.main' Completed post processing for inventory. (changed=True)
2026-10-07T11:18:25.442913+00:00 DEBUG 'ansible_navigator.main'  before: '['./dutch_hosts']'
2026-10-07T11:18:25.442930+00:00 DEBUG 'ansible_navigator.main'  after: '['/home/student/cmc/dutch_hosts']'
2026-10-07T11:18:25.442946+00:00 DEBUG 'ansible_navigator.main' Completed post processing for inventory_column. (changed=False)
2026-10-07T11:18:25.442963+00:00 DEBUG 'ansible_navigator.main' Completed post processing for log_file. (changed=False)
2026-10-07T11:18:25.442980+00:00 DEBUG 'ansible_navigator.main' Completed post processing for pass_environment_variable. (changed=False)
2026-10-07T11:18:25.442997+00:00 DEBUG 'ansible_navigator.main' Completed post processing for playbook. (changed=False)
2026-10-07T11:18:25.443014+00:00 DEBUG 'ansible_navigator.main' Completed post processing for playbook_artifact_replay. (changed=False)
2026-10-07T11:18:25.443031+00:00 DEBUG 'ansible_navigator.main' Completed post processing for playbook_artifact_save_as. (changed=False)
2026-10-07T11:18:25.443080+00:00 DEBUG 'ansible_navigator.main' Completed post processing for plugin_name. (changed=False)
2026-10-07T11:18:25.443101+00:00 DEBUG 'ansible_navigator.main' Completed post processing for pull_arguments. (changed=False)
2026-10-07T11:18:25.443118+00:00 DEBUG 'ansible_navigator.main' Completed post processing for set_environment_variable. (changed=False)
2026-10-07T11:18:25.443135+00:00 DEBUG 'ansible_navigator.main' Completed post processing for settings_effective. (changed=False)
2026-10-07T11:18:25.443151+00:00 DEBUG 'ansible_navigator.main' Completed post processing for settings_sample. (changed=False)
2026-10-07T11:18:25.443167+00:00 DEBUG 'ansible_navigator.main' Completed post processing for settings_schema. (changed=False)
2026-10-07T11:18:25.443183+00:00 DEBUG 'ansible_navigator.main' Completed post processing for settings_sources. (changed=False)
2026-10-07T11:18:25.443199+00:00 DEBUG 'ansible_navigator.main' Completed post processing for time_zone. (changed=False)
2026-10-07T11:18:25.443216+00:00 DEBUG 'ansible_navigator.main' Completed post processing for execution_environment_volume_mounts. (changed=False)
2026-10-07T11:18:25.443232+00:00 DEBUG 'ansible_navigator.main' Completed post processing for mode. (changed=False)
2026-10-07T11:18:25.443249+00:00 DEBUG 'ansible_navigator.main' Completed post processing for playbook_artifact_enable. (changed=False)
2026-10-07T11:18:25.443270+00:00 WARNING 'ansible_navigator.main' Configuration errors encountered, rolling back to previous configuration.
2026-10-07T11:18:25.443287+00:00 DEBUG 'ansible_navigator.main' Prior to rollback: ansible_runner_artifact_dir = 'Not set' (Constants/Not set)
2026-10-07T11:18:25.443303+00:00 DEBUG 'ansible_navigator.main' Prior to rollback: ansible_runner_rotate_artifacts_count = 'Not set' (Constants/Not set)
2026-10-07T11:18:25.443320+00:00 DEBUG 'ansible_navigator.main' Prior to rollback: ansible_runner_timeout = 'Not set' (Constants/Not set)
2026-10-07T11:18:25.443336+00:00 DEBUG 'ansible_navigator.main' Prior to rollback: ansible_runner_write_job_events = 'False' (bool/Defaults)
2026-10-07T11:18:25.443352+00:00 DEBUG 'ansible_navigator.main' Prior to rollback: app = 'doc' (str/Command line)
2026-10-07T11:18:25.443369+00:00 DEBUG 'ansible_navigator.main' Prior to rollback: cmdline = 'Not set' (Constants/Not set)
2026-10-07T11:18:25.443386+00:00 DEBUG 'ansible_navigator.main' Prior to rollback: collection_doc_cache_path = '/home/student/.cache/ansible-navigator/collection_doc_cache.db' (str/Defaults)
2026-10-07T11:18:25.443402+00:00 DEBUG 'ansible_navigator.main' Prior to rollback: config = 'Not set' (Constants/Not set)
2026-10-07T11:18:25.443419+00:00 DEBUG 'ansible_navigator.main' Prior to rollback: container_engine = 'podman' (str/Settings file)
2026-10-07T11:18:25.443435+00:00 DEBUG 'ansible_navigator.main' Prior to rollback: container_options = 'Not set' (Constants/Not set)
2026-10-07T11:18:25.443451+00:00 DEBUG 'ansible_navigator.main' Prior to rollback: display_color = 'True' (bool/Defaults)
2026-10-07T11:18:25.443468+00:00 DEBUG 'ansible_navigator.main' Prior to rollback: editor_command = 'vi +{line_number} {filename}' (str/Settings file)
2026-10-07T11:18:25.443484+00:00 DEBUG 'ansible_navigator.main' Prior to rollback: editor_console = 'True' (bool/Settings file)
2026-10-07T11:18:25.443500+00:00 DEBUG 'ansible_navigator.main' Prior to rollback: enable_prompts = 'False' (bool/Defaults)
2026-10-07T11:18:25.443517+00:00 DEBUG 'ansible_navigator.main' Prior to rollback: exec_command = '/bin/bash' (str/Defaults)
2026-10-07T11:18:25.443533+00:00 DEBUG 'ansible_navigator.main' Prior to rollback: exec_shell = 'True' (bool/Defaults)
2026-10-07T11:18:25.443550+00:00 DEBUG 'ansible_navigator.main' Prior to rollback: execution_environment = 'True' (bool/Settings file)
2026-10-07T11:18:25.443566+00:00 DEBUG 'ansible_navigator.main' Prior to rollback: execution_environment_image = 'aap.lab.example.com/ee-au457-rhel9:latest' (str/Settings file)
2026-10-07T11:18:25.443583+00:00 DEBUG 'ansible_navigator.main' Prior to rollback: execution_environment_volume_mounts = 'Not set' (Constants/Not set)
2026-10-07T11:18:25.443601+00:00 DEBUG 'ansible_navigator.main' Prior to rollback: format = 'yaml' (str/Settings file)
2026-10-07T11:18:25.443618+00:00 DEBUG 'ansible_navigator.main' Prior to rollback: help_builder = 'False' (bool/Defaults)
2026-10-07T11:18:25.443635+00:00 DEBUG 'ansible_navigator.main' Prior to rollback: help_config = 'False' (bool/Settings file)
2026-10-07T11:18:25.443651+00:00 DEBUG 'ansible_navigator.main' Prior to rollback: help_doc = 'False' (bool/Defaults)
2026-10-07T11:18:25.443668+00:00 DEBUG 'ansible_navigator.main' Prior to rollback: help_inventory = 'False' (bool/Settings file)
2026-10-07T11:18:25.443684+00:00 DEBUG 'ansible_navigator.main' Prior to rollback: help_playbook = 'False' (bool/Settings file)
2026-10-07T11:18:25.443701+00:00 DEBUG 'ansible_navigator.main' Prior to rollback: images_details = '['everything']' (list/Defaults)
2026-10-07T11:18:25.443717+00:00 DEBUG 'ansible_navigator.main' Prior to rollback: inventory = '['/home/student/cmc/dutch_hosts']' (list/Settings file)
2026-10-07T11:18:25.443734+00:00 DEBUG 'ansible_navigator.main' Prior to rollback: inventory_column = 'Not set' (Constants/Not set)
2026-10-07T11:18:25.443751+00:00 DEBUG 'ansible_navigator.main' Prior to rollback: lint_config = 'Not set' (Constants/Not set)
2026-10-07T11:18:25.443767+00:00 DEBUG 'ansible_navigator.main' Prior to rollback: lintables = 'Not set' (Constants/Not set)
2026-10-07T11:18:25.443784+00:00 DEBUG 'ansible_navigator.main' Prior to rollback: log_append = 'True' (bool/Settings file)
2026-10-07T11:18:25.443800+00:00 DEBUG 'ansible_navigator.main' Prior to rollback: log_file = '/home/student/cmc/ansible-navigator.log' (str/Settings file)
2026-10-07T11:18:25.443817+00:00 DEBUG 'ansible_navigator.main' Prior to rollback: log_level = 'warning' (str/Settings file)
2026-10-07T11:18:25.443833+00:00 DEBUG 'ansible_navigator.main' Prior to rollback: mode = 'stdout' (str/Settings file)
2026-10-07T11:18:25.443850+00:00 DEBUG 'ansible_navigator.main' Prior to rollback: osc4 = 'True' (bool/Defaults)
2026-10-07T11:18:25.443866+00:00 DEBUG 'ansible_navigator.main' Prior to rollback: pass_environment_variable = 'Not set' (Constants/Not set)
2026-10-07T11:18:25.443882+00:00 DEBUG 'ansible_navigator.main' Prior to rollback: playbook = 'Not set' (Constants/Not set)
2026-10-07T11:18:25.443899+00:00 DEBUG 'ansible_navigator.main' Prior to rollback: playbook_artifact_enable = 'False' (bool/Settings file)
2026-10-07T11:18:25.443915+00:00 DEBUG 'ansible_navigator.main' Prior to rollback: playbook_artifact_replay = 'Not set' (Constants/Not set)
2026-10-07T11:18:25.443931+00:00 DEBUG 'ansible_navigator.main' Prior to rollback: playbook_artifact_save_as = '{playbook_dir}/{playbook_name}-artifact-{time_stamp}.json' (str/Settings file)
2026-10-07T11:18:25.443948+00:00 DEBUG 'ansible_navigator.main' Prior to rollback: plugin_name = 'Not set' (Constants/Not set)
2026-10-07T11:18:25.443965+00:00 DEBUG 'ansible_navigator.main' Prior to rollback: plugin_type = 'filter' (str/Command line)
2026-10-07T11:18:25.443981+00:00 DEBUG 'ansible_navigator.main' Prior to rollback: pull_arguments = 'Not set' (Constants/Not set)
2026-10-07T11:18:25.443998+00:00 DEBUG 'ansible_navigator.main' Prior to rollback: pull_policy = 'missing' (str/Settings file)
2026-10-07T11:18:25.444021+00:00 DEBUG 'ansible_navigator.main' Prior to rollback: set_environment_variable = 'Not set' (Constants/Not set)
2026-10-07T11:18:25.444097+00:00 DEBUG 'ansible_navigator.main' Prior to rollback: settings_effective = 'False' (bool/Defaults)
2026-10-07T11:18:25.444137+00:00 DEBUG 'ansible_navigator.main' Prior to rollback: settings_sample = 'False' (bool/Defaults)
2026-10-07T11:18:25.444173+00:00 DEBUG 'ansible_navigator.main' Prior to rollback: settings_schema = 'json' (str/Defaults)
2026-10-07T11:18:25.444195+00:00 DEBUG 'ansible_navigator.main' Prior to rollback: settings_sources = 'False' (bool/Defaults)
2026-10-07T11:18:25.444213+00:00 DEBUG 'ansible_navigator.main' Prior to rollback: time_zone = 'UTC' (str/Defaults)
2026-10-07T11:18:25.444232+00:00 DEBUG 'ansible_navigator.main' Prior to rollback: workdir = '/home/student/cmc' (str/Defaults)
2026-10-07T11:18:25.444257+00:00 DEBUG 'ansible_navigator.main' After rollback: ansible_runner_artifact_dir = 'Not set' (Constants/Not set)
2026-10-07T11:18:25.444275+00:00 DEBUG 'ansible_navigator.main' After rollback: ansible_runner_rotate_artifacts_count = 'Not set' (Constants/Not set)
2026-10-07T11:18:25.444293+00:00 DEBUG 'ansible_navigator.main' After rollback: ansible_runner_timeout = 'Not set' (Constants/Not set)
2026-10-07T11:18:25.444311+00:00 DEBUG 'ansible_navigator.main' After rollback: ansible_runner_write_job_events = 'Not set' (Constants/Not set)
2026-10-07T11:18:25.444328+00:00 DEBUG 'ansible_navigator.main' After rollback: app = 'Not set' (Constants/Not set)
2026-10-07T11:18:25.444345+00:00 DEBUG 'ansible_navigator.main' After rollback: cmdline = 'Not set' (Constants/Not set)
2026-10-07T11:18:25.444362+00:00 DEBUG 'ansible_navigator.main' After rollback: collection_doc_cache_path = 'Not set' (Constants/Not set)
2026-10-07T11:18:25.444379+00:00 DEBUG 'ansible_navigator.main' After rollback: config = 'Not set' (Constants/Not set)
2026-10-07T11:18:25.444396+00:00 DEBUG 'ansible_navigator.main' After rollback: container_engine = 'Not set' (Constants/Not set)
2026-10-07T11:18:25.444413+00:00 DEBUG 'ansible_navigator.main' After rollback: container_options = 'Not set' (Constants/Not set)
2026-10-07T11:18:25.444430+00:00 DEBUG 'ansible_navigator.main' After rollback: display_color = 'Not set' (Constants/Not set)
2026-10-07T11:18:25.444447+00:00 DEBUG 'ansible_navigator.main' After rollback: editor_command = 'Not set' (Constants/Not set)
2026-10-07T11:18:25.444464+00:00 DEBUG 'ansible_navigator.main' After rollback: editor_console = 'Not set' (Constants/Not set)
2026-10-07T11:18:25.444481+00:00 DEBUG 'ansible_navigator.main' After rollback: enable_prompts = 'Not set' (Constants/Not set)
2026-10-07T11:18:25.444498+00:00 DEBUG 'ansible_navigator.main' After rollback: exec_command = 'Not set' (Constants/Not set)
2026-10-07T11:18:25.444515+00:00 DEBUG 'ansible_navigator.main' After rollback: exec_shell = 'Not set' (Constants/Not set)
2026-10-07T11:18:25.444532+00:00 DEBUG 'ansible_navigator.main' After rollback: execution_environment = 'Not set' (Constants/Not set)
2026-10-07T11:18:25.444549+00:00 DEBUG 'ansible_navigator.main' After rollback: execution_environment_image = 'Not set' (Constants/Not set)
2026-10-07T11:18:25.444566+00:00 DEBUG 'ansible_navigator.main' After rollback: execution_environment_volume_mounts = 'Not set' (Constants/Not set)
2026-10-07T11:18:25.444583+00:00 DEBUG 'ansible_navigator.main' After rollback: format = 'Not set' (Constants/Not set)
2026-10-07T11:18:25.444600+00:00 DEBUG 'ansible_navigator.main' After rollback: help_builder = 'Not set' (Constants/Not set)
2026-10-07T11:18:25.444617+00:00 DEBUG 'ansible_navigator.main' After rollback: help_config = 'Not set' (Constants/Not set)
2026-10-07T11:18:25.444633+00:00 DEBUG 'ansible_navigator.main' After rollback: help_doc = 'Not set' (Constants/Not set)
2026-10-07T11:18:25.444650+00:00 DEBUG 'ansible_navigator.main' After rollback: help_inventory = 'Not set' (Constants/Not set)
2026-10-07T11:18:25.444667+00:00 DEBUG 'ansible_navigator.main' After rollback: help_playbook = 'Not set' (Constants/Not set)
2026-10-07T11:18:25.444684+00:00 DEBUG 'ansible_navigator.main' After rollback: images_details = 'Not set' (Constants/Not set)
2026-10-07T11:18:25.444701+00:00 DEBUG 'ansible_navigator.main' After rollback: inventory = 'Not set' (Constants/Not set)
2026-10-07T11:18:25.444718+00:00 DEBUG 'ansible_navigator.main' After rollback: inventory_column = 'Not set' (Constants/Not set)
2026-10-07T11:18:25.444735+00:00 DEBUG 'ansible_navigator.main' After rollback: lint_config = 'Not set' (Constants/Not set)
2026-10-07T11:18:25.444751+00:00 DEBUG 'ansible_navigator.main' After rollback: lintables = 'Not set' (Constants/Not set)
2026-10-07T11:18:25.444768+00:00 DEBUG 'ansible_navigator.main' After rollback: log_append = 'Not set' (Constants/Not set)
2026-10-07T11:18:25.444785+00:00 DEBUG 'ansible_navigator.main' After rollback: log_file = 'Not set' (Constants/Not set)
2026-10-07T11:18:25.444815+00:00 DEBUG 'ansible_navigator.main' After rollback: log_level = 'Not set' (Constants/Not set)
2026-10-07T11:18:25.444833+00:00 DEBUG 'ansible_navigator.main' After rollback: mode = 'Not set' (Constants/Not set)
2026-10-07T11:18:25.444850+00:00 DEBUG 'ansible_navigator.main' After rollback: osc4 = 'Not set' (Constants/Not set)
2026-10-07T11:18:25.444889+00:00 DEBUG 'ansible_navigator.main' After rollback: pass_environment_variable = 'Not set' (Constants/Not set)
2026-10-07T11:18:25.444928+00:00 DEBUG 'ansible_navigator.main' After rollback: playbook = 'Not set' (Constants/Not set)
2026-10-07T11:18:25.444952+00:00 DEBUG 'ansible_navigator.main' After rollback: playbook_artifact_enable = 'Not set' (Constants/Not set)
2026-10-07T11:18:25.444971+00:00 DEBUG 'ansible_navigator.main' After rollback: playbook_artifact_replay = 'Not set' (Constants/Not set)
2026-10-07T11:18:25.444989+00:00 DEBUG 'ansible_navigator.main' After rollback: playbook_artifact_save_as = 'Not set' (Constants/Not set)
2026-10-07T11:18:25.445007+00:00 DEBUG 'ansible_navigator.main' After rollback: plugin_name = 'Not set' (Constants/Not set)
2026-10-07T11:18:25.445025+00:00 DEBUG 'ansible_navigator.main' After rollback: plugin_type = 'Not set' (Constants/Not set)
2026-10-07T11:18:25.445055+00:00 DEBUG 'ansible_navigator.main' After rollback: pull_arguments = 'Not set' (Constants/Not set)
2026-10-07T11:18:25.445096+00:00 DEBUG 'ansible_navigator.main' After rollback: pull_policy = 'Not set' (Constants/Not set)
2026-10-07T11:18:25.445123+00:00 DEBUG 'ansible_navigator.main' After rollback: set_environment_variable = 'Not set' (Constants/Not set)
2026-10-07T11:18:25.445141+00:00 DEBUG 'ansible_navigator.main' After rollback: settings_effective = 'Not set' (Constants/Not set)
2026-10-07T11:18:25.445159+00:00 DEBUG 'ansible_navigator.main' After rollback: settings_sample = 'Not set' (Constants/Not set)
2026-10-07T11:18:25.445176+00:00 DEBUG 'ansible_navigator.main' After rollback: settings_schema = 'Not set' (Constants/Not set)
2026-10-07T11:18:25.445194+00:00 DEBUG 'ansible_navigator.main' After rollback: settings_sources = 'Not set' (Constants/Not set)
2026-10-07T11:18:25.445239+00:00 DEBUG 'ansible_navigator.main' After rollback: time_zone = 'Not set' (Constants/Not set)
2026-10-07T11:18:25.445276+00:00 DEBUG 'ansible_navigator.main' After rollback: workdir = 'Not set' (Constants/Not set)
2026-10-07T11:18:25.445313+00:00 DEBUG 'ansible_navigator.main' Configuration rollback complete.
2026-10-07T11:18:25.445335+00:00 DEBUG 'ansible_navigator.main' Collection doc cache not mounted
2026-10-07T11:18:25.445373+00:00 WARNING 'ansible_navigator.main' Issues were found while applying the settings.
2026-10-07T11:18:25.445395+00:00 INFO 'ansible_navigator.main' Command provided: 'doc --type filter'
2026-10-07T11:18:25.445422+00:00 ERROR 'ansible_navigator.main' A plugin name or other parameter is required when using the doc subcommand
2026-10-07T11:18:25.445443+00:00 INFO 'ansible_navigator.main' Try again with 'doc <plugin_name>'
2026-10-07T11:18:25.445463+00:00 INFO 'ansible_navigator.main' Configuration failed, using default log file location. (/home/student/cmc/ansible-navigator.log) Log level set to debug
2026-10-07T11:18:25.445483+00:00 INFO 'ansible_navigator.main' Review the hints and log file to see what went wrong.
2026-10-07T13:37:57.418270+00:00 INFO 'ansible_navigator.setup_logger' New ansible-navigator instance, logging initialized
2026-10-07T13:37:57.418660+00:00 INFO 'ansible_navigator.setup_logger' New ansible-runner instance, logging initialized
2026-10-07T13:37:57.418723+00:00 DEBUG 'ansible_navigator.main' MarkupSafe==2.1.5 
2026-10-07T13:37:57.418756+00:00 DEBUG 'ansible_navigator.main' Parsley==1.3 
2026-10-07T13:37:57.418796+00:00 DEBUG 'ansible_navigator.main' PyYAML==6.0 
2026-10-07T13:37:57.418823+00:00 DEBUG 'ansible_navigator.main' ansible-builder==3.1.1 
2026-10-07T13:37:57.418848+00:00 DEBUG 'ansible_navigator.main' ansible-compat==25.12.0 
2026-10-07T13:37:57.418896+00:00 DEBUG 'ansible_navigator.main' ansible-core==2.16.15 
2026-10-07T13:37:57.418946+00:00 DEBUG 'ansible_navigator.main' ansible-creator==25.12.0 
2026-10-07T13:37:57.418975+00:00 DEBUG 'ansible_navigator.main' ansible-dev-environment==25.12.2 
2026-10-07T13:37:57.418997+00:00 DEBUG 'ansible_navigator.main' ansible-dev-tools==26.1.0 
2026-10-07T13:37:57.419016+00:00 DEBUG 'ansible_navigator.main' ansible-lint==26.1.0 
2026-10-07T13:37:57.419035+00:00 DEBUG 'ansible_navigator.main' ansible-navigator==26.1.1 
2026-10-07T13:37:57.419089+00:00 DEBUG 'ansible_navigator.main' ansible-runner==2.4.2 
2026-10-07T13:37:57.419108+00:00 DEBUG 'ansible_navigator.main' ansible-sign==0.1.4 
2026-10-07T13:37:57.419126+00:00 DEBUG 'ansible_navigator.main' attrs==22.2.0 /usr/lib/python3.11/site-packages/attrs/__init__.py
2026-10-07T13:37:57.419144+00:00 DEBUG 'ansible_navigator.main' bindep==2.13.0 /usr/lib/python3.11/site-packages/bindep/__init__.py
2026-10-07T13:37:57.419161+00:00 DEBUG 'ansible_navigator.main' cachetools==5.3.2 /usr/lib/python3.11/site-packages/cachetools/__init__.py
2026-10-07T13:37:57.419179+00:00 DEBUG 'ansible_navigator.main' cffi==1.15.1 /usr/lib64/python3.11/site-packages/cffi/__init__.py
2026-10-07T13:37:57.419198+00:00 DEBUG 'ansible_navigator.main' chardet==5.2.0 /usr/lib/python3.11/site-packages/chardet/__init__.py
2026-10-07T13:37:57.419215+00:00 DEBUG 'ansible_navigator.main' click-help-colors==0.9.4 
2026-10-07T13:37:57.419232+00:00 DEBUG 'ansible_navigator.main' click==8.1.7 /usr/lib/python3.11/site-packages/click/__init__.py
2026-10-07T13:37:57.419248+00:00 DEBUG 'ansible_navigator.main' commonmark==0.9.1 /usr/lib/python3.11/site-packages/commonmark/__init__.py
2026-10-07T13:37:57.419266+00:00 DEBUG 'ansible_navigator.main' cryptography==42.0.5 /usr/lib64/python3.11/site-packages/cryptography/__init__.py
2026-10-07T13:37:57.419282+00:00 DEBUG 'ansible_navigator.main' distlib==0.4.0 /usr/lib/python3.11/site-packages/distlib/__init__.py
2026-10-07T13:37:57.419299+00:00 DEBUG 'ansible_navigator.main' distro==1.9.0 /usr/lib/python3.11/site-packages/distro/__init__.py
2026-10-07T13:37:57.419315+00:00 DEBUG 'ansible_navigator.main' docutils==0.20.1 /usr/lib/python3.11/site-packages/docutils/__init__.py
2026-10-07T13:37:57.419331+00:00 DEBUG 'ansible_navigator.main' enrich==1.2.7 /usr/lib/python3.11/site-packages/enrich/__init__.py
2026-10-07T13:37:57.419348+00:00 DEBUG 'ansible_navigator.main' lockfile==0.12.2 /usr/lib/python3.11/site-packages/lockfile/__init__.py
2026-10-07T13:37:57.419364+00:00 DEBUG 'ansible_navigator.main' molecule==25.12.0 /usr/lib/python3.11/site-packages/molecule/__init__.py
2026-10-07T13:37:57.419380+00:00 DEBUG 'ansible_navigator.main' mypy-extensions==1.0.0 
2026-10-07T13:37:57.419396+00:00 DEBUG 'ansible_navigator.main' onigurumacffi==1.3.0 /usr/lib64/python3.11/site-packages/onigurumacffi.py
2026-10-07T13:37:57.419413+00:00 DEBUG 'ansible_navigator.main' pbr==6.0.0 /usr/lib/python3.11/site-packages/pbr/__init__.py
2026-10-07T13:37:57.419430+00:00 DEBUG 'ansible_navigator.main' pexpect==4.9.0 /usr/lib/python3.11/site-packages/pexpect/__init__.py
2026-10-07T13:37:57.419447+00:00 DEBUG 'ansible_navigator.main' pluggy==1.6.0 /usr/lib/python3.11/site-packages/pluggy/__init__.py
2026-10-07T13:37:57.419464+00:00 DEBUG 'ansible_navigator.main' ply==3.11 /usr/lib/python3.11/site-packages/ply/__init__.py
2026-10-07T13:37:57.419480+00:00 DEBUG 'ansible_navigator.main' pycparser==2.20 /usr/lib/python3.11/site-packages/pycparser/__init__.py
2026-10-07T13:37:57.419497+00:00 DEBUG 'ansible_navigator.main' pytest-ansible==25.12.0 
2026-10-07T13:37:57.419514+00:00 DEBUG 'ansible_navigator.main' pytest-plus==0.8.1 
2026-10-07T13:37:57.419530+00:00 DEBUG 'ansible_navigator.main' pytest-sugar==1.1.1 
2026-10-07T13:37:57.419547+00:00 DEBUG 'ansible_navigator.main' pytest-xdist==3.8.0 
2026-10-07T13:37:57.419564+00:00 DEBUG 'ansible_navigator.main' pytest==9.0.1 /usr/lib/python3.11/site-packages/pytest/__init__.py
2026-10-07T13:37:57.419580+00:00 DEBUG 'ansible_navigator.main' python-daemon==3.1.2 
2026-10-07T13:37:57.419617+00:00 DEBUG 'ansible_navigator.main' python-gnupg==0.5.2 
2026-10-07T13:37:57.419636+00:00 DEBUG 'ansible_navigator.main' resolvelib==1.0.1 /usr/lib/python3.11/site-packages/resolvelib/__init__.py
2026-10-07T13:37:57.419653+00:00 DEBUG 'ansible_navigator.main' ruamel.yaml.clib==0.2.15 
2026-10-07T13:37:57.419670+00:00 DEBUG 'ansible_navigator.main' ruamel.yaml==0.18.15 /usr/lib/python3.11/site-packages/ruamel/yaml/__init__.py
2026-10-07T13:37:57.419686+00:00 DEBUG 'ansible_navigator.main' setuptools==65.5.1 /usr/lib/python3.11/site-packages/setuptools/__init__.py
2026-10-07T13:37:57.419703+00:00 DEBUG 'ansible_navigator.main' subprocess-tee==0.4.2 
2026-10-07T13:37:57.419720+00:00 DEBUG 'ansible_navigator.main' tox-ansible==25.12.0 
2026-10-07T13:37:57.419737+00:00 DEBUG 'ansible_navigator.main' yamllint==1.35.1 /usr/lib/python3.11/site-packages/yamllint/__init__.py
2026-10-07T13:37:57.419754+00:00 DEBUG 'ansible_navigator.main' Default collection_doc_cache_path set to: /home/student/.cache/ansible-navigator/collection_doc_cache.db
2026-10-07T13:37:57.419771+00:00 DEBUG 'ansible_navigator.main' EDITOR environment variable not set
2026-10-07T13:37:57.419788+00:00 DEBUG 'ansible_navigator.main' Default editor_command set to: vi +{line_number} {filename}
2026-10-07T13:37:57.419805+00:00 DEBUG 'ansible_navigator.main' No config file set by ANSIBLE_NAVIGATOR_CONFIG
2026-10-07T13:37:57.419921+00:00 DEBUG 'ansible_navigator.main' Looking in /home/student/.ansible-navigator
2026-10-07T13:37:57.419976+00:00 DEBUG 'ansible_navigator.main' Looking for '/home/student/.ansible-navigator.yml', '/home/student/.ansible-navigator.yaml' and '/home/student/.ansible-navigator.json'
2026-10-07T13:37:57.420013+00:00 DEBUG 'ansible_navigator.main' Found 0: 
2026-10-07T13:37:57.420036+00:00 DEBUG 'ansible_navigator.main' Looking in /home/student/cmc/ansible-navigator
2026-10-07T13:37:57.420085+00:00 DEBUG 'ansible_navigator.main' Looking for '/home/student/cmc/ansible-navigator.yml', '/home/student/cmc/ansible-navigator.yaml' and '/home/student/cmc/ansible-navigator.json'
2026-10-07T13:37:57.420105+00:00 DEBUG 'ansible_navigator.main' Found 1: '/home/student/cmc/ansible-navigator.yml'
2026-10-07T13:37:57.420123+00:00 DEBUG 'ansible_navigator.main' All found 1: '/home/student/cmc/ansible-navigator.yml'
2026-10-07T13:37:57.420141+00:00 DEBUG 'ansible_navigator.main' Using: /home/student/cmc/ansible-navigator.yml
2026-10-07T13:37:57.420159+00:00 DEBUG 'ansible_navigator.main' Using settings file at /home/student/cmc/ansible-navigator.yml in search path
2026-10-07T13:37:57.420177+00:00 DEBUG 'ansible_navigator.main' Command provided: 'without_handlers.yml'
2026-10-07T13:37:57.420196+00:00 DEBUG 'ansible_navigator.main' ansible-navigator.ansible-runner.artifact-dir not found in settings file
2026-10-07T13:37:57.420214+00:00 DEBUG 'ansible_navigator.main' ansible-navigator.ansible-runner.rotate-artifacts-count not found in settings file
2026-10-07T13:37:57.420231+00:00 DEBUG 'ansible_navigator.main' ansible-navigator.ansible-runner.timeout not found in settings file
2026-10-07T13:37:57.420248+00:00 DEBUG 'ansible_navigator.main' ansible-navigator.ansible-runner.job-events not found in settings file
2026-10-07T13:37:57.420265+00:00 DEBUG 'ansible_navigator.main' ansible-navigator.app not found in settings file
2026-10-07T13:37:57.420282+00:00 DEBUG 'ansible_navigator.main' ansible-navigator.ansible.cmdline not found in settings file
2026-10-07T13:37:57.420300+00:00 DEBUG 'ansible_navigator.main' ansible-navigator.collection-doc-cache-path not found in settings file
2026-10-07T13:37:57.420317+00:00 DEBUG 'ansible_navigator.main' ansible-navigator.ansible.config.path not found in settings file
2026-10-07T13:37:57.420335+00:00 DEBUG 'ansible_navigator.main' ansible-navigator.execution-environment.container-options not found in settings file
2026-10-07T13:37:57.420352+00:00 DEBUG 'ansible_navigator.main' ansible-navigator.color.enable not found in settings file
2026-10-07T13:37:57.420368+00:00 DEBUG 'ansible_navigator.main' ansible-navigator.enable-prompts not found in settings file
2026-10-07T13:37:57.420400+00:00 DEBUG 'ansible_navigator.main' ansible-navigator.exec.command not found in settings file
2026-10-07T13:37:57.420419+00:00 DEBUG 'ansible_navigator.main' ansible-navigator.exec.shell not found in settings file
2026-10-07T13:37:57.420436+00:00 DEBUG 'ansible_navigator.main' ansible-navigator.execution-environment.volume-mounts not found in settings file
2026-10-07T13:37:57.420453+00:00 DEBUG 'ansible_navigator.main' ansible-navigator.ansible-builder.help not found in settings file
2026-10-07T13:37:57.420470+00:00 DEBUG 'ansible_navigator.main' ansible-navigator.ansible.doc.help not found in settings file
2026-10-07T13:37:57.420487+00:00 DEBUG 'ansible_navigator.main' ansible-navigator.images.details not found in settings file
2026-10-07T13:37:57.420504+00:00 DEBUG 'ansible_navigator.main' ansible-navigator.inventory-columns not found in settings file
2026-10-07T13:37:57.420521+00:00 DEBUG 'ansible_navigator.main' ansible-navigator.ansible-lint.config not found in settings file
2026-10-07T13:37:57.420538+00:00 DEBUG 'ansible_navigator.main' ansible-navigator.ansible-lint.lintables not found in settings file
2026-10-07T13:37:57.420555+00:00 DEBUG 'ansible_navigator.main' ansible-navigator.color.osc4 not found in settings file
2026-10-07T13:37:57.420573+00:00 DEBUG 'ansible_navigator.main' ansible-navigator.execution-environment.environment-variables.pass not found in settings file
2026-10-07T13:37:57.420589+00:00 DEBUG 'ansible_navigator.main' ansible-navigator.ansible.playbook.path not found in settings file
2026-10-07T13:37:57.420606+00:00 DEBUG 'ansible_navigator.main' ansible-navigator.playbook-artifact.replay not found in settings file
2026-10-07T13:37:57.420623+00:00 DEBUG 'ansible_navigator.main' ansible-navigator.ansible.doc.plugin.name not found in settings file
2026-10-07T13:37:57.420640+00:00 DEBUG 'ansible_navigator.main' ansible-navigator.ansible.doc.plugin.type not found in settings file
2026-10-07T13:37:57.420657+00:00 DEBUG 'ansible_navigator.main' ansible-navigator.execution-environment.pull.arguments not found in settings file
2026-10-07T13:37:57.420674+00:00 DEBUG 'ansible_navigator.main' ansible-navigator.execution-environment.environment-variables.set not found in settings file
2026-10-07T13:37:57.420691+00:00 DEBUG 'ansible_navigator.main' ansible-navigator.settings.effective not found in settings file
2026-10-07T13:37:57.420708+00:00 DEBUG 'ansible_navigator.main' ansible-navigator.settings.sample not found in settings file
2026-10-07T13:37:57.420724+00:00 DEBUG 'ansible_navigator.main' ansible-navigator.settings.schema not found in settings file
2026-10-07T13:37:57.420741+00:00 DEBUG 'ansible_navigator.main' ansible-navigator.settings.sources not found in settings file
2026-10-07T13:37:57.420758+00:00 DEBUG 'ansible_navigator.main' ansible-navigator.time-zone not found in settings file
2026-10-07T13:37:57.420775+00:00 DEBUG 'ansible_navigator.main' ansible-navigator.ansible-builder.workdir not found in settings file
2026-10-07T13:37:57.420798+00:00 WARNING 'ansible_navigator.main' Configuration errors encountered, rolling back to previous configuration.
2026-10-07T13:37:57.420816+00:00 DEBUG 'ansible_navigator.main' Prior to rollback: ansible_runner_artifact_dir = 'Not set' (Constants/Not set)
2026-10-07T13:37:57.420833+00:00 DEBUG 'ansible_navigator.main' Prior to rollback: ansible_runner_rotate_artifacts_count = 'Not set' (Constants/Not set)
2026-10-07T13:37:57.420849+00:00 DEBUG 'ansible_navigator.main' Prior to rollback: ansible_runner_timeout = 'Not set' (Constants/Not set)
2026-10-07T13:37:57.420866+00:00 DEBUG 'ansible_navigator.main' Prior to rollback: ansible_runner_write_job_events = 'False' (bool/Defaults)
2026-10-07T13:37:57.420883+00:00 DEBUG 'ansible_navigator.main' Prior to rollback: app = 'welcome' (str/Defaults)
2026-10-07T13:37:57.420900+00:00 DEBUG 'ansible_navigator.main' Prior to rollback: cmdline = '['without_handlers.yml']' (list/Command line)
2026-10-07T13:37:57.420920+00:00 DEBUG 'ansible_navigator.main' Prior to rollback: collection_doc_cache_path = '/home/student/.cache/ansible-navigator/collection_doc_cache.db' (str/Defaults)
2026-10-07T13:37:57.420938+00:00 DEBUG 'ansible_navigator.main' Prior to rollback: config = 'Not set' (Constants/Not set)
2026-10-07T13:37:57.420954+00:00 DEBUG 'ansible_navigator.main' Prior to rollback: container_engine = 'podman' (str/Settings file)
2026-10-07T13:37:57.420971+00:00 DEBUG 'ansible_navigator.main' Prior to rollback: container_options = 'Not set' (Constants/Not set)
2026-10-07T13:37:57.420988+00:00 DEBUG 'ansible_navigator.main' Prior to rollback: display_color = 'True' (bool/Defaults)
2026-10-07T13:37:57.421005+00:00 DEBUG 'ansible_navigator.main' Prior to rollback: editor_command = 'vi +{line_number} {filename}' (str/Settings file)
2026-10-07T13:37:57.421021+00:00 DEBUG 'ansible_navigator.main' Prior to rollback: editor_console = 'True' (bool/Settings file)
2026-10-07T13:37:57.421038+00:00 DEBUG 'ansible_navigator.main' Prior to rollback: enable_prompts = 'False' (bool/Defaults)
2026-10-07T13:37:57.421076+00:00 DEBUG 'ansible_navigator.main' Prior to rollback: exec_command = '/bin/bash' (str/Defaults)
2026-10-07T13:37:57.421094+00:00 DEBUG 'ansible_navigator.main' Prior to rollback: exec_shell = 'True' (bool/Defaults)
2026-10-07T13:37:57.421111+00:00 DEBUG 'ansible_navigator.main' Prior to rollback: execution_environment = 'True' (bool/Settings file)
2026-10-07T13:37:57.421127+00:00 DEBUG 'ansible_navigator.main' Prior to rollback: execution_environment_image = 'aap.lab.example.com/ee-au457-rhel9' (str/Settings file)
2026-10-07T13:37:57.421144+00:00 DEBUG 'ansible_navigator.main' Prior to rollback: execution_environment_volume_mounts = 'Not set' (Constants/Not set)
2026-10-07T13:37:57.421161+00:00 DEBUG 'ansible_navigator.main' Prior to rollback: format = 'yaml' (str/Settings file)
2026-10-07T13:37:57.421177+00:00 DEBUG 'ansible_navigator.main' Prior to rollback: help_builder = 'False' (bool/Defaults)
2026-10-07T13:37:57.421194+00:00 DEBUG 'ansible_navigator.main' Prior to rollback: help_config = 'False' (bool/Settings file)
2026-10-07T13:37:57.421211+00:00 DEBUG 'ansible_navigator.main' Prior to rollback: help_doc = 'False' (bool/Defaults)
2026-10-07T13:37:57.421227+00:00 DEBUG 'ansible_navigator.main' Prior to rollback: help_inventory = 'False' (bool/Settings file)
2026-10-07T13:37:57.421244+00:00 DEBUG 'ansible_navigator.main' Prior to rollback: help_playbook = 'False' (bool/Settings file)
2026-10-07T13:37:57.421261+00:00 DEBUG 'ansible_navigator.main' Prior to rollback: images_details = '['everything']' (list/Defaults)
2026-10-07T13:37:57.421277+00:00 DEBUG 'ansible_navigator.main' Prior to rollback: inventory = '['./dutch_hosts']' (list/Settings file)
2026-10-07T13:37:57.421294+00:00 DEBUG 'ansible_navigator.main' Prior to rollback: inventory_column = 'Not set' (Constants/Not set)
2026-10-07T13:37:57.421313+00:00 DEBUG 'ansible_navigator.main' Prior to rollback: lint_config = 'Not set' (Constants/Not set)
2026-10-07T13:37:57.421329+00:00 DEBUG 'ansible_navigator.main' Prior to rollback: lintables = 'Not set' (Constants/Not set)
2026-10-07T13:37:57.421346+00:00 DEBUG 'ansible_navigator.main' Prior to rollback: log_append = 'True' (bool/Settings file)
2026-10-07T13:37:57.421362+00:00 DEBUG 'ansible_navigator.main' Prior to rollback: log_file = '/home/student/cmc/ansible-navigator.log' (str/Settings file)
2026-10-07T13:37:57.421379+00:00 DEBUG 'ansible_navigator.main' Prior to rollback: log_level = 'warning' (str/Settings file)
2026-10-07T13:37:57.421395+00:00 DEBUG 'ansible_navigator.main' Prior to rollback: mode = 'stdout' (str/Settings file)
2026-10-07T13:37:57.421411+00:00 DEBUG 'ansible_navigator.main' Prior to rollback: osc4 = 'True' (bool/Defaults)
2026-10-07T13:37:57.421428+00:00 DEBUG 'ansible_navigator.main' Prior to rollback: pass_environment_variable = 'Not set' (Constants/Not set)
2026-10-07T13:37:57.421444+00:00 DEBUG 'ansible_navigator.main' Prior to rollback: playbook = 'Not set' (Constants/Not set)
2026-10-07T13:37:57.421470+00:00 DEBUG 'ansible_navigator.main' Prior to rollback: playbook_artifact_enable = 'False' (bool/Settings file)
2026-10-07T13:37:57.421488+00:00 DEBUG 'ansible_navigator.main' Prior to rollback: playbook_artifact_replay = 'Not set' (Constants/Not set)
2026-10-07T13:37:57.421505+00:00 DEBUG 'ansible_navigator.main' Prior to rollback: playbook_artifact_save_as = '{playbook_dir}/{playbook_name}-artifact-{time_stamp}.json' (str/Settings file)
2026-10-07T13:37:57.421522+00:00 DEBUG 'ansible_navigator.main' Prior to rollback: plugin_name = 'Not set' (Constants/Not set)
2026-10-07T13:37:57.421539+00:00 DEBUG 'ansible_navigator.main' Prior to rollback: plugin_type = 'module' (str/Defaults)
2026-10-07T13:37:57.421556+00:00 DEBUG 'ansible_navigator.main' Prior to rollback: pull_arguments = 'Not set' (Constants/Not set)
2026-10-07T13:37:57.421572+00:00 DEBUG 'ansible_navigator.main' Prior to rollback: pull_policy = 'missing' (str/Settings file)
2026-10-07T13:37:57.421589+00:00 DEBUG 'ansible_navigator.main' Prior to rollback: set_environment_variable = 'Not set' (Constants/Not set)
2026-10-07T13:37:57.421606+00:00 DEBUG 'ansible_navigator.main' Prior to rollback: settings_effective = 'False' (bool/Defaults)
2026-10-07T13:37:57.421622+00:00 DEBUG 'ansible_navigator.main' Prior to rollback: settings_sample = 'False' (bool/Defaults)
2026-10-07T13:37:57.421639+00:00 DEBUG 'ansible_navigator.main' Prior to rollback: settings_schema = 'json' (str/Defaults)
2026-10-07T13:37:57.421655+00:00 DEBUG 'ansible_navigator.main' Prior to rollback: settings_sources = 'False' (bool/Defaults)
2026-10-07T13:37:57.421671+00:00 DEBUG 'ansible_navigator.main' Prior to rollback: time_zone = 'UTC' (str/Defaults)
2026-10-07T13:37:57.421688+00:00 DEBUG 'ansible_navigator.main' Prior to rollback: workdir = '/home/student/cmc' (str/Defaults)
2026-10-07T13:37:57.421705+00:00 DEBUG 'ansible_navigator.main' After rollback: ansible_runner_artifact_dir = 'Not set' (Constants/Not set)
2026-10-07T13:37:57.421722+00:00 DEBUG 'ansible_navigator.main' After rollback: ansible_runner_rotate_artifacts_count = 'Not set' (Constants/Not set)
2026-10-07T13:37:57.421738+00:00 DEBUG 'ansible_navigator.main' After rollback: ansible_runner_timeout = 'Not set' (Constants/Not set)
2026-10-07T13:37:57.421755+00:00 DEBUG 'ansible_navigator.main' After rollback: ansible_runner_write_job_events = 'Not set' (Constants/Not set)
2026-10-07T13:37:57.421771+00:00 DEBUG 'ansible_navigator.main' After rollback: app = 'Not set' (Constants/Not set)
2026-10-07T13:37:57.421788+00:00 DEBUG 'ansible_navigator.main' After rollback: cmdline = 'Not set' (Constants/Not set)
2026-10-07T13:37:57.421804+00:00 DEBUG 'ansible_navigator.main' After rollback: collection_doc_cache_path = 'Not set' (Constants/Not set)
2026-10-07T13:37:57.421820+00:00 DEBUG 'ansible_navigator.main' After rollback: config = 'Not set' (Constants/Not set)
2026-10-07T13:37:57.421837+00:00 DEBUG 'ansible_navigator.main' After rollback: container_engine = 'Not set' (Constants/Not set)
2026-10-07T13:37:57.421854+00:00 DEBUG 'ansible_navigator.main' After rollback: container_options = 'Not set' (Constants/Not set)
2026-10-07T13:37:57.421870+00:00 DEBUG 'ansible_navigator.main' After rollback: display_color = 'Not set' (Constants/Not set)
2026-10-07T13:37:57.421886+00:00 DEBUG 'ansible_navigator.main' After rollback: editor_command = 'Not set' (Constants/Not set)
2026-10-07T13:37:57.421903+00:00 DEBUG 'ansible_navigator.main' After rollback: editor_console = 'Not set' (Constants/Not set)
2026-10-07T13:37:57.421919+00:00 DEBUG 'ansible_navigator.main' After rollback: enable_prompts = 'Not set' (Constants/Not set)
2026-10-07T13:37:57.421935+00:00 DEBUG 'ansible_navigator.main' After rollback: exec_command = 'Not set' (Constants/Not set)
2026-10-07T13:37:57.421952+00:00 DEBUG 'ansible_navigator.main' After rollback: exec_shell = 'Not set' (Constants/Not set)
2026-10-07T13:37:57.421968+00:00 DEBUG 'ansible_navigator.main' After rollback: execution_environment = 'Not set' (Constants/Not set)
2026-10-07T13:37:57.421984+00:00 DEBUG 'ansible_navigator.main' After rollback: execution_environment_image = 'Not set' (Constants/Not set)
2026-10-07T13:37:57.422009+00:00 DEBUG 'ansible_navigator.main' After rollback: execution_environment_volume_mounts = 'Not set' (Constants/Not set)
2026-10-07T13:37:57.422026+00:00 DEBUG 'ansible_navigator.main' After rollback: format = 'Not set' (Constants/Not set)
2026-10-07T13:37:57.422050+00:00 DEBUG 'ansible_navigator.main' After rollback: help_builder = 'Not set' (Constants/Not set)
2026-10-07T13:37:57.422077+00:00 DEBUG 'ansible_navigator.main' After rollback: help_config = 'Not set' (Constants/Not set)
2026-10-07T13:37:57.422094+00:00 DEBUG 'ansible_navigator.main' After rollback: help_doc = 'Not set' (Constants/Not set)
2026-10-07T13:37:57.422111+00:00 DEBUG 'ansible_navigator.main' After rollback: help_inventory = 'Not set' (Constants/Not set)
2026-10-07T13:37:57.422128+00:00 DEBUG 'ansible_navigator.main' After rollback: help_playbook = 'Not set' (Constants/Not set)
2026-10-07T13:37:57.422144+00:00 DEBUG 'ansible_navigator.main' After rollback: images_details = 'Not set' (Constants/Not set)
2026-10-07T13:37:57.422161+00:00 DEBUG 'ansible_navigator.main' After rollback: inventory = 'Not set' (Constants/Not set)
2026-10-07T13:37:57.422177+00:00 DEBUG 'ansible_navigator.main' After rollback: inventory_column = 'Not set' (Constants/Not set)
2026-10-07T13:37:57.422194+00:00 DEBUG 'ansible_navigator.main' After rollback: lint_config = 'Not set' (Constants/Not set)
2026-10-07T13:37:57.422210+00:00 DEBUG 'ansible_navigator.main' After rollback: lintables = 'Not set' (Constants/Not set)
2026-10-07T13:37:57.422227+00:00 DEBUG 'ansible_navigator.main' After rollback: log_append = 'Not set' (Constants/Not set)
2026-10-07T13:37:57.422243+00:00 DEBUG 'ansible_navigator.main' After rollback: log_file = 'Not set' (Constants/Not set)
2026-10-07T13:37:57.422260+00:00 DEBUG 'ansible_navigator.main' After rollback: log_level = 'Not set' (Constants/Not set)
2026-10-07T13:37:57.422276+00:00 DEBUG 'ansible_navigator.main' After rollback: mode = 'Not set' (Constants/Not set)
2026-10-07T13:37:57.422292+00:00 DEBUG 'ansible_navigator.main' After rollback: osc4 = 'Not set' (Constants/Not set)
2026-10-07T13:37:57.422309+00:00 DEBUG 'ansible_navigator.main' After rollback: pass_environment_variable = 'Not set' (Constants/Not set)
2026-10-07T13:37:57.422326+00:00 DEBUG 'ansible_navigator.main' After rollback: playbook = 'Not set' (Constants/Not set)
2026-10-07T13:37:57.422342+00:00 DEBUG 'ansible_navigator.main' After rollback: playbook_artifact_enable = 'Not set' (Constants/Not set)
2026-10-07T13:37:57.422359+00:00 DEBUG 'ansible_navigator.main' After rollback: playbook_artifact_replay = 'Not set' (Constants/Not set)
2026-10-07T13:37:57.422376+00:00 DEBUG 'ansible_navigator.main' After rollback: playbook_artifact_save_as = 'Not set' (Constants/Not set)
2026-10-07T13:37:57.422392+00:00 DEBUG 'ansible_navigator.main' After rollback: plugin_name = 'Not set' (Constants/Not set)
2026-10-07T13:37:57.422409+00:00 DEBUG 'ansible_navigator.main' After rollback: plugin_type = 'Not set' (Constants/Not set)
2026-10-07T13:37:57.422425+00:00 DEBUG 'ansible_navigator.main' After rollback: pull_arguments = 'Not set' (Constants/Not set)
2026-10-07T13:37:57.422442+00:00 DEBUG 'ansible_navigator.main' After rollback: pull_policy = 'Not set' (Constants/Not set)
2026-10-07T13:37:57.422459+00:00 DEBUG 'ansible_navigator.main' After rollback: set_environment_variable = 'Not set' (Constants/Not set)
2026-10-07T13:37:57.422475+00:00 DEBUG 'ansible_navigator.main' After rollback: settings_effective = 'Not set' (Constants/Not set)
2026-10-07T13:37:57.422492+00:00 DEBUG 'ansible_navigator.main' After rollback: settings_sample = 'Not set' (Constants/Not set)
2026-10-07T13:37:57.422508+00:00 DEBUG 'ansible_navigator.main' After rollback: settings_schema = 'Not set' (Constants/Not set)
2026-10-07T13:37:57.422525+00:00 DEBUG 'ansible_navigator.main' After rollback: settings_sources = 'Not set' (Constants/Not set)
2026-10-07T13:37:57.422542+00:00 DEBUG 'ansible_navigator.main' After rollback: time_zone = 'Not set' (Constants/Not set)
2026-10-07T13:37:57.422568+00:00 DEBUG 'ansible_navigator.main' After rollback: workdir = 'Not set' (Constants/Not set)
2026-10-07T13:37:57.422586+00:00 DEBUG 'ansible_navigator.main' Configuration rollback complete.
2026-10-07T13:37:57.422603+00:00 DEBUG 'ansible_navigator.main' Collection doc cache not mounted
2026-10-07T13:37:57.422637+00:00 WARNING 'ansible_navigator.main' Issues were found while applying the settings.
2026-10-07T13:37:57.422657+00:00 INFO 'ansible_navigator.main' Command provided: 'without_handlers.yml'
2026-10-07T13:37:57.422680+00:00 ERROR 'ansible_navigator.main' argument {subcommand} --help: invalid choice: 'without_handlers.yml' (choose from 'builder', 'collections', 'config', 'doc', 'exec', 'images', 'inventory', 'lint', 'replay', 'run', 'settings', 'welcome')
2026-10-07T13:37:57.422701+00:00 INFO 'ansible_navigator.main' Configuration failed, using default log file location. (/home/student/cmc/ansible-navigator.log) Log level set to debug
2026-10-07T13:37:57.422720+00:00 INFO 'ansible_navigator.main' Review the hints and log file to see what went wrong.
2026-10-07T14:46:42.765509+00:00 ERROR 'ansible_navigator.actions.collections._parse' /usr/share/ansible/collections/ansible_collections/redhat/insights/roles/compliance/meta/argument_specs.yml Failed to find argument_specs.yml for role in redhat.insights.
2026-10-07T14:46:42.766388+00:00 ERROR 'ansible_navigator.actions.collections._parse' /usr/share/ansible/collections/ansible_collections/redhat/insights/roles/insights_client/meta/argument_specs.yml Failed to find argument_specs.yml for role in redhat.insights.
2026-10-07T14:46:42.766452+00:00 ERROR 'ansible_navigator.actions.collections._parse' /usr/share/ansible/collections/ansible_collections/redhat/redhat_csp_download/roles/redhat_csp_download/meta/argument_specs.yml Failed to find argument_specs.yml for role in redhat.redhat_csp_download.
2026-10-07T14:46:42.766490+00:00 ERROR 'ansible_navigator.actions.collections._parse' /usr/share/ansible/collections/ansible_collections/redhat/redhat_csp_download/roles/redhat_csp_download/meta/main.yml Failed to find main.yml for role in redhat.redhat_csp_download.
2026-10-07T14:46:42.766524+00:00 ERROR 'ansible_navigator.actions.collections._parse' /usr/share/ansible/collections/ansible_collections/redhat/rhel_idm/roles/ipabackup/meta/argument_specs.yml Failed to find argument_specs.yml for role in redhat.rhel_idm.
2026-10-07T14:46:42.766563+00:00 ERROR 'ansible_navigator.actions.collections._parse' /usr/share/ansible/collections/ansible_collections/redhat/rhel_idm/roles/ipaclient/meta/argument_specs.yml Failed to find argument_specs.yml for role in redhat.rhel_idm.
2026-10-07T14:46:42.766592+00:00 ERROR 'ansible_navigator.actions.collections._parse' /usr/share/ansible/collections/ansible_collections/redhat/rhel_idm/roles/ipareplica/meta/argument_specs.yml Failed to find argument_specs.yml for role in redhat.rhel_idm.
2026-10-07T14:46:42.766635+00:00 ERROR 'ansible_navigator.actions.collections._parse' /usr/share/ansible/collections/ansible_collections/redhat/rhel_idm/roles/ipaserver/meta/argument_specs.yml Failed to find argument_specs.yml for role in redhat.rhel_idm.
2026-10-07T14:46:42.766707+00:00 ERROR 'ansible_navigator.actions.collections._parse' /usr/share/ansible/collections/ansible_collections/redhat/rhel_idm/roles/ipasmartcard_client/meta/argument_specs.yml Failed to find argument_specs.yml for role in redhat.rhel_idm.
2026-10-07T14:46:42.766744+00:00 ERROR 'ansible_navigator.actions.collections._parse' /usr/share/ansible/collections/ansible_collections/redhat/rhel_idm/roles/ipasmartcard_server/meta/argument_specs.yml Failed to find argument_specs.yml for role in redhat.rhel_idm.
2026-10-07T14:46:42.766769+00:00 ERROR 'ansible_navigator.actions.collections._parse' /usr/share/ansible/collections/ansible_collections/redhat/rhel_system_roles/roles/ad_integration/meta/argument_specs.yml Failed to find argument_specs.yml for role in redhat.rhel_system_roles.
2026-10-07T14:46:42.766822+00:00 ERROR 'ansible_navigator.actions.collections._parse' /usr/share/ansible/collections/ansible_collections/redhat/rhel_system_roles/roles/aide/meta/argument_specs.yml Failed to find argument_specs.yml for role in redhat.rhel_system_roles.
2026-10-07T14:46:42.766846+00:00 ERROR 'ansible_navigator.actions.collections._parse' /usr/share/ansible/collections/ansible_collections/redhat/rhel_system_roles/roles/bootloader/meta/argument_specs.yml Failed to find argument_specs.yml for role in redhat.rhel_system_roles.
2026-10-07T14:46:42.766868+00:00 ERROR 'ansible_navigator.actions.collections._parse' /usr/share/ansible/collections/ansible_collections/redhat/rhel_system_roles/roles/certificate/meta/argument_specs.yml Failed to find argument_specs.yml for role in redhat.rhel_system_roles.
2026-10-07T14:46:42.766891+00:00 ERROR 'ansible_navigator.actions.collections._parse' /usr/share/ansible/collections/ansible_collections/redhat/rhel_system_roles/roles/cockpit/meta/argument_specs.yml Failed to find argument_specs.yml for role in redhat.rhel_system_roles.
2026-10-07T14:46:42.766915+00:00 ERROR 'ansible_navigator.actions.collections._parse' /usr/share/ansible/collections/ansible_collections/redhat/rhel_system_roles/roles/crypto_policies/meta/argument_specs.yml Failed to find argument_specs.yml for role in redhat.rhel_system_roles.
2026-10-07T14:46:42.766938+00:00 ERROR 'ansible_navigator.actions.collections._parse' /usr/share/ansible/collections/ansible_collections/redhat/rhel_system_roles/roles/fapolicyd/meta/argument_specs.yml Failed to find argument_specs.yml for role in redhat.rhel_system_roles.
2026-10-07T14:46:42.766960+00:00 ERROR 'ansible_navigator.actions.collections._parse' /usr/share/ansible/collections/ansible_collections/redhat/rhel_system_roles/roles/firewall/meta/argument_specs.yml Failed to find argument_specs.yml for role in redhat.rhel_system_roles.
2026-10-07T14:46:42.766980+00:00 ERROR 'ansible_navigator.actions.collections._parse' /usr/share/ansible/collections/ansible_collections/redhat/rhel_system_roles/roles/ha_cluster/meta/argument_specs.yml Failed to find argument_specs.yml for role in redhat.rhel_system_roles.
2026-10-07T14:46:42.767001+00:00 ERROR 'ansible_navigator.actions.collections._parse' /usr/share/ansible/collections/ansible_collections/redhat/rhel_system_roles/roles/journald/meta/argument_specs.yml Failed to find argument_specs.yml for role in redhat.rhel_system_roles.
2026-10-07T14:46:42.767024+00:00 ERROR 'ansible_navigator.actions.collections._parse' /usr/share/ansible/collections/ansible_collections/redhat/rhel_system_roles/roles/kdump/meta/argument_specs.yml Failed to find argument_specs.yml for role in redhat.rhel_system_roles.
2026-10-07T14:46:42.767086+00:00 ERROR 'ansible_navigator.actions.collections._parse' /usr/share/ansible/collections/ansible_collections/redhat/rhel_system_roles/roles/kernel_settings/meta/argument_specs.yml Failed to find argument_specs.yml for role in redhat.rhel_system_roles.
2026-10-07T14:46:42.767141+00:00 ERROR 'ansible_navigator.actions.collections._parse' /usr/share/ansible/collections/ansible_collections/redhat/rhel_system_roles/roles/keylime_server/meta/argument_specs.yml Failed to find argument_specs.yml for role in redhat.rhel_system_roles.
2026-10-07T14:46:42.767179+00:00 ERROR 'ansible_navigator.actions.collections._parse' /usr/share/ansible/collections/ansible_collections/redhat/rhel_system_roles/roles/logging/meta/argument_specs.yml Failed to find argument_specs.yml for role in redhat.rhel_system_roles.
2026-10-07T14:46:42.767209+00:00 ERROR 'ansible_navigator.actions.collections._parse' /usr/share/ansible/collections/ansible_collections/redhat/rhel_system_roles/roles/metrics/meta/argument_specs.yml Failed to find argument_specs.yml for role in redhat.rhel_system_roles.
2026-10-07T14:46:42.767231+00:00 ERROR 'ansible_navigator.actions.collections._parse' /usr/share/ansible/collections/ansible_collections/redhat/rhel_system_roles/roles/nbde_client/meta/argument_specs.yml Failed to find argument_specs.yml for role in redhat.rhel_system_roles.
2026-10-07T14:46:42.767256+00:00 ERROR 'ansible_navigator.actions.collections._parse' /usr/share/ansible/collections/ansible_collections/redhat/rhel_system_roles/roles/nbde_server/meta/argument_specs.yml Failed to find argument_specs.yml for role in redhat.rhel_system_roles.
2026-10-07T14:46:42.767278+00:00 ERROR 'ansible_navigator.actions.collections._parse' /usr/share/ansible/collections/ansible_collections/redhat/rhel_system_roles/roles/network/meta/argument_specs.yml Failed to find argument_specs.yml for role in redhat.rhel_system_roles.
2026-10-07T14:46:42.767299+00:00 ERROR 'ansible_navigator.actions.collections._parse' /usr/share/ansible/collections/ansible_collections/redhat/rhel_system_roles/roles/podman/meta/argument_specs.yml Failed to find argument_specs.yml for role in redhat.rhel_system_roles.
2026-10-07T14:46:42.767319+00:00 ERROR 'ansible_navigator.actions.collections._parse' /usr/share/ansible/collections/ansible_collections/redhat/rhel_system_roles/roles/postfix/meta/argument_specs.yml Failed to find argument_specs.yml for role in redhat.rhel_system_roles.
2026-10-07T14:46:42.767339+00:00 ERROR 'ansible_navigator.actions.collections._parse' /usr/share/ansible/collections/ansible_collections/redhat/rhel_system_roles/roles/postgresql/meta/argument_specs.yml Failed to find argument_specs.yml for role in redhat.rhel_system_roles.
2026-10-07T14:46:42.767362+00:00 ERROR 'ansible_navigator.actions.collections._parse' /usr/share/ansible/collections/ansible_collections/redhat/rhel_system_roles/roles/private_logging_subrole_rsyslog/meta/argument_specs.yml Failed to find argument_specs.yml for role in redhat.rhel_system_roles.
2026-10-07T14:46:42.767385+00:00 ERROR 'ansible_navigator.actions.collections._parse' /usr/share/ansible/collections/ansible_collections/redhat/rhel_system_roles/roles/private_metrics_subrole_bpftrace/meta/argument_specs.yml Failed to find argument_specs.yml for role in redhat.rhel_system_roles.
2026-10-07T14:46:42.767405+00:00 ERROR 'ansible_navigator.actions.collections._parse' /usr/share/ansible/collections/ansible_collections/redhat/rhel_system_roles/roles/private_metrics_subrole_elasticsearch/meta/argument_specs.yml Failed to find argument_specs.yml for role in redhat.rhel_system_roles.
2026-10-07T14:46:42.767426+00:00 ERROR 'ansible_navigator.actions.collections._parse' /usr/share/ansible/collections/ansible_collections/redhat/rhel_system_roles/roles/private_metrics_subrole_grafana/meta/argument_specs.yml Failed to find argument_specs.yml for role in redhat.rhel_system_roles.
2026-10-07T14:46:42.767447+00:00 ERROR 'ansible_navigator.actions.collections._parse' /usr/share/ansible/collections/ansible_collections/redhat/rhel_system_roles/roles/private_metrics_subrole_keyserver/meta/argument_specs.yml Failed to find argument_specs.yml for role in redhat.rhel_system_roles.
2026-10-07T14:46:42.767494+00:00 ERROR 'ansible_navigator.actions.collections._parse' /usr/share/ansible/collections/ansible_collections/redhat/rhel_system_roles/roles/private_metrics_subrole_mssql/meta/argument_specs.yml Failed to find argument_specs.yml for role in redhat.rhel_system_roles.
2026-10-07T14:46:42.767536+00:00 ERROR 'ansible_navigator.actions.collections._parse' /usr/share/ansible/collections/ansible_collections/redhat/rhel_system_roles/roles/private_metrics_subrole_pcp/meta/argument_specs.yml Failed to find argument_specs.yml for role in redhat.rhel_system_roles.
2026-10-07T14:46:42.767561+00:00 ERROR 'ansible_navigator.actions.collections._parse' /usr/share/ansible/collections/ansible_collections/redhat/rhel_system_roles/roles/private_metrics_subrole_postfix/meta/argument_specs.yml Failed to find argument_specs.yml for role in redhat.rhel_system_roles.
2026-10-07T14:46:42.767583+00:00 ERROR 'ansible_navigator.actions.collections._parse' /usr/share/ansible/collections/ansible_collections/redhat/rhel_system_roles/roles/private_metrics_subrole_repository/meta/argument_specs.yml Failed to find argument_specs.yml for role in redhat.rhel_system_roles.
2026-10-07T14:46:42.767605+00:00 ERROR 'ansible_navigator.actions.collections._parse' /usr/share/ansible/collections/ansible_collections/redhat/rhel_system_roles/roles/private_metrics_subrole_spark/meta/argument_specs.yml Failed to find argument_specs.yml for role in redhat.rhel_system_roles.
2026-10-07T14:46:42.767630+00:00 ERROR 'ansible_navigator.actions.collections._parse' /usr/share/ansible/collections/ansible_collections/redhat/rhel_system_roles/roles/rhc/meta/argument_specs.yml Failed to find argument_specs.yml for role in redhat.rhel_system_roles.
2026-10-07T14:46:42.767667+00:00 ERROR 'ansible_navigator.actions.collections._parse' /usr/share/ansible/collections/ansible_collections/redhat/rhel_system_roles/roles/selinux/meta/argument_specs.yml Failed to find argument_specs.yml for role in redhat.rhel_system_roles.
2026-10-07T14:46:42.767707+00:00 ERROR 'ansible_navigator.actions.collections._parse' /usr/share/ansible/collections/ansible_collections/redhat/rhel_system_roles/roles/snapshot/meta/argument_specs.yml Failed to find argument_specs.yml for role in redhat.rhel_system_roles.
2026-10-07T14:46:42.767748+00:00 ERROR 'ansible_navigator.actions.collections._parse' /usr/share/ansible/collections/ansible_collections/redhat/rhel_system_roles/roles/ssh/meta/argument_specs.yml Failed to find argument_specs.yml for role in redhat.rhel_system_roles.
2026-10-07T14:46:42.767796+00:00 ERROR 'ansible_navigator.actions.collections._parse' /usr/share/ansible/collections/ansible_collections/redhat/rhel_system_roles/roles/sshd/meta/argument_specs.yml Failed to find argument_specs.yml for role in redhat.rhel_system_roles.
2026-10-07T14:46:42.767833+00:00 ERROR 'ansible_navigator.actions.collections._parse' /usr/share/ansible/collections/ansible_collections/redhat/rhel_system_roles/roles/storage/meta/argument_specs.yml Failed to find argument_specs.yml for role in redhat.rhel_system_roles.
2026-10-07T14:46:42.767868+00:00 ERROR 'ansible_navigator.actions.collections._parse' /usr/share/ansible/collections/ansible_collections/redhat/rhel_system_roles/roles/sudo/meta/argument_specs.yml Failed to find argument_specs.yml for role in redhat.rhel_system_roles.
2026-10-07T14:46:42.767890+00:00 ERROR 'ansible_navigator.actions.collections._parse' /usr/share/ansible/collections/ansible_collections/redhat/rhel_system_roles/roles/systemd/meta/argument_specs.yml Failed to find argument_specs.yml for role in redhat.rhel_system_roles.
2026-10-07T14:46:42.767911+00:00 ERROR 'ansible_navigator.actions.collections._parse' /usr/share/ansible/collections/ansible_collections/redhat/rhel_system_roles/roles/timesync/meta/argument_specs.yml Failed to find argument_specs.yml for role in redhat.rhel_system_roles.
2026-10-07T14:46:42.767932+00:00 ERROR 'ansible_navigator.actions.collections._parse' /usr/share/ansible/collections/ansible_collections/redhat/rhel_system_roles/roles/tlog/meta/argument_specs.yml Failed to find argument_specs.yml for role in redhat.rhel_system_roles.
2026-10-07T14:46:42.767956+00:00 ERROR 'ansible_navigator.actions.collections._parse' /usr/share/ansible/collections/ansible_collections/redhat/rhel_system_roles/roles/vpn/meta/argument_specs.yml Failed to find argument_specs.yml for role in redhat.rhel_system_roles.
2026-10-07T14:46:42.767977+00:00 ERROR 'ansible_navigator.actions.collections._parse' /usr/share/ansible/collections/ansible_collections/redhat/rhv/roles/cluster_upgrade/meta/argument_specs.yml Failed to find argument_specs.yml for role in redhat.rhv.
2026-10-07T14:46:42.767998+00:00 ERROR 'ansible_navigator.actions.collections._parse' /usr/share/ansible/collections/ansible_collections/redhat/rhv/roles/cluster_upgrade/meta/main.yml Failed to find main.yml for role in redhat.rhv.
2026-10-07T14:46:42.768018+00:00 ERROR 'ansible_navigator.actions.collections._parse' /usr/share/ansible/collections/ansible_collections/redhat/rhv/roles/disaster_recovery/meta/argument_specs.yml Failed to find argument_specs.yml for role in redhat.rhv.
2026-10-07T14:46:42.768052+00:00 ERROR 'ansible_navigator.actions.collections._parse' /usr/share/ansible/collections/ansible_collections/redhat/rhv/roles/disaster_recovery/meta/main.yml Failed to find main.yml for role in redhat.rhv.
2026-10-07T14:46:42.768090+00:00 ERROR 'ansible_navigator.actions.collections._parse' /usr/share/ansible/collections/ansible_collections/redhat/rhv/roles/engine_setup/meta/argument_specs.yml Failed to find argument_specs.yml for role in redhat.rhv.
2026-10-07T14:46:42.768112+00:00 ERROR 'ansible_navigator.actions.collections._parse' /usr/share/ansible/collections/ansible_collections/redhat/rhv/roles/engine_setup/meta/main.yml Failed to find main.yml for role in redhat.rhv.
2026-10-07T14:46:42.768135+00:00 ERROR 'ansible_navigator.actions.collections._parse' /usr/share/ansible/collections/ansible_collections/redhat/rhv/roles/hosted_engine_setup/meta/argument_specs.yml Failed to find argument_specs.yml for role in redhat.rhv.
2026-10-07T14:46:42.768177+00:00 ERROR 'ansible_navigator.actions.collections._parse' /usr/share/ansible/collections/ansible_collections/redhat/rhv/roles/hosted_engine_setup/meta/main.yml Failed to find main.yml for role in redhat.rhv.
2026-10-07T14:46:42.768221+00:00 ERROR 'ansible_navigator.actions.collections._parse' /usr/share/ansible/collections/ansible_collections/redhat/rhv/roles/image_template/meta/argument_specs.yml Failed to find argument_specs.yml for role in redhat.rhv.
2026-10-07T14:46:42.768266+00:00 ERROR 'ansible_navigator.actions.collections._parse' /usr/share/ansible/collections/ansible_collections/redhat/rhv/roles/image_template/meta/main.yml Failed to find main.yml for role in redhat.rhv.
2026-10-07T14:46:42.768302+00:00 ERROR 'ansible_navigator.actions.collections._parse' /usr/share/ansible/collections/ansible_collections/redhat/rhv/roles/infra/meta/argument_specs.yml Failed to find argument_specs.yml for role in redhat.rhv.
2026-10-07T14:46:42.768326+00:00 ERROR 'ansible_navigator.actions.collections._parse' /usr/share/ansible/collections/ansible_collections/redhat/rhv/roles/infra/meta/main.yml Failed to find main.yml for role in redhat.rhv.
2026-10-07T14:46:42.768348+00:00 ERROR 'ansible_navigator.actions.collections._parse' /usr/share/ansible/collections/ansible_collections/redhat/rhv/roles/remove_stale_lun/meta/argument_specs.yml Failed to find argument_specs.yml for role in redhat.rhv.
2026-10-07T14:46:42.768371+00:00 ERROR 'ansible_navigator.actions.collections._parse' /usr/share/ansible/collections/ansible_collections/redhat/rhv/roles/remove_stale_lun/meta/main.yml Failed to find main.yml for role in redhat.rhv.
2026-10-07T14:46:42.768391+00:00 ERROR 'ansible_navigator.actions.collections._parse' /usr/share/ansible/collections/ansible_collections/redhat/rhv/roles/repositories/meta/argument_specs.yml Failed to find argument_specs.yml for role in redhat.rhv.
2026-10-07T14:46:42.768411+00:00 ERROR 'ansible_navigator.actions.collections._parse' /usr/share/ansible/collections/ansible_collections/redhat/rhv/roles/repositories/meta/main.yml Failed to find main.yml for role in redhat.rhv.
2026-10-07T14:46:42.768431+00:00 ERROR 'ansible_navigator.actions.collections._parse' /usr/share/ansible/collections/ansible_collections/redhat/rhv/roles/shutdown_env/meta/argument_specs.yml Failed to find argument_specs.yml for role in redhat.rhv.
2026-10-07T14:46:42.768450+00:00 ERROR 'ansible_navigator.actions.collections._parse' /usr/share/ansible/collections/ansible_collections/redhat/rhv/roles/shutdown_env/meta/main.yml Failed to find main.yml for role in redhat.rhv.
2026-10-07T14:46:42.768471+00:00 ERROR 'ansible_navigator.actions.collections._parse' /usr/share/ansible/collections/ansible_collections/redhat/rhv/roles/vm_infra/meta/argument_specs.yml Failed to find argument_specs.yml for role in redhat.rhv.
2026-10-07T14:46:42.768512+00:00 ERROR 'ansible_navigator.actions.collections._parse' /usr/share/ansible/collections/ansible_collections/redhat/rhv/roles/vm_infra/meta/main.yml Failed to find main.yml for role in redhat.rhv.
2026-10-07T14:46:42.768554+00:00 ERROR 'ansible_navigator.actions.collections._parse' /usr/share/ansible/collections/ansible_collections/redhat/sap_install/roles/sap_ha_install_hana_hsr/meta/argument_specs.yml Failed to find argument_specs.yml for role in redhat.sap_install.
2026-10-07T14:46:42.768593+00:00 ERROR 'ansible_navigator.actions.collections._parse' /usr/share/ansible/collections/ansible_collections/redhat/sap_install/roles/sap_swpm/meta/argument_specs.yml Failed to find argument_specs.yml for role in redhat.sap_install.
2026-10-07T14:46:42.768615+00:00 ERROR 'ansible_navigator.actions.collections._parse' /usr/share/ansible/collections/ansible_collections/redhat/satellite/roles/activation_keys/meta/argument_specs.yml Failed to find argument_specs.yml for role in redhat.satellite.
2026-10-07T14:46:42.768635+00:00 ERROR 'ansible_navigator.actions.collections._parse' /usr/share/ansible/collections/ansible_collections/redhat/satellite/roles/auth_sources_ldap/meta/argument_specs.yml Failed to find argument_specs.yml for role in redhat.satellite.
2026-10-07T14:46:42.768669+00:00 ERROR 'ansible_navigator.actions.collections._parse' /usr/share/ansible/collections/ansible_collections/redhat/satellite/roles/compute_profiles/meta/argument_specs.yml Failed to find argument_specs.yml for role in redhat.satellite.
2026-10-07T14:46:42.768691+00:00 ERROR 'ansible_navigator.actions.collections._parse' /usr/share/ansible/collections/ansible_collections/redhat/satellite/roles/compute_resources/meta/argument_specs.yml Failed to find argument_specs.yml for role in redhat.satellite.
2026-10-07T14:46:42.768711+00:00 ERROR 'ansible_navigator.actions.collections._parse' /usr/share/ansible/collections/ansible_collections/redhat/satellite/roles/content_credentials/meta/argument_specs.yml Failed to find argument_specs.yml for role in redhat.satellite.
2026-10-07T14:46:42.768731+00:00 ERROR 'ansible_navigator.actions.collections._parse' /usr/share/ansible/collections/ansible_collections/redhat/satellite/roles/content_rhel/meta/argument_specs.yml Failed to find argument_specs.yml for role in redhat.satellite.
2026-10-07T14:46:42.768759+00:00 ERROR 'ansible_navigator.actions.collections._parse' /usr/share/ansible/collections/ansible_collections/redhat/satellite/roles/content_view_publish/meta/argument_specs.yml Failed to find argument_specs.yml for role in redhat.satellite.
2026-10-07T14:46:42.768798+00:00 ERROR 'ansible_navigator.actions.collections._parse' /usr/share/ansible/collections/ansible_collections/redhat/satellite/roles/content_view_version_cleanup/meta/argument_specs.yml Failed to find argument_specs.yml for role in redhat.satellite.
2026-10-07T14:46:42.768821+00:00 ERROR 'ansible_navigator.actions.collections._parse' /usr/share/ansible/collections/ansible_collections/redhat/satellite/roles/content_views/meta/argument_specs.yml Failed to find argument_specs.yml for role in redhat.satellite.
2026-10-07T14:46:42.768842+00:00 ERROR 'ansible_navigator.actions.collections._parse' /usr/share/ansible/collections/ansible_collections/redhat/satellite/roles/convert2rhel/meta/argument_specs.yml Failed to find argument_specs.yml for role in redhat.satellite.
2026-10-07T14:46:42.768862+00:00 ERROR 'ansible_navigator.actions.collections._parse' /usr/share/ansible/collections/ansible_collections/redhat/satellite/roles/domains/meta/argument_specs.yml Failed to find argument_specs.yml for role in redhat.satellite.
2026-10-07T14:46:42.768883+00:00 ERROR 'ansible_navigator.actions.collections._parse' /usr/share/ansible/collections/ansible_collections/redhat/satellite/roles/hostgroups/meta/argument_specs.yml Failed to find argument_specs.yml for role in redhat.satellite.
2026-10-07T14:46:42.768902+00:00 ERROR 'ansible_navigator.actions.collections._parse' /usr/share/ansible/collections/ansible_collections/redhat/satellite/roles/lifecycle_environments/meta/argument_specs.yml Failed to find argument_specs.yml for role in redhat.satellite.
2026-10-07T14:46:42.768922+00:00 ERROR 'ansible_navigator.actions.collections._parse' /usr/share/ansible/collections/ansible_collections/redhat/satellite/roles/locations/meta/argument_specs.yml Failed to find argument_specs.yml for role in redhat.satellite.
2026-10-07T14:46:42.768943+00:00 ERROR 'ansible_navigator.actions.collections._parse' /usr/share/ansible/collections/ansible_collections/redhat/satellite/roles/manifest/meta/argument_specs.yml Failed to find argument_specs.yml for role in redhat.satellite.
2026-10-07T14:46:42.768967+00:00 ERROR 'ansible_navigator.actions.collections._parse' /usr/share/ansible/collections/ansible_collections/redhat/satellite/roles/operatingsystems/meta/argument_specs.yml Failed to find argument_specs.yml for role in redhat.satellite.
2026-10-07T14:46:42.768987+00:00 ERROR 'ansible_navigator.actions.collections._parse' /usr/share/ansible/collections/ansible_collections/redhat/satellite/roles/organizations/meta/argument_specs.yml Failed to find argument_specs.yml for role in redhat.satellite.
2026-10-07T14:46:42.769007+00:00 ERROR 'ansible_navigator.actions.collections._parse' /usr/share/ansible/collections/ansible_collections/redhat/satellite/roles/provisioning_templates/meta/argument_specs.yml Failed to find argument_specs.yml for role in redhat.satellite.
2026-10-07T14:46:42.769027+00:00 ERROR 'ansible_navigator.actions.collections._parse' /usr/share/ansible/collections/ansible_collections/redhat/satellite/roles/repositories/meta/argument_specs.yml Failed to find argument_specs.yml for role in redhat.satellite.
2026-10-07T14:46:42.769081+00:00 ERROR 'ansible_navigator.actions.collections._parse' /usr/share/ansible/collections/ansible_collections/redhat/satellite/roles/settings/meta/argument_specs.yml Failed to find argument_specs.yml for role in redhat.satellite.
2026-10-07T14:46:42.769124+00:00 ERROR 'ansible_navigator.actions.collections._parse' /usr/share/ansible/collections/ansible_collections/redhat/satellite/roles/subnets/meta/argument_specs.yml Failed to find argument_specs.yml for role in redhat.satellite.
2026-10-07T14:46:42.769149+00:00 ERROR 'ansible_navigator.actions.collections._parse' /usr/share/ansible/collections/ansible_collections/redhat/satellite/roles/sync_plans/meta/argument_specs.yml Failed to find argument_specs.yml for role in redhat.satellite.
2026-10-07T14:46:42.769171+00:00 ERROR 'ansible_navigator.actions.collections._parse' /usr/share/ansible/collections/ansible_collections/redhat/satellite_operations/roles/backup/meta/argument_specs.yml Failed to find argument_specs.yml for role in redhat.satellite_operations.
2026-10-07T14:46:42.769191+00:00 ERROR 'ansible_navigator.actions.collections._parse' /usr/share/ansible/collections/ansible_collections/redhat/satellite_operations/roles/backup/meta/main.yml Failed to find main.yml for role in redhat.satellite_operations.
2026-10-07T14:46:42.769211+00:00 ERROR 'ansible_navigator.actions.collections._parse' /usr/share/ansible/collections/ansible_collections/redhat/satellite_operations/roles/capsule_certs_generate/meta/argument_specs.yml Failed to find argument_specs.yml for role in redhat.satellite_operations.
2026-10-07T14:46:42.769232+00:00 ERROR 'ansible_navigator.actions.collections._parse' /usr/share/ansible/collections/ansible_collections/redhat/satellite_operations/roles/capsule_certs_generate/meta/main.yml Failed to find main.yml for role in redhat.satellite_operations.
2026-10-07T14:46:42.769251+00:00 ERROR 'ansible_navigator.actions.collections._parse' /usr/share/ansible/collections/ansible_collections/redhat/satellite_operations/roles/cloud_connector/meta/argument_specs.yml Failed to find argument_specs.yml for role in redhat.satellite_operations.
2026-10-07T14:46:42.769271+00:00 ERROR 'ansible_navigator.actions.collections._parse' /usr/share/ansible/collections/ansible_collections/redhat/satellite_operations/roles/cloud_connector/meta/main.yml Failed to find main.yml for role in redhat.satellite_operations.
2026-10-07T14:46:42.769291+00:00 ERROR 'ansible_navigator.actions.collections._parse' /usr/share/ansible/collections/ansible_collections/redhat/satellite_operations/roles/installer/meta/argument_specs.yml Failed to find argument_specs.yml for role in redhat.satellite_operations.
2026-10-07T14:46:42.769310+00:00 ERROR 'ansible_navigator.actions.collections._parse' /usr/share/ansible/collections/ansible_collections/redhat/satellite_operations/roles/installer/meta/main.yml Failed to find main.yml for role in redhat.satellite_operations.
2026-10-07T14:46:42.769335+00:00 ERROR 'ansible_navigator.actions.collections._parse' /usr/share/ansible/collections/ansible_collections/redhat/satellite_operations/roles/metrics/meta/argument_specs.yml Failed to find argument_specs.yml for role in redhat.satellite_operations.
2026-10-07T14:46:42.769355+00:00 ERROR 'ansible_navigator.actions.collections._parse' /usr/share/ansible/collections/ansible_collections/redhat/satellite_operations/roles/metrics/meta/main.yml Failed to find main.yml for role in redhat.satellite_operations.
2026-10-07T14:46:42.769374+00:00 ERROR 'ansible_navigator.actions.collections._parse' /usr/share/ansible/collections/ansible_collections/network/backup/roles/backup/meta/main.yml Failed to find main.yml for role in network.backup.
2026-10-07T14:46:42.769394+00:00 ERROR 'ansible_navigator.actions.collections._parse' /usr/share/ansible/collections/ansible_collections/network/backup/roles/restore/meta/argument_specs.yml Failed to find argument_specs.yml for role in network.backup.
2026-10-07T14:46:42.769414+00:00 ERROR 'ansible_navigator.actions.collections._parse' /usr/share/ansible/collections/ansible_collections/network/backup/roles/restore/meta/main.yml Failed to find main.yml for role in network.backup.
2026-10-07T14:46:42.769433+00:00 ERROR 'ansible_navigator.actions.collections._parse' /usr/share/ansible/collections/ansible_collections/network/base/roles/configure/meta/argument_specs.yml Failed to find argument_specs.yml for role in network.base.
2026-10-07T14:46:42.769453+00:00 ERROR 'ansible_navigator.actions.collections._parse' /usr/share/ansible/collections/ansible_collections/network/base/roles/configure/meta/main.yml Failed to find main.yml for role in network.base.
2026-10-07T14:46:42.769472+00:00 ERROR 'ansible_navigator.actions.collections._parse' /usr/share/ansible/collections/ansible_collections/network/base/roles/deploy/meta/argument_specs.yml Failed to find argument_specs.yml for role in network.base.
2026-10-07T14:46:42.769491+00:00 ERROR 'ansible_navigator.actions.collections._parse' /usr/share/ansible/collections/ansible_collections/network/base/roles/deploy/meta/main.yml Failed to find main.yml for role in network.base.
2026-10-07T14:46:42.769511+00:00 ERROR 'ansible_navigator.actions.collections._parse' /usr/share/ansible/collections/ansible_collections/network/base/roles/detect/meta/argument_specs.yml Failed to find argument_specs.yml for role in network.base.
2026-10-07T14:46:42.769531+00:00 ERROR 'ansible_navigator.actions.collections._parse' /usr/share/ansible/collections/ansible_collections/network/base/roles/detect/meta/main.yml Failed to find main.yml for role in network.base.
2026-10-07T14:46:42.769551+00:00 ERROR 'ansible_navigator.actions.collections._parse' /usr/share/ansible/collections/ansible_collections/network/base/roles/gather/meta/argument_specs.yml Failed to find argument_specs.yml for role in network.base.
2026-10-07T14:46:42.769570+00:00 ERROR 'ansible_navigator.actions.collections._parse' /usr/share/ansible/collections/ansible_collections/network/base/roles/gather/meta/main.yml Failed to find main.yml for role in network.base.
2026-10-07T14:46:42.769596+00:00 ERROR 'ansible_navigator.actions.collections._parse' /usr/share/ansible/collections/ansible_collections/network/base/roles/list/meta/argument_specs.yml Failed to find argument_specs.yml for role in network.base.
2026-10-07T14:46:42.769661+00:00 ERROR 'ansible_navigator.actions.collections._parse' /usr/share/ansible/collections/ansible_collections/network/base/roles/list/meta/main.yml Failed to find main.yml for role in network.base.
2026-10-07T14:46:42.769708+00:00 ERROR 'ansible_navigator.actions.collections._parse' /usr/share/ansible/collections/ansible_collections/network/base/roles/persist/meta/argument_specs.yml Failed to find argument_specs.yml for role in network.base.
2026-10-07T14:46:42.769751+00:00 ERROR 'ansible_navigator.actions.collections._parse' /usr/share/ansible/collections/ansible_collections/network/base/roles/persist/meta/main.yml Failed to find main.yml for role in network.base.
2026-10-07T14:46:42.769800+00:00 ERROR 'ansible_navigator.actions.collections._parse' /usr/share/ansible/collections/ansible_collections/network/base/roles/remediate/meta/argument_specs.yml Failed to find argument_specs.yml for role in network.base.
2026-10-07T14:46:42.769828+00:00 ERROR 'ansible_navigator.actions.collections._parse' /usr/share/ansible/collections/ansible_collections/network/base/roles/remediate/meta/main.yml Failed to find main.yml for role in network.base.
2026-10-07T14:46:42.769849+00:00 ERROR 'ansible_navigator.actions.collections._parse' /usr/share/ansible/collections/ansible_collections/network/base/roles/resource_manager/meta/argument_specs.yml Failed to find argument_specs.yml for role in network.base.
2026-10-07T14:46:42.769871+00:00 ERROR 'ansible_navigator.actions.collections._parse' /usr/share/ansible/collections/ansible_collections/network/base/roles/resource_manager/meta/main.yml Failed to find main.yml for role in network.base.
2026-10-07T14:46:42.769892+00:00 ERROR 'ansible_navigator.actions.collections._parse' /usr/share/ansible/collections/ansible_collections/network/base/roles/resource_manager/README.md Failed to find README.md for role in network.base.
2026-10-07T14:46:42.769912+00:00 ERROR 'ansible_navigator.actions.collections._parse' /usr/share/ansible/collections/ansible_collections/network/healthchecks/roles/bgp/meta/argument_specs.yml Failed to find argument_specs.yml for role in network.healthchecks.
2026-10-07T14:46:42.769933+00:00 ERROR 'ansible_navigator.actions.collections._parse' /usr/share/ansible/collections/ansible_collections/network/healthchecks/roles/bgp/meta/main.yml Failed to find main.yml for role in network.healthchecks.
2026-10-07T14:46:42.769955+00:00 ERROR 'ansible_navigator.actions.collections._parse' /usr/share/ansible/collections/ansible_collections/network/healthchecks/roles/cpu/meta/argument_specs.yml Failed to find argument_specs.yml for role in network.healthchecks.
2026-10-07T14:46:42.769976+00:00 ERROR 'ansible_navigator.actions.collections._parse' /usr/share/ansible/collections/ansible_collections/network/healthchecks/roles/cpu/meta/main.yml Failed to find main.yml for role in network.healthchecks.
2026-10-07T14:46:42.769996+00:00 ERROR 'ansible_navigator.actions.collections._parse' /usr/share/ansible/collections/ansible_collections/network/healthchecks/roles/crashfiles/meta/argument_specs.yml Failed to find argument_specs.yml for role in network.healthchecks.
2026-10-07T14:46:42.770016+00:00 ERROR 'ansible_navigator.actions.collections._parse' /usr/share/ansible/collections/ansible_collections/network/healthchecks/roles/crashfiles/meta/main.yml Failed to find main.yml for role in network.healthchecks.
2026-10-07T14:46:42.770036+00:00 ERROR 'ansible_navigator.actions.collections._parse' /usr/share/ansible/collections/ansible_collections/network/healthchecks/roles/environment/meta/argument_specs.yml Failed to find argument_specs.yml for role in network.healthchecks.
2026-10-07T14:46:42.770073+00:00 ERROR 'ansible_navigator.actions.collections._parse' /usr/share/ansible/collections/ansible_collections/network/healthchecks/roles/environment/meta/main.yml Failed to find main.yml for role in network.healthchecks.
2026-10-07T14:46:42.770093+00:00 ERROR 'ansible_navigator.actions.collections._parse' /usr/share/ansible/collections/ansible_collections/network/healthchecks/roles/filesystem/meta/argument_specs.yml Failed to find argument_specs.yml for role in network.healthchecks.
2026-10-07T14:46:42.770113+00:00 ERROR 'ansible_navigator.actions.collections._parse' /usr/share/ansible/collections/ansible_collections/network/healthchecks/roles/filesystem/meta/main.yml Failed to find main.yml for role in network.healthchecks.
2026-10-07T14:46:42.770133+00:00 ERROR 'ansible_navigator.actions.collections._parse' /usr/share/ansible/collections/ansible_collections/network/healthchecks/roles/interfaces/meta/argument_specs.yml Failed to find argument_specs.yml for role in network.healthchecks.
2026-10-07T14:46:42.770159+00:00 ERROR 'ansible_navigator.actions.collections._parse' /usr/share/ansible/collections/ansible_collections/network/healthchecks/roles/interfaces/meta/main.yml Failed to find main.yml for role in network.healthchecks.
2026-10-07T14:46:42.770180+00:00 ERROR 'ansible_navigator.actions.collections._parse' /usr/share/ansible/collections/ansible_collections/network/healthchecks/roles/ip_reachability/meta/argument_specs.yml Failed to find argument_specs.yml for role in network.healthchecks.
2026-10-07T14:46:42.770200+00:00 ERROR 'ansible_navigator.actions.collections._parse' /usr/share/ansible/collections/ansible_collections/network/healthchecks/roles/ip_reachability/meta/main.yml Failed to find main.yml for role in network.healthchecks.
2026-10-07T14:46:42.770220+00:00 ERROR 'ansible_navigator.actions.collections._parse' /usr/share/ansible/collections/ansible_collections/network/healthchecks/roles/memory/meta/argument_specs.yml Failed to find argument_specs.yml for role in network.healthchecks.
2026-10-07T14:46:42.770239+00:00 ERROR 'ansible_navigator.actions.collections._parse' /usr/share/ansible/collections/ansible_collections/network/healthchecks/roles/memory/meta/main.yml Failed to find main.yml for role in network.healthchecks.
2026-10-07T14:46:42.770258+00:00 ERROR 'ansible_navigator.actions.collections._parse' /usr/share/ansible/collections/ansible_collections/network/healthchecks/roles/ospf/meta/argument_specs.yml Failed to find argument_specs.yml for role in network.healthchecks.
2026-10-07T14:46:42.770278+00:00 ERROR 'ansible_navigator.actions.collections._parse' /usr/share/ansible/collections/ansible_collections/network/healthchecks/roles/ospf/meta/main.yml Failed to find main.yml for role in network.healthchecks.
2026-10-07T14:46:42.770298+00:00 ERROR 'ansible_navigator.actions.collections._parse' /usr/share/ansible/collections/ansible_collections/network/healthchecks/roles/uptime/meta/argument_specs.yml Failed to find argument_specs.yml for role in network.healthchecks.
2026-10-07T14:46:42.770318+00:00 ERROR 'ansible_navigator.actions.collections._parse' /usr/share/ansible/collections/ansible_collections/network/healthchecks/roles/uptime/meta/main.yml Failed to find main.yml for role in network.healthchecks.
2026-10-07T14:46:42.770337+00:00 ERROR 'ansible_navigator.actions.collections._parse' /usr/share/ansible/collections/ansible_collections/network/inventory_reports/roles/configure/meta/argument_specs.yml Failed to find argument_specs.yml for role in network.inventory_reports.
2026-10-07T14:46:42.770357+00:00 ERROR 'ansible_navigator.actions.collections._parse' /usr/share/ansible/collections/ansible_collections/network/inventory_reports/roles/configure/meta/main.yml Failed to find main.yml for role in network.inventory_reports.
2026-10-07T14:46:42.770376+00:00 ERROR 'ansible_navigator.actions.collections._parse' /usr/share/ansible/collections/ansible_collections/network/inventory_reports/roles/deploy/meta/argument_specs.yml Failed to find argument_specs.yml for role in network.inventory_reports.
2026-10-07T14:46:42.770396+00:00 ERROR 'ansible_navigator.actions.collections._parse' /usr/share/ansible/collections/ansible_collections/network/inventory_reports/roles/deploy/meta/main.yml Failed to find main.yml for role in network.inventory_reports.
2026-10-07T14:46:42.770416+00:00 ERROR 'ansible_navigator.actions.collections._parse' /usr/share/ansible/collections/ansible_collections/network/inventory_reports/roles/detect/meta/argument_specs.yml Failed to find argument_specs.yml for role in network.inventory_reports.
2026-10-07T14:46:42.770436+00:00 ERROR 'ansible_navigator.actions.collections._parse' /usr/share/ansible/collections/ansible_collections/network/inventory_reports/roles/detect/meta/main.yml Failed to find main.yml for role in network.inventory_reports.
2026-10-07T14:46:42.770468+00:00 ERROR 'ansible_navigator.actions.collections._parse' /usr/share/ansible/collections/ansible_collections/network/inventory_reports/roles/gather/meta/argument_specs.yml Failed to find argument_specs.yml for role in network.inventory_reports.
2026-10-07T14:46:42.770492+00:00 ERROR 'ansible_navigator.actions.collections._parse' /usr/share/ansible/collections/ansible_collections/network/inventory_reports/roles/gather/meta/main.yml Failed to find main.yml for role in network.inventory_reports.
2026-10-07T14:46:42.770512+00:00 ERROR 'ansible_navigator.actions.collections._parse' /usr/share/ansible/collections/ansible_collections/network/inventory_reports/roles/generate_report/meta/argument_specs.yml Failed to find argument_specs.yml for role in network.inventory_reports.
2026-10-07T14:46:42.770533+00:00 ERROR 'ansible_navigator.actions.collections._parse' /usr/share/ansible/collections/ansible_collections/network/inventory_reports/roles/generate_report/meta/main.yml Failed to find main.yml for role in network.inventory_reports.
2026-10-07T14:46:42.770578+00:00 ERROR 'ansible_navigator.actions.collections._parse' /usr/share/ansible/collections/ansible_collections/network/inventory_reports/roles/list/meta/argument_specs.yml Failed to find argument_specs.yml for role in network.inventory_reports.
2026-10-07T14:46:42.770616+00:00 ERROR 'ansible_navigator.actions.collections._parse' /usr/share/ansible/collections/ansible_collections/network/inventory_reports/roles/list/meta/main.yml Failed to find main.yml for role in network.inventory_reports.
2026-10-07T14:46:42.770639+00:00 ERROR 'ansible_navigator.actions.collections._parse' /usr/share/ansible/collections/ansible_collections/network/inventory_reports/roles/persist/meta/argument_specs.yml Failed to find argument_specs.yml for role in network.inventory_reports.
2026-10-07T14:46:42.770674+00:00 ERROR 'ansible_navigator.actions.collections._parse' /usr/share/ansible/collections/ansible_collections/network/inventory_reports/roles/persist/meta/main.yml Failed to find main.yml for role in network.inventory_reports.
2026-10-07T14:46:42.770695+00:00 ERROR 'ansible_navigator.actions.collections._parse' /usr/share/ansible/collections/ansible_collections/network/inventory_reports/roles/remediate/meta/argument_specs.yml Failed to find argument_specs.yml for role in network.inventory_reports.
2026-10-07T14:46:42.770743+00:00 ERROR 'ansible_navigator.actions.collections._parse' /usr/share/ansible/collections/ansible_collections/network/inventory_reports/roles/remediate/meta/main.yml Failed to find main.yml for role in network.inventory_reports.
2026-10-08T08:13:48.717914+00:00 WARNING 'ansible_navigator.run' Dirty exit, killing the pid
2026-10-08T11:53:15.545079+00:00 ERROR 'ansible_navigator.actions.collections._parse' /home/student/cmc/collections/ansible_collections/cisco/catalystwan/roles/api_ready/meta/argument_specs.yml Failed to find argument_specs.yml for role in cisco.catalystwan.
2026-10-08T11:53:15.546619+00:00 ERROR 'ansible_navigator.actions.collections._parse' /home/student/cmc/collections/ansible_collections/cisco/catalystwan/roles/activate_edges/meta/argument_specs.yml Failed to find argument_specs.yml for role in cisco.catalystwan.
2026-10-08T11:53:15.546721+00:00 ERROR 'ansible_navigator.actions.collections._parse' /home/student/cmc/collections/ansible_collections/cisco/catalystwan/roles/health_checks/meta/argument_specs.yml Failed to find argument_specs.yml for role in cisco.catalystwan.
2026-10-08T11:53:15.546754+00:00 ERROR 'ansible_navigator.actions.collections._parse' /home/student/cmc/collections/ansible_collections/cisco/catalystwan/roles/onboarding_controllers/meta/argument_specs.yml Failed to find argument_specs.yml for role in cisco.catalystwan.
2026-10-08T11:53:15.546786+00:00 ERROR 'ansible_navigator.actions.collections._parse' /home/student/cmc/collections/ansible_collections/cisco/catalystwan/roles/vmanage_mode/meta/argument_specs.yml Failed to find argument_specs.yml for role in cisco.catalystwan.
2026-10-08T11:53:15.546817+00:00 ERROR 'ansible_navigator.actions.collections._parse' /home/student/cmc/collections/ansible_collections/cisco/catalystwan/roles/administration_settings/meta/argument_specs.yml Failed to find argument_specs.yml for role in cisco.catalystwan.
2026-10-08T11:53:15.546887+00:00 ERROR 'ansible_navigator.actions.collections._parse' /home/student/cmc/collections/ansible_collections/cisco/catalystwan/roles/sync_pnp_edges/meta/argument_specs.yml Failed to find argument_specs.yml for role in cisco.catalystwan.
2026-10-08T11:53:15.546934+00:00 ERROR 'ansible_navigator.actions.collections._parse' /home/student/cmc/collections/ansible_collections/cisco/catalystwan/roles/cluster/meta/argument_specs.yml Failed to find argument_specs.yml for role in cisco.catalystwan.
2026-10-08T11:53:15.546987+00:00 ERROR 'ansible_navigator.actions.collections._parse' /home/student/cmc/collections/ansible_collections/cisco/catalystwan/roles/software_upgrades_remote/meta/argument_specs.yml Failed to find argument_specs.yml for role in cisco.catalystwan.
2026-10-08T11:53:15.547012+00:00 ERROR 'ansible_navigator.actions.collections._parse' /home/student/cmc/collections/ansible_collections/cisco/catalystwan/roles/remove_edges/meta/argument_specs.yml Failed to find argument_specs.yml for role in cisco.catalystwan.
2026-10-08T11:53:15.547036+00:00 ERROR 'ansible_navigator.actions.collections._parse' /home/student/cmc/collections/ansible_collections/cisco/catalystwan/roles/remove_controllers/meta/argument_specs.yml Failed to find argument_specs.yml for role in cisco.catalystwan.
2026-10-08T11:53:15.547076+00:00 ERROR 'ansible_navigator.actions.collections._parse' /home/student/cmc/collections/ansible_collections/network/acls/roles/gather/meta/argument_specs.yml Failed to find argument_specs.yml for role in network.acls.
2026-10-08T11:53:15.547101+00:00 ERROR 'ansible_navigator.actions.collections._parse' /home/student/cmc/collections/ansible_collections/network/acls/roles/gather/meta/main.yml Failed to find main.yml for role in network.acls.
2026-10-08T11:53:15.547120+00:00 ERROR 'ansible_navigator.actions.collections._parse' /home/student/cmc/collections/ansible_collections/network/acls/roles/persist/meta/argument_specs.yml Failed to find argument_specs.yml for role in network.acls.
2026-10-08T11:53:15.547137+00:00 ERROR 'ansible_navigator.actions.collections._parse' /home/student/cmc/collections/ansible_collections/network/acls/roles/persist/meta/main.yml Failed to find main.yml for role in network.acls.
2026-10-08T11:53:15.547155+00:00 ERROR 'ansible_navigator.actions.collections._parse' /home/student/cmc/collections/ansible_collections/network/acls/roles/remediate/meta/argument_specs.yml Failed to find argument_specs.yml for role in network.acls.
2026-10-08T11:53:15.547171+00:00 ERROR 'ansible_navigator.actions.collections._parse' /home/student/cmc/collections/ansible_collections/network/acls/roles/remediate/meta/main.yml Failed to find main.yml for role in network.acls.
2026-10-08T11:53:15.547189+00:00 ERROR 'ansible_navigator.actions.collections._parse' /home/student/cmc/collections/ansible_collections/network/acls/roles/detect/meta/argument_specs.yml Failed to find argument_specs.yml for role in network.acls.
2026-10-08T11:53:15.547205+00:00 ERROR 'ansible_navigator.actions.collections._parse' /home/student/cmc/collections/ansible_collections/network/acls/roles/detect/meta/main.yml Failed to find main.yml for role in network.acls.
2026-10-08T11:53:15.547223+00:00 ERROR 'ansible_navigator.actions.collections._parse' /home/student/cmc/collections/ansible_collections/network/acls/roles/deploy/meta/argument_specs.yml Failed to find argument_specs.yml for role in network.acls.
2026-10-08T11:53:15.547257+00:00 ERROR 'ansible_navigator.actions.collections._parse' /home/student/cmc/collections/ansible_collections/network/acls/roles/deploy/meta/main.yml Failed to find main.yml for role in network.acls.
2026-10-08T11:53:15.547287+00:00 ERROR 'ansible_navigator.actions.collections._parse' /home/student/cmc/collections/ansible_collections/network/acls/roles/health_checks/meta/argument_specs.yml Failed to find argument_specs.yml for role in network.acls.
2026-10-08T11:53:15.547312+00:00 ERROR 'ansible_navigator.actions.collections._parse' /home/student/cmc/collections/ansible_collections/network/acls/roles/health_checks/meta/main.yml Failed to find main.yml for role in network.acls.
2026-10-08T11:53:15.547334+00:00 ERROR 'ansible_navigator.actions.collections._parse' /home/student/cmc/collections/ansible_collections/network/base/roles/deploy/meta/argument_specs.yml Failed to find argument_specs.yml for role in network.base.
2026-10-08T11:53:15.547355+00:00 ERROR 'ansible_navigator.actions.collections._parse' /home/student/cmc/collections/ansible_collections/network/base/roles/deploy/meta/main.yml Failed to find main.yml for role in network.base.
2026-10-08T11:53:15.547373+00:00 ERROR 'ansible_navigator.actions.collections._parse' /home/student/cmc/collections/ansible_collections/network/base/roles/list/meta/argument_specs.yml Failed to find argument_specs.yml for role in network.base.
2026-10-08T11:53:15.547391+00:00 ERROR 'ansible_navigator.actions.collections._parse' /home/student/cmc/collections/ansible_collections/network/base/roles/list/meta/main.yml Failed to find main.yml for role in network.base.
2026-10-08T11:53:15.547410+00:00 ERROR 'ansible_navigator.actions.collections._parse' /home/student/cmc/collections/ansible_collections/network/base/roles/detect/meta/argument_specs.yml Failed to find argument_specs.yml for role in network.base.
2026-10-08T11:53:15.547427+00:00 ERROR 'ansible_navigator.actions.collections._parse' /home/student/cmc/collections/ansible_collections/network/base/roles/detect/meta/main.yml Failed to find main.yml for role in network.base.
2026-10-08T11:53:15.547453+00:00 ERROR 'ansible_navigator.actions.collections._parse' /home/student/cmc/collections/ansible_collections/network/base/roles/remediate/meta/argument_specs.yml Failed to find argument_specs.yml for role in network.base.
2026-10-08T11:53:15.547515+00:00 ERROR 'ansible_navigator.actions.collections._parse' /home/student/cmc/collections/ansible_collections/network/base/roles/remediate/meta/main.yml Failed to find main.yml for role in network.base.
2026-10-08T11:53:15.547551+00:00 ERROR 'ansible_navigator.actions.collections._parse' /home/student/cmc/collections/ansible_collections/network/base/roles/resource_manager/meta/argument_specs.yml Failed to find argument_specs.yml for role in network.base.
2026-10-08T11:53:15.547581+00:00 ERROR 'ansible_navigator.actions.collections._parse' /home/student/cmc/collections/ansible_collections/network/base/roles/resource_manager/meta/main.yml Failed to find main.yml for role in network.base.
2026-10-08T11:53:15.547610+00:00 ERROR 'ansible_navigator.actions.collections._parse' /home/student/cmc/collections/ansible_collections/network/base/roles/resource_manager/README.md Failed to find README.md for role in network.base.
2026-10-08T11:53:15.547637+00:00 ERROR 'ansible_navigator.actions.collections._parse' /home/student/cmc/collections/ansible_collections/network/base/roles/gather/meta/argument_specs.yml Failed to find argument_specs.yml for role in network.base.
2026-10-08T11:53:15.547661+00:00 ERROR 'ansible_navigator.actions.collections._parse' /home/student/cmc/collections/ansible_collections/network/base/roles/gather/meta/main.yml Failed to find main.yml for role in network.base.
2026-10-08T11:53:15.547689+00:00 ERROR 'ansible_navigator.actions.collections._parse' /home/student/cmc/collections/ansible_collections/network/base/roles/persist/meta/argument_specs.yml Failed to find argument_specs.yml for role in network.base.
2026-10-08T11:53:15.547716+00:00 ERROR 'ansible_navigator.actions.collections._parse' /home/student/cmc/collections/ansible_collections/network/base/roles/persist/meta/main.yml Failed to find main.yml for role in network.base.
2026-10-08T11:53:15.547734+00:00 ERROR 'ansible_navigator.actions.collections._parse' /home/student/cmc/collections/ansible_collections/network/base/roles/configure/meta/argument_specs.yml Failed to find argument_specs.yml for role in network.base.
2026-10-08T11:53:15.547752+00:00 ERROR 'ansible_navigator.actions.collections._parse' /home/student/cmc/collections/ansible_collections/network/base/roles/configure/meta/main.yml Failed to find main.yml for role in network.base.
2026-10-08T11:53:15.547774+00:00 ERROR 'ansible_navigator.actions.collections._parse' /usr/share/ansible/collections/ansible_collections/redhat/insights/roles/compliance/meta/argument_specs.yml Failed to find argument_specs.yml for role in redhat.insights.
2026-10-08T11:53:15.547794+00:00 ERROR 'ansible_navigator.actions.collections._parse' /usr/share/ansible/collections/ansible_collections/redhat/insights/roles/insights_client/meta/argument_specs.yml Failed to find argument_specs.yml for role in redhat.insights.
2026-10-08T11:53:15.547812+00:00 ERROR 'ansible_navigator.actions.collections._parse' /usr/share/ansible/collections/ansible_collections/redhat/redhat_csp_download/roles/redhat_csp_download/meta/argument_specs.yml Failed to find argument_specs.yml for role in redhat.redhat_csp_download.
2026-10-08T11:53:15.547832+00:00 ERROR 'ansible_navigator.actions.collections._parse' /usr/share/ansible/collections/ansible_collections/redhat/redhat_csp_download/roles/redhat_csp_download/meta/main.yml Failed to find main.yml for role in redhat.redhat_csp_download.
2026-10-08T11:53:15.547859+00:00 ERROR 'ansible_navigator.actions.collections._parse' /usr/share/ansible/collections/ansible_collections/redhat/rhel_idm/roles/ipabackup/meta/argument_specs.yml Failed to find argument_specs.yml for role in redhat.rhel_idm.
2026-10-08T11:53:15.547884+00:00 ERROR 'ansible_navigator.actions.collections._parse' /usr/share/ansible/collections/ansible_collections/redhat/rhel_idm/roles/ipaclient/meta/argument_specs.yml Failed to find argument_specs.yml for role in redhat.rhel_idm.
2026-10-08T11:53:15.547908+00:00 ERROR 'ansible_navigator.actions.collections._parse' /usr/share/ansible/collections/ansible_collections/redhat/rhel_idm/roles/ipareplica/meta/argument_specs.yml Failed to find argument_specs.yml for role in redhat.rhel_idm.
2026-10-08T11:53:15.547934+00:00 ERROR 'ansible_navigator.actions.collections._parse' /usr/share/ansible/collections/ansible_collections/redhat/rhel_idm/roles/ipaserver/meta/argument_specs.yml Failed to find argument_specs.yml for role in redhat.rhel_idm.
2026-10-08T11:53:15.547960+00:00 ERROR 'ansible_navigator.actions.collections._parse' /usr/share/ansible/collections/ansible_collections/redhat/rhel_idm/roles/ipasmartcard_client/meta/argument_specs.yml Failed to find argument_specs.yml for role in redhat.rhel_idm.
2026-10-08T11:53:15.547991+00:00 ERROR 'ansible_navigator.actions.collections._parse' /usr/share/ansible/collections/ansible_collections/redhat/rhel_idm/roles/ipasmartcard_server/meta/argument_specs.yml Failed to find argument_specs.yml for role in redhat.rhel_idm.
2026-10-08T11:53:15.548015+00:00 ERROR 'ansible_navigator.actions.collections._parse' /usr/share/ansible/collections/ansible_collections/redhat/rhel_system_roles/roles/ad_integration/meta/argument_specs.yml Failed to find argument_specs.yml for role in redhat.rhel_system_roles.
2026-10-08T11:53:15.548061+00:00 ERROR 'ansible_navigator.actions.collections._parse' /usr/share/ansible/collections/ansible_collections/redhat/rhel_system_roles/roles/aide/meta/argument_specs.yml Failed to find argument_specs.yml for role in redhat.rhel_system_roles.
2026-10-08T11:53:15.548105+00:00 ERROR 'ansible_navigator.actions.collections._parse' /usr/share/ansible/collections/ansible_collections/redhat/rhel_system_roles/roles/bootloader/meta/argument_specs.yml Failed to find argument_specs.yml for role in redhat.rhel_system_roles.
2026-10-08T11:53:15.548149+00:00 ERROR 'ansible_navigator.actions.collections._parse' /usr/share/ansible/collections/ansible_collections/redhat/rhel_system_roles/roles/certificate/meta/argument_specs.yml Failed to find argument_specs.yml for role in redhat.rhel_system_roles.
2026-10-08T11:53:15.548172+00:00 ERROR 'ansible_navigator.actions.collections._parse' /usr/share/ansible/collections/ansible_collections/redhat/rhel_system_roles/roles/cockpit/meta/argument_specs.yml Failed to find argument_specs.yml for role in redhat.rhel_system_roles.
2026-10-08T11:53:15.548196+00:00 ERROR 'ansible_navigator.actions.collections._parse' /usr/share/ansible/collections/ansible_collections/redhat/rhel_system_roles/roles/crypto_policies/meta/argument_specs.yml Failed to find argument_specs.yml for role in redhat.rhel_system_roles.
2026-10-08T11:53:15.548216+00:00 ERROR 'ansible_navigator.actions.collections._parse' /usr/share/ansible/collections/ansible_collections/redhat/rhel_system_roles/roles/fapolicyd/meta/argument_specs.yml Failed to find argument_specs.yml for role in redhat.rhel_system_roles.
2026-10-08T11:53:15.548234+00:00 ERROR 'ansible_navigator.actions.collections._parse' /usr/share/ansible/collections/ansible_collections/redhat/rhel_system_roles/roles/firewall/meta/argument_specs.yml Failed to find argument_specs.yml for role in redhat.rhel_system_roles.
2026-10-08T11:53:15.548257+00:00 ERROR 'ansible_navigator.actions.collections._parse' /usr/share/ansible/collections/ansible_collections/redhat/rhel_system_roles/roles/ha_cluster/meta/argument_specs.yml Failed to find argument_specs.yml for role in redhat.rhel_system_roles.
2026-10-08T11:53:15.548298+00:00 ERROR 'ansible_navigator.actions.collections._parse' /usr/share/ansible/collections/ansible_collections/redhat/rhel_system_roles/roles/journald/meta/argument_specs.yml Failed to find argument_specs.yml for role in redhat.rhel_system_roles.
2026-10-08T11:53:15.548320+00:00 ERROR 'ansible_navigator.actions.collections._parse' /usr/share/ansible/collections/ansible_collections/redhat/rhel_system_roles/roles/kdump/meta/argument_specs.yml Failed to find argument_specs.yml for role in redhat.rhel_system_roles.
2026-10-08T11:53:15.548339+00:00 ERROR 'ansible_navigator.actions.collections._parse' /usr/share/ansible/collections/ansible_collections/redhat/rhel_system_roles/roles/kernel_settings/meta/argument_specs.yml Failed to find argument_specs.yml for role in redhat.rhel_system_roles.
2026-10-08T11:53:15.548358+00:00 ERROR 'ansible_navigator.actions.collections._parse' /usr/share/ansible/collections/ansible_collections/redhat/rhel_system_roles/roles/keylime_server/meta/argument_specs.yml Failed to find argument_specs.yml for role in redhat.rhel_system_roles.
2026-10-08T11:53:15.548375+00:00 ERROR 'ansible_navigator.actions.collections._parse' /usr/share/ansible/collections/ansible_collections/redhat/rhel_system_roles/roles/logging/meta/argument_specs.yml Failed to find argument_specs.yml for role in redhat.rhel_system_roles.
2026-10-08T11:53:15.548393+00:00 ERROR 'ansible_navigator.actions.collections._parse' /usr/share/ansible/collections/ansible_collections/redhat/rhel_system_roles/roles/metrics/meta/argument_specs.yml Failed to find argument_specs.yml for role in redhat.rhel_system_roles.
2026-10-08T11:53:15.548412+00:00 ERROR 'ansible_navigator.actions.collections._parse' /usr/share/ansible/collections/ansible_collections/redhat/rhel_system_roles/roles/nbde_client/meta/argument_specs.yml Failed to find argument_specs.yml for role in redhat.rhel_system_roles.
2026-10-08T11:53:15.548432+00:00 ERROR 'ansible_navigator.actions.collections._parse' /usr/share/ansible/collections/ansible_collections/redhat/rhel_system_roles/roles/nbde_server/meta/argument_specs.yml Failed to find argument_specs.yml for role in redhat.rhel_system_roles.
2026-10-08T11:53:15.548449+00:00 ERROR 'ansible_navigator.actions.collections._parse' /usr/share/ansible/collections/ansible_collections/redhat/rhel_system_roles/roles/network/meta/argument_specs.yml Failed to find argument_specs.yml for role in redhat.rhel_system_roles.
2026-10-08T11:53:15.548685+00:00 ERROR 'ansible_navigator.actions.collections._parse' /usr/share/ansible/collections/ansible_collections/redhat/rhel_system_roles/roles/podman/meta/argument_specs.yml Failed to find argument_specs.yml for role in redhat.rhel_system_roles.
2026-10-08T11:53:15.548735+00:00 ERROR 'ansible_navigator.actions.collections._parse' /usr/share/ansible/collections/ansible_collections/redhat/rhel_system_roles/roles/postfix/meta/argument_specs.yml Failed to find argument_specs.yml for role in redhat.rhel_system_roles.
2026-10-08T11:53:15.548761+00:00 ERROR 'ansible_navigator.actions.collections._parse' /usr/share/ansible/collections/ansible_collections/redhat/rhel_system_roles/roles/postgresql/meta/argument_specs.yml Failed to find argument_specs.yml for role in redhat.rhel_system_roles.
2026-10-08T11:53:15.548780+00:00 ERROR 'ansible_navigator.actions.collections._parse' /usr/share/ansible/collections/ansible_collections/redhat/rhel_system_roles/roles/private_logging_subrole_rsyslog/meta/argument_specs.yml Failed to find argument_specs.yml for role in redhat.rhel_system_roles.
2026-10-08T11:53:15.548803+00:00 ERROR 'ansible_navigator.actions.collections._parse' /usr/share/ansible/collections/ansible_collections/redhat/rhel_system_roles/roles/private_metrics_subrole_bpftrace/meta/argument_specs.yml Failed to find argument_specs.yml for role in redhat.rhel_system_roles.
2026-10-08T11:53:15.548823+00:00 ERROR 'ansible_navigator.actions.collections._parse' /usr/share/ansible/collections/ansible_collections/redhat/rhel_system_roles/roles/private_metrics_subrole_elasticsearch/meta/argument_specs.yml Failed to find argument_specs.yml for role in redhat.rhel_system_roles.
2026-10-08T11:53:15.548841+00:00 ERROR 'ansible_navigator.actions.collections._parse' /usr/share/ansible/collections/ansible_collections/redhat/rhel_system_roles/roles/private_metrics_subrole_grafana/meta/argument_specs.yml Failed to find argument_specs.yml for role in redhat.rhel_system_roles.
2026-10-08T11:53:15.548860+00:00 ERROR 'ansible_navigator.actions.collections._parse' /usr/share/ansible/collections/ansible_collections/redhat/rhel_system_roles/roles/private_metrics_subrole_keyserver/meta/argument_specs.yml Failed to find argument_specs.yml for role in redhat.rhel_system_roles.
2026-10-08T11:53:15.548877+00:00 ERROR 'ansible_navigator.actions.collections._parse' /usr/share/ansible/collections/ansible_collections/redhat/rhel_system_roles/roles/private_metrics_subrole_mssql/meta/argument_specs.yml Failed to find argument_specs.yml for role in redhat.rhel_system_roles.
2026-10-08T11:53:15.548894+00:00 ERROR 'ansible_navigator.actions.collections._parse' /usr/share/ansible/collections/ansible_collections/redhat/rhel_system_roles/roles/private_metrics_subrole_pcp/meta/argument_specs.yml Failed to find argument_specs.yml for role in redhat.rhel_system_roles.
2026-10-08T11:53:15.548912+00:00 ERROR 'ansible_navigator.actions.collections._parse' /usr/share/ansible/collections/ansible_collections/redhat/rhel_system_roles/roles/private_metrics_subrole_postfix/meta/argument_specs.yml Failed to find argument_specs.yml for role in redhat.rhel_system_roles.
2026-10-08T11:53:15.548929+00:00 ERROR 'ansible_navigator.actions.collections._parse' /usr/share/ansible/collections/ansible_collections/redhat/rhel_system_roles/roles/private_metrics_subrole_repository/meta/argument_specs.yml Failed to find argument_specs.yml for role in redhat.rhel_system_roles.
2026-10-08T11:53:15.548946+00:00 ERROR 'ansible_navigator.actions.collections._parse' /usr/share/ansible/collections/ansible_collections/redhat/rhel_system_roles/roles/private_metrics_subrole_spark/meta/argument_specs.yml Failed to find argument_specs.yml for role in redhat.rhel_system_roles.
2026-10-08T11:53:15.548963+00:00 ERROR 'ansible_navigator.actions.collections._parse' /usr/share/ansible/collections/ansible_collections/redhat/rhel_system_roles/roles/rhc/meta/argument_specs.yml Failed to find argument_specs.yml for role in redhat.rhel_system_roles.
2026-10-08T11:53:15.548980+00:00 ERROR 'ansible_navigator.actions.collections._parse' /usr/share/ansible/collections/ansible_collections/redhat/rhel_system_roles/roles/selinux/meta/argument_specs.yml Failed to find argument_specs.yml for role in redhat.rhel_system_roles.
2026-10-08T11:53:15.548997+00:00 ERROR 'ansible_navigator.actions.collections._parse' /usr/share/ansible/collections/ansible_collections/redhat/rhel_system_roles/roles/snapshot/meta/argument_specs.yml Failed to find argument_specs.yml for role in redhat.rhel_system_roles.
2026-10-08T11:53:15.549019+00:00 ERROR 'ansible_navigator.actions.collections._parse' /usr/share/ansible/collections/ansible_collections/redhat/rhel_system_roles/roles/ssh/meta/argument_specs.yml Failed to find argument_specs.yml for role in redhat.rhel_system_roles.
2026-10-08T11:53:15.549037+00:00 ERROR 'ansible_navigator.actions.collections._parse' /usr/share/ansible/collections/ansible_collections/redhat/rhel_system_roles/roles/sshd/meta/argument_specs.yml Failed to find argument_specs.yml for role in redhat.rhel_system_roles.
2026-10-08T11:53:15.549074+00:00 ERROR 'ansible_navigator.actions.collections._parse' /usr/share/ansible/collections/ansible_collections/redhat/rhel_system_roles/roles/storage/meta/argument_specs.yml Failed to find argument_specs.yml for role in redhat.rhel_system_roles.
2026-10-08T11:53:15.549091+00:00 ERROR 'ansible_navigator.actions.collections._parse' /usr/share/ansible/collections/ansible_collections/redhat/rhel_system_roles/roles/sudo/meta/argument_specs.yml Failed to find argument_specs.yml for role in redhat.rhel_system_roles.
2026-10-08T11:53:15.549108+00:00 ERROR 'ansible_navigator.actions.collections._parse' /usr/share/ansible/collections/ansible_collections/redhat/rhel_system_roles/roles/systemd/meta/argument_specs.yml Failed to find argument_specs.yml for role in redhat.rhel_system_roles.
2026-10-08T11:53:15.549128+00:00 ERROR 'ansible_navigator.actions.collections._parse' /usr/share/ansible/collections/ansible_collections/redhat/rhel_system_roles/roles/timesync/meta/argument_specs.yml Failed to find argument_specs.yml for role in redhat.rhel_system_roles.
2026-10-08T11:53:15.549169+00:00 ERROR 'ansible_navigator.actions.collections._parse' /usr/share/ansible/collections/ansible_collections/redhat/rhel_system_roles/roles/tlog/meta/argument_specs.yml Failed to find argument_specs.yml for role in redhat.rhel_system_roles.
2026-10-08T11:53:15.549193+00:00 ERROR 'ansible_navigator.actions.collections._parse' /usr/share/ansible/collections/ansible_collections/redhat/rhel_system_roles/roles/vpn/meta/argument_specs.yml Failed to find argument_specs.yml for role in redhat.rhel_system_roles.
2026-10-08T11:53:15.549212+00:00 ERROR 'ansible_navigator.actions.collections._parse' /usr/share/ansible/collections/ansible_collections/redhat/rhv/roles/cluster_upgrade/meta/argument_specs.yml Failed to find argument_specs.yml for role in redhat.rhv.
2026-10-08T11:53:15.549234+00:00 ERROR 'ansible_navigator.actions.collections._parse' /usr/share/ansible/collections/ansible_collections/redhat/rhv/roles/cluster_upgrade/meta/main.yml Failed to find main.yml for role in redhat.rhv.
2026-10-08T11:53:15.549252+00:00 ERROR 'ansible_navigator.actions.collections._parse' /usr/share/ansible/collections/ansible_collections/redhat/rhv/roles/disaster_recovery/meta/argument_specs.yml Failed to find argument_specs.yml for role in redhat.rhv.
2026-10-08T11:53:15.549274+00:00 ERROR 'ansible_navigator.actions.collections._parse' /usr/share/ansible/collections/ansible_collections/redhat/rhv/roles/disaster_recovery/meta/main.yml Failed to find main.yml for role in redhat.rhv.
2026-10-08T11:53:15.549313+00:00 ERROR 'ansible_navigator.actions.collections._parse' /usr/share/ansible/collections/ansible_collections/redhat/rhv/roles/engine_setup/meta/argument_specs.yml Failed to find argument_specs.yml for role in redhat.rhv.
2026-10-08T11:53:15.549335+00:00 ERROR 'ansible_navigator.actions.collections._parse' /usr/share/ansible/collections/ansible_collections/redhat/rhv/roles/engine_setup/meta/main.yml Failed to find main.yml for role in redhat.rhv.
2026-10-08T11:53:15.549354+00:00 ERROR 'ansible_navigator.actions.collections._parse' /usr/share/ansible/collections/ansible_collections/redhat/rhv/roles/hosted_engine_setup/meta/argument_specs.yml Failed to find argument_specs.yml for role in redhat.rhv.
2026-10-08T11:53:15.549372+00:00 ERROR 'ansible_navigator.actions.collections._parse' /usr/share/ansible/collections/ansible_collections/redhat/rhv/roles/hosted_engine_setup/meta/main.yml Failed to find main.yml for role in redhat.rhv.
2026-10-08T11:53:15.549394+00:00 ERROR 'ansible_navigator.actions.collections._parse' /usr/share/ansible/collections/ansible_collections/redhat/rhv/roles/image_template/meta/argument_specs.yml Failed to find argument_specs.yml for role in redhat.rhv.
2026-10-08T11:53:15.549412+00:00 ERROR 'ansible_navigator.actions.collections._parse' /usr/share/ansible/collections/ansible_collections/redhat/rhv/roles/image_template/meta/main.yml Failed to find main.yml for role in redhat.rhv.
2026-10-08T11:53:15.549429+00:00 ERROR 'ansible_navigator.actions.collections._parse' /usr/share/ansible/collections/ansible_collections/redhat/rhv/roles/infra/meta/argument_specs.yml Failed to find argument_specs.yml for role in redhat.rhv.
2026-10-08T11:53:15.549446+00:00 ERROR 'ansible_navigator.actions.collections._parse' /usr/share/ansible/collections/ansible_collections/redhat/rhv/roles/infra/meta/main.yml Failed to find main.yml for role in redhat.rhv.
2026-10-08T11:53:15.549464+00:00 ERROR 'ansible_navigator.actions.collections._parse' /usr/share/ansible/collections/ansible_collections/redhat/rhv/roles/remove_stale_lun/meta/argument_specs.yml Failed to find argument_specs.yml for role in redhat.rhv.
2026-10-08T11:53:15.549511+00:00 ERROR 'ansible_navigator.actions.collections._parse' /usr/share/ansible/collections/ansible_collections/redhat/rhv/roles/remove_stale_lun/meta/main.yml Failed to find main.yml for role in redhat.rhv.
2026-10-08T11:53:15.549555+00:00 ERROR 'ansible_navigator.actions.collections._parse' /usr/share/ansible/collections/ansible_collections/redhat/rhv/roles/repositories/meta/argument_specs.yml Failed to find argument_specs.yml for role in redhat.rhv.
2026-10-08T11:53:15.549579+00:00 ERROR 'ansible_navigator.actions.collections._parse' /usr/share/ansible/collections/ansible_collections/redhat/rhv/roles/repositories/meta/main.yml Failed to find main.yml for role in redhat.rhv.
2026-10-08T11:53:15.549597+00:00 ERROR 'ansible_navigator.actions.collections._parse' /usr/share/ansible/collections/ansible_collections/redhat/rhv/roles/shutdown_env/meta/argument_specs.yml Failed to find argument_specs.yml for role in redhat.rhv.
2026-10-08T11:53:15.549615+00:00 ERROR 'ansible_navigator.actions.collections._parse' /usr/share/ansible/collections/ansible_collections/redhat/rhv/roles/shutdown_env/meta/main.yml Failed to find main.yml for role in redhat.rhv.
2026-10-08T11:53:15.549633+00:00 ERROR 'ansible_navigator.actions.collections._parse' /usr/share/ansible/collections/ansible_collections/redhat/rhv/roles/vm_infra/meta/argument_specs.yml Failed to find argument_specs.yml for role in redhat.rhv.
2026-10-08T11:53:15.549650+00:00 ERROR 'ansible_navigator.actions.collections._parse' /usr/share/ansible/collections/ansible_collections/redhat/rhv/roles/vm_infra/meta/main.yml Failed to find main.yml for role in redhat.rhv.
2026-10-08T11:53:15.549667+00:00 ERROR 'ansible_navigator.actions.collections._parse' /usr/share/ansible/collections/ansible_collections/redhat/sap_install/roles/sap_ha_install_hana_hsr/meta/argument_specs.yml Failed to find argument_specs.yml for role in redhat.sap_install.
2026-10-08T11:53:15.549685+00:00 ERROR 'ansible_navigator.actions.collections._parse' /usr/share/ansible/collections/ansible_collections/redhat/sap_install/roles/sap_swpm/meta/argument_specs.yml Failed to find argument_specs.yml for role in redhat.sap_install.
2026-10-08T11:53:15.549709+00:00 ERROR 'ansible_navigator.actions.collections._parse' /usr/share/ansible/collections/ansible_collections/redhat/satellite/roles/activation_keys/meta/argument_specs.yml Failed to find argument_specs.yml for role in redhat.satellite.
2026-10-08T11:53:15.549728+00:00 ERROR 'ansible_navigator.actions.collections._parse' /usr/share/ansible/collections/ansible_collections/redhat/satellite/roles/auth_sources_ldap/meta/argument_specs.yml Failed to find argument_specs.yml for role in redhat.satellite.
2026-10-08T11:53:15.549746+00:00 ERROR 'ansible_navigator.actions.collections._parse' /usr/share/ansible/collections/ansible_collections/redhat/satellite/roles/compute_profiles/meta/argument_specs.yml Failed to find argument_specs.yml for role in redhat.satellite.
2026-10-08T11:53:15.549769+00:00 ERROR 'ansible_navigator.actions.collections._parse' /usr/share/ansible/collections/ansible_collections/redhat/satellite/roles/compute_resources/meta/argument_specs.yml Failed to find argument_specs.yml for role in redhat.satellite.
2026-10-08T11:53:15.549786+00:00 ERROR 'ansible_navigator.actions.collections._parse' /usr/share/ansible/collections/ansible_collections/redhat/satellite/roles/content_credentials/meta/argument_specs.yml Failed to find argument_specs.yml for role in redhat.satellite.
2026-10-08T11:53:15.549803+00:00 ERROR 'ansible_navigator.actions.collections._parse' /usr/share/ansible/collections/ansible_collections/redhat/satellite/roles/content_rhel/meta/argument_specs.yml Failed to find argument_specs.yml for role in redhat.satellite.
2026-10-08T11:53:15.549821+00:00 ERROR 'ansible_navigator.actions.collections._parse' /usr/share/ansible/collections/ansible_collections/redhat/satellite/roles/content_view_publish/meta/argument_specs.yml Failed to find argument_specs.yml for role in redhat.satellite.
2026-10-08T11:53:15.549839+00:00 ERROR 'ansible_navigator.actions.collections._parse' /usr/share/ansible/collections/ansible_collections/redhat/satellite/roles/content_view_version_cleanup/meta/argument_specs.yml Failed to find argument_specs.yml for role in redhat.satellite.
2026-10-08T11:53:15.549856+00:00 ERROR 'ansible_navigator.actions.collections._parse' /usr/share/ansible/collections/ansible_collections/redhat/satellite/roles/content_views/meta/argument_specs.yml Failed to find argument_specs.yml for role in redhat.satellite.
2026-10-08T11:53:15.549874+00:00 ERROR 'ansible_navigator.actions.collections._parse' /usr/share/ansible/collections/ansible_collections/redhat/satellite/roles/convert2rhel/meta/argument_specs.yml Failed to find argument_specs.yml for role in redhat.satellite.
2026-10-08T11:53:15.549891+00:00 ERROR 'ansible_navigator.actions.collections._parse' /usr/share/ansible/collections/ansible_collections/redhat/satellite/roles/domains/meta/argument_specs.yml Failed to find argument_specs.yml for role in redhat.satellite.
2026-10-08T11:53:15.549908+00:00 ERROR 'ansible_navigator.actions.collections._parse' /usr/share/ansible/collections/ansible_collections/redhat/satellite/roles/hostgroups/meta/argument_specs.yml Failed to find argument_specs.yml for role in redhat.satellite.
2026-10-08T11:53:15.549925+00:00 ERROR 'ansible_navigator.actions.collections._parse' /usr/share/ansible/collections/ansible_collections/redhat/satellite/roles/lifecycle_environments/meta/argument_specs.yml Failed to find argument_specs.yml for role in redhat.satellite.
2026-10-08T11:53:15.549942+00:00 ERROR 'ansible_navigator.actions.collections._parse' /usr/share/ansible/collections/ansible_collections/redhat/satellite/roles/locations/meta/argument_specs.yml Failed to find argument_specs.yml for role in redhat.satellite.
2026-10-08T11:53:15.549962+00:00 ERROR 'ansible_navigator.actions.collections._parse' /usr/share/ansible/collections/ansible_collections/redhat/satellite/roles/manifest/meta/argument_specs.yml Failed to find argument_specs.yml for role in redhat.satellite.
2026-10-08T11:53:15.549978+00:00 ERROR 'ansible_navigator.actions.collections._parse' /usr/share/ansible/collections/ansible_collections/redhat/satellite/roles/operatingsystems/meta/argument_specs.yml Failed to find argument_specs.yml for role in redhat.satellite.
2026-10-08T11:53:15.549997+00:00 ERROR 'ansible_navigator.actions.collections._parse' /usr/share/ansible/collections/ansible_collections/redhat/satellite/roles/organizations/meta/argument_specs.yml Failed to find argument_specs.yml for role in redhat.satellite.
2026-10-08T11:53:15.550014+00:00 ERROR 'ansible_navigator.actions.collections._parse' /usr/share/ansible/collections/ansible_collections/redhat/satellite/roles/provisioning_templates/meta/argument_specs.yml Failed to find argument_specs.yml for role in redhat.satellite.
2026-10-08T11:53:15.550033+00:00 ERROR 'ansible_navigator.actions.collections._parse' /usr/share/ansible/collections/ansible_collections/redhat/satellite/roles/repositories/meta/argument_specs.yml Failed to find argument_specs.yml for role in redhat.satellite.
2026-10-08T11:53:15.550092+00:00 ERROR 'ansible_navigator.actions.collections._parse' /usr/share/ansible/collections/ansible_collections/redhat/satellite/roles/settings/meta/argument_specs.yml Failed to find argument_specs.yml for role in redhat.satellite.
2026-10-08T11:53:15.550111+00:00 ERROR 'ansible_navigator.actions.collections._parse' /usr/share/ansible/collections/ansible_collections/redhat/satellite/roles/subnets/meta/argument_specs.yml Failed to find argument_specs.yml for role in redhat.satellite.
2026-10-08T11:53:15.550127+00:00 ERROR 'ansible_navigator.actions.collections._parse' /usr/share/ansible/collections/ansible_collections/redhat/satellite/roles/sync_plans/meta/argument_specs.yml Failed to find argument_specs.yml for role in redhat.satellite.
2026-10-08T11:53:15.550148+00:00 ERROR 'ansible_navigator.actions.collections._parse' /usr/share/ansible/collections/ansible_collections/redhat/satellite_operations/roles/backup/meta/argument_specs.yml Failed to find argument_specs.yml for role in redhat.satellite_operations.
2026-10-08T11:53:15.550187+00:00 ERROR 'ansible_navigator.actions.collections._parse' /usr/share/ansible/collections/ansible_collections/redhat/satellite_operations/roles/backup/meta/main.yml Failed to find main.yml for role in redhat.satellite_operations.
2026-10-08T11:53:15.550210+00:00 ERROR 'ansible_navigator.actions.collections._parse' /usr/share/ansible/collections/ansible_collections/redhat/satellite_operations/roles/capsule_certs_generate/meta/argument_specs.yml Failed to find argument_specs.yml for role in redhat.satellite_operations.
2026-10-08T11:53:15.550230+00:00 ERROR 'ansible_navigator.actions.collections._parse' /usr/share/ansible/collections/ansible_collections/redhat/satellite_operations/roles/capsule_certs_generate/meta/main.yml Failed to find main.yml for role in redhat.satellite_operations.
2026-10-08T11:53:15.550248+00:00 ERROR 'ansible_navigator.actions.collections._parse' /usr/share/ansible/collections/ansible_collections/redhat/satellite_operations/roles/cloud_connector/meta/argument_specs.yml Failed to find argument_specs.yml for role in redhat.satellite_operations.
2026-10-08T11:53:15.550266+00:00 ERROR 'ansible_navigator.actions.collections._parse' /usr/share/ansible/collections/ansible_collections/redhat/satellite_operations/roles/cloud_connector/meta/main.yml Failed to find main.yml for role in redhat.satellite_operations.
2026-10-08T11:53:15.550283+00:00 ERROR 'ansible_navigator.actions.collections._parse' /usr/share/ansible/collections/ansible_collections/redhat/satellite_operations/roles/installer/meta/argument_specs.yml Failed to find argument_specs.yml for role in redhat.satellite_operations.
2026-10-08T11:53:15.550322+00:00 ERROR 'ansible_navigator.actions.collections._parse' /usr/share/ansible/collections/ansible_collections/redhat/satellite_operations/roles/installer/meta/main.yml Failed to find main.yml for role in redhat.satellite_operations.
2026-10-08T11:53:15.550345+00:00 ERROR 'ansible_navigator.actions.collections._parse' /usr/share/ansible/collections/ansible_collections/redhat/satellite_operations/roles/metrics/meta/argument_specs.yml Failed to find argument_specs.yml for role in redhat.satellite_operations.
2026-10-08T11:53:15.550365+00:00 ERROR 'ansible_navigator.actions.collections._parse' /usr/share/ansible/collections/ansible_collections/redhat/satellite_operations/roles/metrics/meta/main.yml Failed to find main.yml for role in redhat.satellite_operations.
2026-10-08T11:53:15.550384+00:00 ERROR 'ansible_navigator.actions.collections._parse' /usr/share/ansible/collections/ansible_collections/network/backup/roles/backup/meta/main.yml Failed to find main.yml for role in network.backup.
2026-10-08T11:53:15.550402+00:00 ERROR 'ansible_navigator.actions.collections._parse' /usr/share/ansible/collections/ansible_collections/network/backup/roles/restore/meta/argument_specs.yml Failed to find argument_specs.yml for role in network.backup.
2026-10-08T11:53:15.550423+00:00 ERROR 'ansible_navigator.actions.collections._parse' /usr/share/ansible/collections/ansible_collections/network/backup/roles/restore/meta/main.yml Failed to find main.yml for role in network.backup.
2026-10-08T11:53:15.550441+00:00 ERROR 'ansible_navigator.actions.collections._parse' /usr/share/ansible/collections/ansible_collections/network/base/roles/configure/meta/argument_specs.yml Failed to find argument_specs.yml for role in network.base.
2026-10-08T11:53:15.550458+00:00 ERROR 'ansible_navigator.actions.collections._parse' /usr/share/ansible/collections/ansible_collections/network/base/roles/configure/meta/main.yml Failed to find main.yml for role in network.base.
2026-10-08T11:53:15.550474+00:00 ERROR 'ansible_navigator.actions.collections._parse' /usr/share/ansible/collections/ansible_collections/network/base/roles/deploy/meta/argument_specs.yml Failed to find argument_specs.yml for role in network.base.
2026-10-08T11:53:15.550557+00:00 ERROR 'ansible_navigator.actions.collections._parse' /usr/share/ansible/collections/ansible_collections/network/base/roles/deploy/meta/main.yml Failed to find main.yml for role in network.base.
2026-10-08T11:53:15.550596+00:00 ERROR 'ansible_navigator.actions.collections._parse' /usr/share/ansible/collections/ansible_collections/network/base/roles/detect/meta/argument_specs.yml Failed to find argument_specs.yml for role in network.base.
2026-10-08T11:53:15.550616+00:00 ERROR 'ansible_navigator.actions.collections._parse' /usr/share/ansible/collections/ansible_collections/network/base/roles/detect/meta/main.yml Failed to find main.yml for role in network.base.
2026-10-08T11:53:15.550635+00:00 ERROR 'ansible_navigator.actions.collections._parse' /usr/share/ansible/collections/ansible_collections/network/base/roles/gather/meta/argument_specs.yml Failed to find argument_specs.yml for role in network.base.
2026-10-08T11:53:15.550653+00:00 ERROR 'ansible_navigator.actions.collections._parse' /usr/share/ansible/collections/ansible_collections/network/base/roles/gather/meta/main.yml Failed to find main.yml for role in network.base.
2026-10-08T11:53:15.550670+00:00 ERROR 'ansible_navigator.actions.collections._parse' /usr/share/ansible/collections/ansible_collections/network/base/roles/list/meta/argument_specs.yml Failed to find argument_specs.yml for role in network.base.
2026-10-08T11:53:15.550688+00:00 ERROR 'ansible_navigator.actions.collections._parse' /usr/share/ansible/collections/ansible_collections/network/base/roles/list/meta/main.yml Failed to find main.yml for role in network.base.
2026-10-08T11:53:15.550705+00:00 ERROR 'ansible_navigator.actions.collections._parse' /usr/share/ansible/collections/ansible_collections/network/base/roles/persist/meta/argument_specs.yml Failed to find argument_specs.yml for role in network.base.
2026-10-08T11:53:15.550722+00:00 ERROR 'ansible_navigator.actions.collections._parse' /usr/share/ansible/collections/ansible_collections/network/base/roles/persist/meta/main.yml Failed to find main.yml for role in network.base.
2026-10-08T11:53:15.550739+00:00 ERROR 'ansible_navigator.actions.collections._parse' /usr/share/ansible/collections/ansible_collections/network/base/roles/remediate/meta/argument_specs.yml Failed to find argument_specs.yml for role in network.base.
2026-10-08T11:53:15.550756+00:00 ERROR 'ansible_navigator.actions.collections._parse' /usr/share/ansible/collections/ansible_collections/network/base/roles/remediate/meta/main.yml Failed to find main.yml for role in network.base.
2026-10-08T11:53:15.550773+00:00 ERROR 'ansible_navigator.actions.collections._parse' /usr/share/ansible/collections/ansible_collections/network/base/roles/resource_manager/meta/argument_specs.yml Failed to find argument_specs.yml for role in network.base.
2026-10-08T11:53:15.550790+00:00 ERROR 'ansible_navigator.actions.collections._parse' /usr/share/ansible/collections/ansible_collections/network/base/roles/resource_manager/meta/main.yml Failed to find main.yml for role in network.base.
2026-10-08T11:53:15.550810+00:00 ERROR 'ansible_navigator.actions.collections._parse' /usr/share/ansible/collections/ansible_collections/network/base/roles/resource_manager/README.md Failed to find README.md for role in network.base.
2026-10-08T11:53:15.550827+00:00 ERROR 'ansible_navigator.actions.collections._parse' /usr/share/ansible/collections/ansible_collections/network/healthchecks/roles/bgp/meta/argument_specs.yml Failed to find argument_specs.yml for role in network.healthchecks.
2026-10-08T11:53:15.550844+00:00 ERROR 'ansible_navigator.actions.collections._parse' /usr/share/ansible/collections/ansible_collections/network/healthchecks/roles/bgp/meta/main.yml Failed to find main.yml for role in network.healthchecks.
2026-10-08T11:53:15.550861+00:00 ERROR 'ansible_navigator.actions.collections._parse' /usr/share/ansible/collections/ansible_collections/network/healthchecks/roles/cpu/meta/argument_specs.yml Failed to find argument_specs.yml for role in network.healthchecks.
2026-10-08T11:53:15.550878+00:00 ERROR 'ansible_navigator.actions.collections._parse' /usr/share/ansible/collections/ansible_collections/network/healthchecks/roles/cpu/meta/main.yml Failed to find main.yml for role in network.healthchecks.
2026-10-08T11:53:15.550895+00:00 ERROR 'ansible_navigator.actions.collections._parse' /usr/share/ansible/collections/ansible_collections/network/healthchecks/roles/crashfiles/meta/argument_specs.yml Failed to find argument_specs.yml for role in network.healthchecks.
2026-10-08T11:53:15.550911+00:00 ERROR 'ansible_navigator.actions.collections._parse' /usr/share/ansible/collections/ansible_collections/network/healthchecks/roles/crashfiles/meta/main.yml Failed to find main.yml for role in network.healthchecks.
2026-10-08T11:53:15.550928+00:00 ERROR 'ansible_navigator.actions.collections._parse' /usr/share/ansible/collections/ansible_collections/network/healthchecks/roles/environment/meta/argument_specs.yml Failed to find argument_specs.yml for role in network.healthchecks.
2026-10-08T11:53:15.550945+00:00 ERROR 'ansible_navigator.actions.collections._parse' /usr/share/ansible/collections/ansible_collections/network/healthchecks/roles/environment/meta/main.yml Failed to find main.yml for role in network.healthchecks.
2026-10-08T11:53:15.550961+00:00 ERROR 'ansible_navigator.actions.collections._parse' /usr/share/ansible/collections/ansible_collections/network/healthchecks/roles/filesystem/meta/argument_specs.yml Failed to find argument_specs.yml for role in network.healthchecks.
2026-10-08T11:53:15.550978+00:00 ERROR 'ansible_navigator.actions.collections._parse' /usr/share/ansible/collections/ansible_collections/network/healthchecks/roles/filesystem/meta/main.yml Failed to find main.yml for role in network.healthchecks.
2026-10-08T11:53:15.550995+00:00 ERROR 'ansible_navigator.actions.collections._parse' /usr/share/ansible/collections/ansible_collections/network/healthchecks/roles/interfaces/meta/argument_specs.yml Failed to find argument_specs.yml for role in network.healthchecks.
2026-10-08T11:53:15.551012+00:00 ERROR 'ansible_navigator.actions.collections._parse' /usr/share/ansible/collections/ansible_collections/network/healthchecks/roles/interfaces/meta/main.yml Failed to find main.yml for role in network.healthchecks.
2026-10-08T11:53:15.551028+00:00 ERROR 'ansible_navigator.actions.collections._parse' /usr/share/ansible/collections/ansible_collections/network/healthchecks/roles/ip_reachability/meta/argument_specs.yml Failed to find argument_specs.yml for role in network.healthchecks.
2026-10-08T11:53:15.551065+00:00 ERROR 'ansible_navigator.actions.collections._parse' /usr/share/ansible/collections/ansible_collections/network/healthchecks/roles/ip_reachability/meta/main.yml Failed to find main.yml for role in network.healthchecks.
2026-10-08T11:53:15.551083+00:00 ERROR 'ansible_navigator.actions.collections._parse' /usr/share/ansible/collections/ansible_collections/network/healthchecks/roles/memory/meta/argument_specs.yml Failed to find argument_specs.yml for role in network.healthchecks.
2026-10-08T11:53:15.551102+00:00 ERROR 'ansible_navigator.actions.collections._parse' /usr/share/ansible/collections/ansible_collections/network/healthchecks/roles/memory/meta/main.yml Failed to find main.yml for role in network.healthchecks.
2026-10-08T11:53:15.551120+00:00 ERROR 'ansible_navigator.actions.collections._parse' /usr/share/ansible/collections/ansible_collections/network/healthchecks/roles/ospf/meta/argument_specs.yml Failed to find argument_specs.yml for role in network.healthchecks.
2026-10-08T11:53:15.551137+00:00 ERROR 'ansible_navigator.actions.collections._parse' /usr/share/ansible/collections/ansible_collections/network/healthchecks/roles/ospf/meta/main.yml Failed to find main.yml for role in network.healthchecks.
2026-10-08T11:53:15.551154+00:00 ERROR 'ansible_navigator.actions.collections._parse' /usr/share/ansible/collections/ansible_collections/network/healthchecks/roles/uptime/meta/argument_specs.yml Failed to find argument_specs.yml for role in network.healthchecks.
2026-10-08T11:53:15.551189+00:00 ERROR 'ansible_navigator.actions.collections._parse' /usr/share/ansible/collections/ansible_collections/network/healthchecks/roles/uptime/meta/main.yml Failed to find main.yml for role in network.healthchecks.
2026-10-08T11:53:15.551215+00:00 ERROR 'ansible_navigator.actions.collections._parse' /usr/share/ansible/collections/ansible_collections/network/inventory_reports/roles/configure/meta/argument_specs.yml Failed to find argument_specs.yml for role in network.inventory_reports.
2026-10-08T11:53:15.551234+00:00 ERROR 'ansible_navigator.actions.collections._parse' /usr/share/ansible/collections/ansible_collections/network/inventory_reports/roles/configure/meta/main.yml Failed to find main.yml for role in network.inventory_reports.
2026-10-08T11:53:15.551253+00:00 ERROR 'ansible_navigator.actions.collections._parse' /usr/share/ansible/collections/ansible_collections/network/inventory_reports/roles/deploy/meta/argument_specs.yml Failed to find argument_specs.yml for role in network.inventory_reports.
2026-10-08T11:53:15.551271+00:00 ERROR 'ansible_navigator.actions.collections._parse' /usr/share/ansible/collections/ansible_collections/network/inventory_reports/roles/deploy/meta/main.yml Failed to find main.yml for role in network.inventory_reports.
2026-10-08T11:53:15.551288+00:00 ERROR 'ansible_navigator.actions.collections._parse' /usr/share/ansible/collections/ansible_collections/network/inventory_reports/roles/detect/meta/argument_specs.yml Failed to find argument_specs.yml for role in network.inventory_reports.
2026-10-08T11:53:15.551313+00:00 ERROR 'ansible_navigator.actions.collections._parse' /usr/share/ansible/collections/ansible_collections/network/inventory_reports/roles/detect/meta/main.yml Failed to find main.yml for role in network.inventory_reports.
2026-10-08T11:53:15.551348+00:00 ERROR 'ansible_navigator.actions.collections._parse' /usr/share/ansible/collections/ansible_collections/network/inventory_reports/roles/gather/meta/argument_specs.yml Failed to find argument_specs.yml for role in network.inventory_reports.
2026-10-08T11:53:15.551369+00:00 ERROR 'ansible_navigator.actions.collections._parse' /usr/share/ansible/collections/ansible_collections/network/inventory_reports/roles/gather/meta/main.yml Failed to find main.yml for role in network.inventory_reports.
2026-10-08T11:53:15.551389+00:00 ERROR 'ansible_navigator.actions.collections._parse' /usr/share/ansible/collections/ansible_collections/network/inventory_reports/roles/generate_report/meta/argument_specs.yml Failed to find argument_specs.yml for role in network.inventory_reports.
2026-10-08T11:53:15.551407+00:00 ERROR 'ansible_navigator.actions.collections._parse' /usr/share/ansible/collections/ansible_collections/network/inventory_reports/roles/generate_report/meta/main.yml Failed to find main.yml for role in network.inventory_reports.
2026-10-08T11:53:15.551425+00:00 ERROR 'ansible_navigator.actions.collections._parse' /usr/share/ansible/collections/ansible_collections/network/inventory_reports/roles/list/meta/argument_specs.yml Failed to find argument_specs.yml for role in network.inventory_reports.
2026-10-08T11:53:15.551446+00:00 ERROR 'ansible_navigator.actions.collections._parse' /usr/share/ansible/collections/ansible_collections/network/inventory_reports/roles/list/meta/main.yml Failed to find main.yml for role in network.inventory_reports.
2026-10-08T11:53:15.551464+00:00 ERROR 'ansible_navigator.actions.collections._parse' /usr/share/ansible/collections/ansible_collections/network/inventory_reports/roles/persist/meta/argument_specs.yml Failed to find argument_specs.yml for role in network.inventory_reports.
2026-10-08T11:53:15.551481+00:00 ERROR 'ansible_navigator.actions.collections._parse' /usr/share/ansible/collections/ansible_collections/network/inventory_reports/roles/persist/meta/main.yml Failed to find main.yml for role in network.inventory_reports.
2026-10-08T11:53:15.551512+00:00 ERROR 'ansible_navigator.actions.collections._parse' /usr/share/ansible/collections/ansible_collections/network/inventory_reports/roles/remediate/meta/argument_specs.yml Failed to find argument_specs.yml for role in network.inventory_reports.
2026-10-08T11:53:15.551543+00:00 ERROR 'ansible_navigator.actions.collections._parse' /usr/share/ansible/collections/ansible_collections/network/inventory_reports/roles/remediate/meta/main.yml Failed to find main.yml for role in network.inventory_reports.
2026-10-08T11:53:15.551579+00:00 ERROR 'ansible_navigator.actions.collections._parse' /home/student/cmc/collections/ansible_collections/cisco/catalystwan/plugins/modules/cluster_management.py ParserError (get_docstring): while parsing a flow mapping
  in "<unicode string>", line 10, column 11:
      sample: {"edit_vmanage": "successMessage ... 
              ^
expected ',' or '}', but got ':'
  in "<unicode string>", line 10, column 44:
     ... "edit_vmanage": "successMessage": "Edit Node operation performed ... 
                                         ^
2026-10-08T11:54:44.422986+00:00 ERROR 'ansible_navigator.actions.collections._build_collection_content_menu' error loading plugin doc {'path': 'plugins/modules/cluster_management.py', 'type': 'module'}
Traceback (most recent call last):
  File "/usr/lib/python3.11/site-packages/ansible_navigator/actions/collections.py", line 331, in _build_collection_content_menu
    plugin = loaded["plugin"]
             ~~~~~~^^^^^^^^^^
KeyError: 'plugin'
2026-10-08T14:21:14.857590+00:00 ERROR 'ansible_navigator.actions.collections._parse' /home/student/cmc/collections/ansible_collections/cisco/catalystwan/roles/api_ready/meta/argument_specs.yml Failed to find argument_specs.yml for role in cisco.catalystwan.
2026-10-08T14:21:14.858374+00:00 ERROR 'ansible_navigator.actions.collections._parse' /home/student/cmc/collections/ansible_collections/cisco/catalystwan/roles/activate_edges/meta/argument_specs.yml Failed to find argument_specs.yml for role in cisco.catalystwan.
2026-10-08T14:21:14.858437+00:00 ERROR 'ansible_navigator.actions.collections._parse' /home/student/cmc/collections/ansible_collections/cisco/catalystwan/roles/health_checks/meta/argument_specs.yml Failed to find argument_specs.yml for role in cisco.catalystwan.
2026-10-08T14:21:14.858469+00:00 ERROR 'ansible_navigator.actions.collections._parse' /home/student/cmc/collections/ansible_collections/cisco/catalystwan/roles/onboarding_controllers/meta/argument_specs.yml Failed to find argument_specs.yml for role in cisco.catalystwan.
2026-10-08T14:21:14.858517+00:00 ERROR 'ansible_navigator.actions.collections._parse' /home/student/cmc/collections/ansible_collections/cisco/catalystwan/roles/vmanage_mode/meta/argument_specs.yml Failed to find argument_specs.yml for role in cisco.catalystwan.
2026-10-08T14:21:14.858577+00:00 ERROR 'ansible_navigator.actions.collections._parse' /home/student/cmc/collections/ansible_collections/cisco/catalystwan/roles/administration_settings/meta/argument_specs.yml Failed to find argument_specs.yml for role in cisco.catalystwan.
2026-10-08T14:21:14.858646+00:00 ERROR 'ansible_navigator.actions.collections._parse' /home/student/cmc/collections/ansible_collections/cisco/catalystwan/roles/sync_pnp_edges/meta/argument_specs.yml Failed to find argument_specs.yml for role in cisco.catalystwan.
2026-10-08T14:21:14.858737+00:00 ERROR 'ansible_navigator.actions.collections._parse' /home/student/cmc/collections/ansible_collections/cisco/catalystwan/roles/cluster/meta/argument_specs.yml Failed to find argument_specs.yml for role in cisco.catalystwan.
2026-10-08T14:21:14.858826+00:00 ERROR 'ansible_navigator.actions.collections._parse' /home/student/cmc/collections/ansible_collections/cisco/catalystwan/roles/software_upgrades_remote/meta/argument_specs.yml Failed to find argument_specs.yml for role in cisco.catalystwan.
2026-10-08T14:21:14.858867+00:00 ERROR 'ansible_navigator.actions.collections._parse' /home/student/cmc/collections/ansible_collections/cisco/catalystwan/roles/remove_edges/meta/argument_specs.yml Failed to find argument_specs.yml for role in cisco.catalystwan.
2026-10-08T14:21:14.858916+00:00 ERROR 'ansible_navigator.actions.collections._parse' /home/student/cmc/collections/ansible_collections/cisco/catalystwan/roles/remove_controllers/meta/argument_specs.yml Failed to find argument_specs.yml for role in cisco.catalystwan.
2026-10-08T14:21:14.858996+00:00 ERROR 'ansible_navigator.actions.collections._parse' /home/student/cmc/collections/ansible_collections/network/acls/roles/gather/meta/argument_specs.yml Failed to find argument_specs.yml for role in network.acls.
2026-10-08T14:21:14.859035+00:00 ERROR 'ansible_navigator.actions.collections._parse' /home/student/cmc/collections/ansible_collections/network/acls/roles/gather/meta/main.yml Failed to find main.yml for role in network.acls.
2026-10-08T14:21:14.859086+00:00 ERROR 'ansible_navigator.actions.collections._parse' /home/student/cmc/collections/ansible_collections/network/acls/roles/persist/meta/argument_specs.yml Failed to find argument_specs.yml for role in network.acls.
2026-10-08T14:21:14.859107+00:00 ERROR 'ansible_navigator.actions.collections._parse' /home/student/cmc/collections/ansible_collections/network/acls/roles/persist/meta/main.yml Failed to find main.yml for role in network.acls.
2026-10-08T14:21:14.859128+00:00 ERROR 'ansible_navigator.actions.collections._parse' /home/student/cmc/collections/ansible_collections/network/acls/roles/remediate/meta/argument_specs.yml Failed to find argument_specs.yml for role in network.acls.
2026-10-08T14:21:14.859148+00:00 ERROR 'ansible_navigator.actions.collections._parse' /home/student/cmc/collections/ansible_collections/network/acls/roles/remediate/meta/main.yml Failed to find main.yml for role in network.acls.
2026-10-08T14:21:14.859171+00:00 ERROR 'ansible_navigator.actions.collections._parse' /home/student/cmc/collections/ansible_collections/network/acls/roles/detect/meta/argument_specs.yml Failed to find argument_specs.yml for role in network.acls.
2026-10-08T14:21:14.859193+00:00 ERROR 'ansible_navigator.actions.collections._parse' /home/student/cmc/collections/ansible_collections/network/acls/roles/detect/meta/main.yml Failed to find main.yml for role in network.acls.
2026-10-08T14:21:14.859214+00:00 ERROR 'ansible_navigator.actions.collections._parse' /home/student/cmc/collections/ansible_collections/network/acls/roles/deploy/meta/argument_specs.yml Failed to find argument_specs.yml for role in network.acls.
2026-10-08T14:21:14.859235+00:00 ERROR 'ansible_navigator.actions.collections._parse' /home/student/cmc/collections/ansible_collections/network/acls/roles/deploy/meta/main.yml Failed to find main.yml for role in network.acls.
2026-10-08T14:21:14.859254+00:00 ERROR 'ansible_navigator.actions.collections._parse' /home/student/cmc/collections/ansible_collections/network/acls/roles/health_checks/meta/argument_specs.yml Failed to find argument_specs.yml for role in network.acls.
2026-10-08T14:21:14.859274+00:00 ERROR 'ansible_navigator.actions.collections._parse' /home/student/cmc/collections/ansible_collections/network/acls/roles/health_checks/meta/main.yml Failed to find main.yml for role in network.acls.
2026-10-08T14:21:14.859298+00:00 ERROR 'ansible_navigator.actions.collections._parse' /home/student/cmc/collections/ansible_collections/network/base/roles/deploy/meta/argument_specs.yml Failed to find argument_specs.yml for role in network.base.
2026-10-08T14:21:14.859321+00:00 ERROR 'ansible_navigator.actions.collections._parse' /home/student/cmc/collections/ansible_collections/network/base/roles/deploy/meta/main.yml Failed to find main.yml for role in network.base.
2026-10-08T14:21:14.859343+00:00 ERROR 'ansible_navigator.actions.collections._parse' /home/student/cmc/collections/ansible_collections/network/base/roles/list/meta/argument_specs.yml Failed to find argument_specs.yml for role in network.base.
2026-10-08T14:21:14.859363+00:00 ERROR 'ansible_navigator.actions.collections._parse' /home/student/cmc/collections/ansible_collections/network/base/roles/list/meta/main.yml Failed to find main.yml for role in network.base.
2026-10-08T14:21:14.859394+00:00 ERROR 'ansible_navigator.actions.collections._parse' /home/student/cmc/collections/ansible_collections/network/base/roles/detect/meta/argument_specs.yml Failed to find argument_specs.yml for role in network.base.
2026-10-08T14:21:14.859411+00:00 ERROR 'ansible_navigator.actions.collections._parse' /home/student/cmc/collections/ansible_collections/network/base/roles/detect/meta/main.yml Failed to find main.yml for role in network.base.
2026-10-08T14:21:14.859428+00:00 ERROR 'ansible_navigator.actions.collections._parse' /home/student/cmc/collections/ansible_collections/network/base/roles/remediate/meta/argument_specs.yml Failed to find argument_specs.yml for role in network.base.
2026-10-08T14:21:14.859446+00:00 ERROR 'ansible_navigator.actions.collections._parse' /home/student/cmc/collections/ansible_collections/network/base/roles/remediate/meta/main.yml Failed to find main.yml for role in network.base.
2026-10-08T14:21:14.859465+00:00 ERROR 'ansible_navigator.actions.collections._parse' /home/student/cmc/collections/ansible_collections/network/base/roles/resource_manager/meta/argument_specs.yml Failed to find argument_specs.yml for role in network.base.
2026-10-08T14:21:14.859482+00:00 ERROR 'ansible_navigator.actions.collections._parse' /home/student/cmc/collections/ansible_collections/network/base/roles/resource_manager/meta/main.yml Failed to find main.yml for role in network.base.
2026-10-08T14:21:14.859500+00:00 ERROR 'ansible_navigator.actions.collections._parse' /home/student/cmc/collections/ansible_collections/network/base/roles/resource_manager/README.md Failed to find README.md for role in network.base.
2026-10-08T14:21:14.859519+00:00 ERROR 'ansible_navigator.actions.collections._parse' /home/student/cmc/collections/ansible_collections/network/base/roles/gather/meta/argument_specs.yml Failed to find argument_specs.yml for role in network.base.
2026-10-08T14:21:14.859536+00:00 ERROR 'ansible_navigator.actions.collections._parse' /home/student/cmc/collections/ansible_collections/network/base/roles/gather/meta/main.yml Failed to find main.yml for role in network.base.
2026-10-08T14:21:14.859555+00:00 ERROR 'ansible_navigator.actions.collections._parse' /home/student/cmc/collections/ansible_collections/network/base/roles/persist/meta/argument_specs.yml Failed to find argument_specs.yml for role in network.base.
2026-10-08T14:21:14.859573+00:00 ERROR 'ansible_navigator.actions.collections._parse' /home/student/cmc/collections/ansible_collections/network/base/roles/persist/meta/main.yml Failed to find main.yml for role in network.base.
2026-10-08T14:21:14.859590+00:00 ERROR 'ansible_navigator.actions.collections._parse' /home/student/cmc/collections/ansible_collections/network/base/roles/configure/meta/argument_specs.yml Failed to find argument_specs.yml for role in network.base.
2026-10-08T14:21:14.859619+00:00 ERROR 'ansible_navigator.actions.collections._parse' /home/student/cmc/collections/ansible_collections/network/base/roles/configure/meta/main.yml Failed to find main.yml for role in network.base.
2026-10-08T14:21:14.859638+00:00 ERROR 'ansible_navigator.actions.collections._parse' /usr/share/ansible/collections/ansible_collections/redhat/insights/roles/compliance/meta/argument_specs.yml Failed to find argument_specs.yml for role in redhat.insights.
2026-10-08T14:21:14.859662+00:00 ERROR 'ansible_navigator.actions.collections._parse' /usr/share/ansible/collections/ansible_collections/redhat/insights/roles/insights_client/meta/argument_specs.yml Failed to find argument_specs.yml for role in redhat.insights.
2026-10-08T14:21:14.859712+00:00 ERROR 'ansible_navigator.actions.collections._parse' /usr/share/ansible/collections/ansible_collections/redhat/redhat_csp_download/roles/redhat_csp_download/meta/argument_specs.yml Failed to find argument_specs.yml for role in redhat.redhat_csp_download.
2026-10-08T14:21:14.859754+00:00 ERROR 'ansible_navigator.actions.collections._parse' /usr/share/ansible/collections/ansible_collections/redhat/redhat_csp_download/roles/redhat_csp_download/meta/main.yml Failed to find main.yml for role in redhat.redhat_csp_download.
2026-10-08T14:21:14.859797+00:00 ERROR 'ansible_navigator.actions.collections._parse' /usr/share/ansible/collections/ansible_collections/redhat/rhel_idm/roles/ipabackup/meta/argument_specs.yml Failed to find argument_specs.yml for role in redhat.rhel_idm.
2026-10-08T14:21:14.859823+00:00 ERROR 'ansible_navigator.actions.collections._parse' /usr/share/ansible/collections/ansible_collections/redhat/rhel_idm/roles/ipaclient/meta/argument_specs.yml Failed to find argument_specs.yml for role in redhat.rhel_idm.
2026-10-08T14:21:14.859843+00:00 ERROR 'ansible_navigator.actions.collections._parse' /usr/share/ansible/collections/ansible_collections/redhat/rhel_idm/roles/ipareplica/meta/argument_specs.yml Failed to find argument_specs.yml for role in redhat.rhel_idm.
2026-10-08T14:21:14.859862+00:00 ERROR 'ansible_navigator.actions.collections._parse' /usr/share/ansible/collections/ansible_collections/redhat/rhel_idm/roles/ipaserver/meta/argument_specs.yml Failed to find argument_specs.yml for role in redhat.rhel_idm.
2026-10-08T14:21:14.859884+00:00 ERROR 'ansible_navigator.actions.collections._parse' /usr/share/ansible/collections/ansible_collections/redhat/rhel_idm/roles/ipasmartcard_client/meta/argument_specs.yml Failed to find argument_specs.yml for role in redhat.rhel_idm.
2026-10-08T14:21:14.859921+00:00 ERROR 'ansible_navigator.actions.collections._parse' /usr/share/ansible/collections/ansible_collections/redhat/rhel_idm/roles/ipasmartcard_server/meta/argument_specs.yml Failed to find argument_specs.yml for role in redhat.rhel_idm.
2026-10-08T14:21:14.859943+00:00 ERROR 'ansible_navigator.actions.collections._parse' /usr/share/ansible/collections/ansible_collections/redhat/rhel_system_roles/roles/ad_integration/meta/argument_specs.yml Failed to find argument_specs.yml for role in redhat.rhel_system_roles.
2026-10-08T14:21:14.859962+00:00 ERROR 'ansible_navigator.actions.collections._parse' /usr/share/ansible/collections/ansible_collections/redhat/rhel_system_roles/roles/aide/meta/argument_specs.yml Failed to find argument_specs.yml for role in redhat.rhel_system_roles.
2026-10-08T14:21:14.859984+00:00 ERROR 'ansible_navigator.actions.collections._parse' /usr/share/ansible/collections/ansible_collections/redhat/rhel_system_roles/roles/bootloader/meta/argument_specs.yml Failed to find argument_specs.yml for role in redhat.rhel_system_roles.
2026-10-08T14:21:14.860001+00:00 ERROR 'ansible_navigator.actions.collections._parse' /usr/share/ansible/collections/ansible_collections/redhat/rhel_system_roles/roles/certificate/meta/argument_specs.yml Failed to find argument_specs.yml for role in redhat.rhel_system_roles.
2026-10-08T14:21:14.860019+00:00 ERROR 'ansible_navigator.actions.collections._parse' /usr/share/ansible/collections/ansible_collections/redhat/rhel_system_roles/roles/cockpit/meta/argument_specs.yml Failed to find argument_specs.yml for role in redhat.rhel_system_roles.
2026-10-08T14:21:14.860036+00:00 ERROR 'ansible_navigator.actions.collections._parse' /usr/share/ansible/collections/ansible_collections/redhat/rhel_system_roles/roles/crypto_policies/meta/argument_specs.yml Failed to find argument_specs.yml for role in redhat.rhel_system_roles.
2026-10-08T14:21:14.860076+00:00 ERROR 'ansible_navigator.actions.collections._parse' /usr/share/ansible/collections/ansible_collections/redhat/rhel_system_roles/roles/fapolicyd/meta/argument_specs.yml Failed to find argument_specs.yml for role in redhat.rhel_system_roles.
2026-10-08T14:21:14.860095+00:00 ERROR 'ansible_navigator.actions.collections._parse' /usr/share/ansible/collections/ansible_collections/redhat/rhel_system_roles/roles/firewall/meta/argument_specs.yml Failed to find argument_specs.yml for role in redhat.rhel_system_roles.
2026-10-08T14:21:14.860113+00:00 ERROR 'ansible_navigator.actions.collections._parse' /usr/share/ansible/collections/ansible_collections/redhat/rhel_system_roles/roles/ha_cluster/meta/argument_specs.yml Failed to find argument_specs.yml for role in redhat.rhel_system_roles.
2026-10-08T14:21:14.860130+00:00 ERROR 'ansible_navigator.actions.collections._parse' /usr/share/ansible/collections/ansible_collections/redhat/rhel_system_roles/roles/journald/meta/argument_specs.yml Failed to find argument_specs.yml for role in redhat.rhel_system_roles.
2026-10-08T14:21:14.860147+00:00 ERROR 'ansible_navigator.actions.collections._parse' /usr/share/ansible/collections/ansible_collections/redhat/rhel_system_roles/roles/kdump/meta/argument_specs.yml Failed to find argument_specs.yml for role in redhat.rhel_system_roles.
2026-10-08T14:21:14.860165+00:00 ERROR 'ansible_navigator.actions.collections._parse' /usr/share/ansible/collections/ansible_collections/redhat/rhel_system_roles/roles/kernel_settings/meta/argument_specs.yml Failed to find argument_specs.yml for role in redhat.rhel_system_roles.
2026-10-08T14:21:14.860182+00:00 ERROR 'ansible_navigator.actions.collections._parse' /usr/share/ansible/collections/ansible_collections/redhat/rhel_system_roles/roles/keylime_server/meta/argument_specs.yml Failed to find argument_specs.yml for role in redhat.rhel_system_roles.
2026-10-08T14:21:14.860199+00:00 ERROR 'ansible_navigator.actions.collections._parse' /usr/share/ansible/collections/ansible_collections/redhat/rhel_system_roles/roles/logging/meta/argument_specs.yml Failed to find argument_specs.yml for role in redhat.rhel_system_roles.
2026-10-08T14:21:14.860217+00:00 ERROR 'ansible_navigator.actions.collections._parse' /usr/share/ansible/collections/ansible_collections/redhat/rhel_system_roles/roles/metrics/meta/argument_specs.yml Failed to find argument_specs.yml for role in redhat.rhel_system_roles.
2026-10-08T14:21:14.860235+00:00 ERROR 'ansible_navigator.actions.collections._parse' /usr/share/ansible/collections/ansible_collections/redhat/rhel_system_roles/roles/nbde_client/meta/argument_specs.yml Failed to find argument_specs.yml for role in redhat.rhel_system_roles.
2026-10-08T14:21:14.860252+00:00 ERROR 'ansible_navigator.actions.collections._parse' /usr/share/ansible/collections/ansible_collections/redhat/rhel_system_roles/roles/nbde_server/meta/argument_specs.yml Failed to find argument_specs.yml for role in redhat.rhel_system_roles.
2026-10-08T14:21:14.860269+00:00 ERROR 'ansible_navigator.actions.collections._parse' /usr/share/ansible/collections/ansible_collections/redhat/rhel_system_roles/roles/network/meta/argument_specs.yml Failed to find argument_specs.yml for role in redhat.rhel_system_roles.
2026-10-08T14:21:14.860286+00:00 ERROR 'ansible_navigator.actions.collections._parse' /usr/share/ansible/collections/ansible_collections/redhat/rhel_system_roles/roles/podman/meta/argument_specs.yml Failed to find argument_specs.yml for role in redhat.rhel_system_roles.
2026-10-08T14:21:14.860303+00:00 ERROR 'ansible_navigator.actions.collections._parse' /usr/share/ansible/collections/ansible_collections/redhat/rhel_system_roles/roles/postfix/meta/argument_specs.yml Failed to find argument_specs.yml for role in redhat.rhel_system_roles.
2026-10-08T14:21:14.860320+00:00 ERROR 'ansible_navigator.actions.collections._parse' /usr/share/ansible/collections/ansible_collections/redhat/rhel_system_roles/roles/postgresql/meta/argument_specs.yml Failed to find argument_specs.yml for role in redhat.rhel_system_roles.
2026-10-08T14:21:14.860339+00:00 ERROR 'ansible_navigator.actions.collections._parse' /usr/share/ansible/collections/ansible_collections/redhat/rhel_system_roles/roles/private_logging_subrole_rsyslog/meta/argument_specs.yml Failed to find argument_specs.yml for role in redhat.rhel_system_roles.
2026-10-08T14:21:14.860356+00:00 ERROR 'ansible_navigator.actions.collections._parse' /usr/share/ansible/collections/ansible_collections/redhat/rhel_system_roles/roles/private_metrics_subrole_bpftrace/meta/argument_specs.yml Failed to find argument_specs.yml for role in redhat.rhel_system_roles.
2026-10-08T14:21:14.860373+00:00 ERROR 'ansible_navigator.actions.collections._parse' /usr/share/ansible/collections/ansible_collections/redhat/rhel_system_roles/roles/private_metrics_subrole_elasticsearch/meta/argument_specs.yml Failed to find argument_specs.yml for role in redhat.rhel_system_roles.
2026-10-08T14:21:14.860390+00:00 ERROR 'ansible_navigator.actions.collections._parse' /usr/share/ansible/collections/ansible_collections/redhat/rhel_system_roles/roles/private_metrics_subrole_grafana/meta/argument_specs.yml Failed to find argument_specs.yml for role in redhat.rhel_system_roles.
2026-10-08T14:21:14.860407+00:00 ERROR 'ansible_navigator.actions.collections._parse' /usr/share/ansible/collections/ansible_collections/redhat/rhel_system_roles/roles/private_metrics_subrole_keyserver/meta/argument_specs.yml Failed to find argument_specs.yml for role in redhat.rhel_system_roles.
2026-10-08T14:21:14.860423+00:00 ERROR 'ansible_navigator.actions.collections._parse' /usr/share/ansible/collections/ansible_collections/redhat/rhel_system_roles/roles/private_metrics_subrole_mssql/meta/argument_specs.yml Failed to find argument_specs.yml for role in redhat.rhel_system_roles.
2026-10-08T14:21:14.860440+00:00 ERROR 'ansible_navigator.actions.collections._parse' /usr/share/ansible/collections/ansible_collections/redhat/rhel_system_roles/roles/private_metrics_subrole_pcp/meta/argument_specs.yml Failed to find argument_specs.yml for role in redhat.rhel_system_roles.
2026-10-08T14:21:14.860456+00:00 ERROR 'ansible_navigator.actions.collections._parse' /usr/share/ansible/collections/ansible_collections/redhat/rhel_system_roles/roles/private_metrics_subrole_postfix/meta/argument_specs.yml Failed to find argument_specs.yml for role in redhat.rhel_system_roles.
2026-10-08T14:21:14.860472+00:00 ERROR 'ansible_navigator.actions.collections._parse' /usr/share/ansible/collections/ansible_collections/redhat/rhel_system_roles/roles/private_metrics_subrole_repository/meta/argument_specs.yml Failed to find argument_specs.yml for role in redhat.rhel_system_roles.
2026-10-08T14:21:14.860489+00:00 ERROR 'ansible_navigator.actions.collections._parse' /usr/share/ansible/collections/ansible_collections/redhat/rhel_system_roles/roles/private_metrics_subrole_spark/meta/argument_specs.yml Failed to find argument_specs.yml for role in redhat.rhel_system_roles.
2026-10-08T14:21:14.860505+00:00 ERROR 'ansible_navigator.actions.collections._parse' /usr/share/ansible/collections/ansible_collections/redhat/rhel_system_roles/roles/rhc/meta/argument_specs.yml Failed to find argument_specs.yml for role in redhat.rhel_system_roles.
2026-10-08T14:21:14.860522+00:00 ERROR 'ansible_navigator.actions.collections._parse' /usr/share/ansible/collections/ansible_collections/redhat/rhel_system_roles/roles/selinux/meta/argument_specs.yml Failed to find argument_specs.yml for role in redhat.rhel_system_roles.
2026-10-08T14:21:14.860538+00:00 ERROR 'ansible_navigator.actions.collections._parse' /usr/share/ansible/collections/ansible_collections/redhat/rhel_system_roles/roles/snapshot/meta/argument_specs.yml Failed to find argument_specs.yml for role in redhat.rhel_system_roles.
2026-10-08T14:21:14.860555+00:00 ERROR 'ansible_navigator.actions.collections._parse' /usr/share/ansible/collections/ansible_collections/redhat/rhel_system_roles/roles/ssh/meta/argument_specs.yml Failed to find argument_specs.yml for role in redhat.rhel_system_roles.
2026-10-08T14:21:14.860574+00:00 ERROR 'ansible_navigator.actions.collections._parse' /usr/share/ansible/collections/ansible_collections/redhat/rhel_system_roles/roles/sshd/meta/argument_specs.yml Failed to find argument_specs.yml for role in redhat.rhel_system_roles.
2026-10-08T14:21:14.860591+00:00 ERROR 'ansible_navigator.actions.collections._parse' /usr/share/ansible/collections/ansible_collections/redhat/rhel_system_roles/roles/storage/meta/argument_specs.yml Failed to find argument_specs.yml for role in redhat.rhel_system_roles.
2026-10-08T14:21:14.860623+00:00 ERROR 'ansible_navigator.actions.collections._parse' /usr/share/ansible/collections/ansible_collections/redhat/rhel_system_roles/roles/sudo/meta/argument_specs.yml Failed to find argument_specs.yml for role in redhat.rhel_system_roles.
2026-10-08T14:21:14.860651+00:00 ERROR 'ansible_navigator.actions.collections._parse' /usr/share/ansible/collections/ansible_collections/redhat/rhel_system_roles/roles/systemd/meta/argument_specs.yml Failed to find argument_specs.yml for role in redhat.rhel_system_roles.
2026-10-08T14:21:14.860670+00:00 ERROR 'ansible_navigator.actions.collections._parse' /usr/share/ansible/collections/ansible_collections/redhat/rhel_system_roles/roles/timesync/meta/argument_specs.yml Failed to find argument_specs.yml for role in redhat.rhel_system_roles.
2026-10-08T14:21:14.860686+00:00 ERROR 'ansible_navigator.actions.collections._parse' /usr/share/ansible/collections/ansible_collections/redhat/rhel_system_roles/roles/tlog/meta/argument_specs.yml Failed to find argument_specs.yml for role in redhat.rhel_system_roles.
2026-10-08T14:21:14.860703+00:00 ERROR 'ansible_navigator.actions.collections._parse' /usr/share/ansible/collections/ansible_collections/redhat/rhel_system_roles/roles/vpn/meta/argument_specs.yml Failed to find argument_specs.yml for role in redhat.rhel_system_roles.
2026-10-08T14:21:14.860720+00:00 ERROR 'ansible_navigator.actions.collections._parse' /usr/share/ansible/collections/ansible_collections/redhat/rhv/roles/cluster_upgrade/meta/argument_specs.yml Failed to find argument_specs.yml for role in redhat.rhv.
2026-10-08T14:21:14.860741+00:00 ERROR 'ansible_navigator.actions.collections._parse' /usr/share/ansible/collections/ansible_collections/redhat/rhv/roles/cluster_upgrade/meta/main.yml Failed to find main.yml for role in redhat.rhv.
2026-10-08T14:21:14.860758+00:00 ERROR 'ansible_navigator.actions.collections._parse' /usr/share/ansible/collections/ansible_collections/redhat/rhv/roles/disaster_recovery/meta/argument_specs.yml Failed to find argument_specs.yml for role in redhat.rhv.
2026-10-08T14:21:14.860774+00:00 ERROR 'ansible_navigator.actions.collections._parse' /usr/share/ansible/collections/ansible_collections/redhat/rhv/roles/disaster_recovery/meta/main.yml Failed to find main.yml for role in redhat.rhv.
2026-10-08T14:21:14.860807+00:00 ERROR 'ansible_navigator.actions.collections._parse' /usr/share/ansible/collections/ansible_collections/redhat/rhv/roles/engine_setup/meta/argument_specs.yml Failed to find argument_specs.yml for role in redhat.rhv.
2026-10-08T14:21:14.860835+00:00 ERROR 'ansible_navigator.actions.collections._parse' /usr/share/ansible/collections/ansible_collections/redhat/rhv/roles/engine_setup/meta/main.yml Failed to find main.yml for role in redhat.rhv.
2026-10-08T14:21:14.860855+00:00 ERROR 'ansible_navigator.actions.collections._parse' /usr/share/ansible/collections/ansible_collections/redhat/rhv/roles/hosted_engine_setup/meta/argument_specs.yml Failed to find argument_specs.yml for role in redhat.rhv.
2026-10-08T14:21:14.860874+00:00 ERROR 'ansible_navigator.actions.collections._parse' /usr/share/ansible/collections/ansible_collections/redhat/rhv/roles/hosted_engine_setup/meta/main.yml Failed to find main.yml for role in redhat.rhv.
2026-10-08T14:21:14.860893+00:00 ERROR 'ansible_navigator.actions.collections._parse' /usr/share/ansible/collections/ansible_collections/redhat/rhv/roles/image_template/meta/argument_specs.yml Failed to find argument_specs.yml for role in redhat.rhv.
2026-10-08T14:21:14.860936+00:00 ERROR 'ansible_navigator.actions.collections._parse' /usr/share/ansible/collections/ansible_collections/redhat/rhv/roles/image_template/meta/main.yml Failed to find main.yml for role in redhat.rhv.
2026-10-08T14:21:14.860960+00:00 ERROR 'ansible_navigator.actions.collections._parse' /usr/share/ansible/collections/ansible_collections/redhat/rhv/roles/infra/meta/argument_specs.yml Failed to find argument_specs.yml for role in redhat.rhv.
2026-10-08T14:21:14.860979+00:00 ERROR 'ansible_navigator.actions.collections._parse' /usr/share/ansible/collections/ansible_collections/redhat/rhv/roles/infra/meta/main.yml Failed to find main.yml for role in redhat.rhv.
2026-10-08T14:21:14.860998+00:00 ERROR 'ansible_navigator.actions.collections._parse' /usr/share/ansible/collections/ansible_collections/redhat/rhv/roles/remove_stale_lun/meta/argument_specs.yml Failed to find argument_specs.yml for role in redhat.rhv.
2026-10-08T14:21:14.861016+00:00 ERROR 'ansible_navigator.actions.collections._parse' /usr/share/ansible/collections/ansible_collections/redhat/rhv/roles/remove_stale_lun/meta/main.yml Failed to find main.yml for role in redhat.rhv.
2026-10-08T14:21:14.861034+00:00 ERROR 'ansible_navigator.actions.collections._parse' /usr/share/ansible/collections/ansible_collections/redhat/rhv/roles/repositories/meta/argument_specs.yml Failed to find argument_specs.yml for role in redhat.rhv.
2026-10-08T14:21:14.861067+00:00 ERROR 'ansible_navigator.actions.collections._parse' /usr/share/ansible/collections/ansible_collections/redhat/rhv/roles/repositories/meta/main.yml Failed to find main.yml for role in redhat.rhv.
2026-10-08T14:21:14.861085+00:00 ERROR 'ansible_navigator.actions.collections._parse' /usr/share/ansible/collections/ansible_collections/redhat/rhv/roles/shutdown_env/meta/argument_specs.yml Failed to find argument_specs.yml for role in redhat.rhv.
2026-10-08T14:21:14.861102+00:00 ERROR 'ansible_navigator.actions.collections._parse' /usr/share/ansible/collections/ansible_collections/redhat/rhv/roles/shutdown_env/meta/main.yml Failed to find main.yml for role in redhat.rhv.
2026-10-08T14:21:14.861120+00:00 ERROR 'ansible_navigator.actions.collections._parse' /usr/share/ansible/collections/ansible_collections/redhat/rhv/roles/vm_infra/meta/argument_specs.yml Failed to find argument_specs.yml for role in redhat.rhv.
2026-10-08T14:21:14.861137+00:00 ERROR 'ansible_navigator.actions.collections._parse' /usr/share/ansible/collections/ansible_collections/redhat/rhv/roles/vm_infra/meta/main.yml Failed to find main.yml for role in redhat.rhv.
2026-10-08T14:21:14.861154+00:00 ERROR 'ansible_navigator.actions.collections._parse' /usr/share/ansible/collections/ansible_collections/redhat/sap_install/roles/sap_ha_install_hana_hsr/meta/argument_specs.yml Failed to find argument_specs.yml for role in redhat.sap_install.
2026-10-08T14:21:14.861172+00:00 ERROR 'ansible_navigator.actions.collections._parse' /usr/share/ansible/collections/ansible_collections/redhat/sap_install/roles/sap_swpm/meta/argument_specs.yml Failed to find argument_specs.yml for role in redhat.sap_install.
2026-10-08T14:21:14.861189+00:00 ERROR 'ansible_navigator.actions.collections._parse' /usr/share/ansible/collections/ansible_collections/redhat/satellite/roles/activation_keys/meta/argument_specs.yml Failed to find argument_specs.yml for role in redhat.satellite.
2026-10-08T14:21:14.861206+00:00 ERROR 'ansible_navigator.actions.collections._parse' /usr/share/ansible/collections/ansible_collections/redhat/satellite/roles/auth_sources_ldap/meta/argument_specs.yml Failed to find argument_specs.yml for role in redhat.satellite.
2026-10-08T14:21:14.861224+00:00 ERROR 'ansible_navigator.actions.collections._parse' /usr/share/ansible/collections/ansible_collections/redhat/satellite/roles/compute_profiles/meta/argument_specs.yml Failed to find argument_specs.yml for role in redhat.satellite.
2026-10-08T14:21:14.861241+00:00 ERROR 'ansible_navigator.actions.collections._parse' /usr/share/ansible/collections/ansible_collections/redhat/satellite/roles/compute_resources/meta/argument_specs.yml Failed to find argument_specs.yml for role in redhat.satellite.
2026-10-08T14:21:14.861261+00:00 ERROR 'ansible_navigator.actions.collections._parse' /usr/share/ansible/collections/ansible_collections/redhat/satellite/roles/content_credentials/meta/argument_specs.yml Failed to find argument_specs.yml for role in redhat.satellite.
2026-10-08T14:21:14.861278+00:00 ERROR 'ansible_navigator.actions.collections._parse' /usr/share/ansible/collections/ansible_collections/redhat/satellite/roles/content_rhel/meta/argument_specs.yml Failed to find argument_specs.yml for role in redhat.satellite.
2026-10-08T14:21:14.861296+00:00 ERROR 'ansible_navigator.actions.collections._parse' /usr/share/ansible/collections/ansible_collections/redhat/satellite/roles/content_view_publish/meta/argument_specs.yml Failed to find argument_specs.yml for role in redhat.satellite.
2026-10-08T14:21:14.861313+00:00 ERROR 'ansible_navigator.actions.collections._parse' /usr/share/ansible/collections/ansible_collections/redhat/satellite/roles/content_view_version_cleanup/meta/argument_specs.yml Failed to find argument_specs.yml for role in redhat.satellite.
2026-10-08T14:21:14.861330+00:00 ERROR 'ansible_navigator.actions.collections._parse' /usr/share/ansible/collections/ansible_collections/redhat/satellite/roles/content_views/meta/argument_specs.yml Failed to find argument_specs.yml for role in redhat.satellite.
2026-10-08T14:21:14.861347+00:00 ERROR 'ansible_navigator.actions.collections._parse' /usr/share/ansible/collections/ansible_collections/redhat/satellite/roles/convert2rhel/meta/argument_specs.yml Failed to find argument_specs.yml for role in redhat.satellite.
2026-10-08T14:21:14.861366+00:00 ERROR 'ansible_navigator.actions.collections._parse' /usr/share/ansible/collections/ansible_collections/redhat/satellite/roles/domains/meta/argument_specs.yml Failed to find argument_specs.yml for role in redhat.satellite.
2026-10-08T14:21:14.861382+00:00 ERROR 'ansible_navigator.actions.collections._parse' /usr/share/ansible/collections/ansible_collections/redhat/satellite/roles/hostgroups/meta/argument_specs.yml Failed to find argument_specs.yml for role in redhat.satellite.
2026-10-08T14:21:14.861400+00:00 ERROR 'ansible_navigator.actions.collections._parse' /usr/share/ansible/collections/ansible_collections/redhat/satellite/roles/lifecycle_environments/meta/argument_specs.yml Failed to find argument_specs.yml for role in redhat.satellite.
2026-10-08T14:21:14.861417+00:00 ERROR 'ansible_navigator.actions.collections._parse' /usr/share/ansible/collections/ansible_collections/redhat/satellite/roles/locations/meta/argument_specs.yml Failed to find argument_specs.yml for role in redhat.satellite.
2026-10-08T14:21:14.861435+00:00 ERROR 'ansible_navigator.actions.collections._parse' /usr/share/ansible/collections/ansible_collections/redhat/satellite/roles/manifest/meta/argument_specs.yml Failed to find argument_specs.yml for role in redhat.satellite.
2026-10-08T14:21:14.861452+00:00 ERROR 'ansible_navigator.actions.collections._parse' /usr/share/ansible/collections/ansible_collections/redhat/satellite/roles/operatingsystems/meta/argument_specs.yml Failed to find argument_specs.yml for role in redhat.satellite.
2026-10-08T14:21:14.861469+00:00 ERROR 'ansible_navigator.actions.collections._parse' /usr/share/ansible/collections/ansible_collections/redhat/satellite/roles/organizations/meta/argument_specs.yml Failed to find argument_specs.yml for role in redhat.satellite.
2026-10-08T14:21:14.861485+00:00 ERROR 'ansible_navigator.actions.collections._parse' /usr/share/ansible/collections/ansible_collections/redhat/satellite/roles/provisioning_templates/meta/argument_specs.yml Failed to find argument_specs.yml for role in redhat.satellite.
2026-10-08T14:21:14.861502+00:00 ERROR 'ansible_navigator.actions.collections._parse' /usr/share/ansible/collections/ansible_collections/redhat/satellite/roles/repositories/meta/argument_specs.yml Failed to find argument_specs.yml for role in redhat.satellite.
2026-10-08T14:21:14.861530+00:00 ERROR 'ansible_navigator.actions.collections._parse' /usr/share/ansible/collections/ansible_collections/redhat/satellite/roles/settings/meta/argument_specs.yml Failed to find argument_specs.yml for role in redhat.satellite.
2026-10-08T14:21:14.861547+00:00 ERROR 'ansible_navigator.actions.collections._parse' /usr/share/ansible/collections/ansible_collections/redhat/satellite/roles/subnets/meta/argument_specs.yml Failed to find argument_specs.yml for role in redhat.satellite.
2026-10-08T14:21:14.861564+00:00 ERROR 'ansible_navigator.actions.collections._parse' /usr/share/ansible/collections/ansible_collections/redhat/satellite/roles/sync_plans/meta/argument_specs.yml Failed to find argument_specs.yml for role in redhat.satellite.
2026-10-08T14:21:14.861580+00:00 ERROR 'ansible_navigator.actions.collections._parse' /usr/share/ansible/collections/ansible_collections/redhat/satellite_operations/roles/backup/meta/argument_specs.yml Failed to find argument_specs.yml for role in redhat.satellite_operations.
2026-10-08T14:21:14.861597+00:00 ERROR 'ansible_navigator.actions.collections._parse' /usr/share/ansible/collections/ansible_collections/redhat/satellite_operations/roles/backup/meta/main.yml Failed to find main.yml for role in redhat.satellite_operations.
2026-10-08T14:21:14.861624+00:00 ERROR 'ansible_navigator.actions.collections._parse' /usr/share/ansible/collections/ansible_collections/redhat/satellite_operations/roles/capsule_certs_generate/meta/argument_specs.yml Failed to find argument_specs.yml for role in redhat.satellite_operations.
2026-10-08T14:21:14.861641+00:00 ERROR 'ansible_navigator.actions.collections._parse' /usr/share/ansible/collections/ansible_collections/redhat/satellite_operations/roles/capsule_certs_generate/meta/main.yml Failed to find main.yml for role in redhat.satellite_operations.
2026-10-08T14:21:14.861658+00:00 ERROR 'ansible_navigator.actions.collections._parse' /usr/share/ansible/collections/ansible_collections/redhat/satellite_operations/roles/cloud_connector/meta/argument_specs.yml Failed to find argument_specs.yml for role in redhat.satellite_operations.
2026-10-08T14:21:14.861675+00:00 ERROR 'ansible_navigator.actions.collections._parse' /usr/share/ansible/collections/ansible_collections/redhat/satellite_operations/roles/cloud_connector/meta/main.yml Failed to find main.yml for role in redhat.satellite_operations.
2026-10-08T14:21:14.861691+00:00 ERROR 'ansible_navigator.actions.collections._parse' /usr/share/ansible/collections/ansible_collections/redhat/satellite_operations/roles/installer/meta/argument_specs.yml Failed to find argument_specs.yml for role in redhat.satellite_operations.
2026-10-08T14:21:14.861708+00:00 ERROR 'ansible_navigator.actions.collections._parse' /usr/share/ansible/collections/ansible_collections/redhat/satellite_operations/roles/installer/meta/main.yml Failed to find main.yml for role in redhat.satellite_operations.
2026-10-08T14:21:14.861725+00:00 ERROR 'ansible_navigator.actions.collections._parse' /usr/share/ansible/collections/ansible_collections/redhat/satellite_operations/roles/metrics/meta/argument_specs.yml Failed to find argument_specs.yml for role in redhat.satellite_operations.
2026-10-08T14:21:14.861742+00:00 ERROR 'ansible_navigator.actions.collections._parse' /usr/share/ansible/collections/ansible_collections/redhat/satellite_operations/roles/metrics/meta/main.yml Failed to find main.yml for role in redhat.satellite_operations.
2026-10-08T14:21:14.861759+00:00 ERROR 'ansible_navigator.actions.collections._parse' /usr/share/ansible/collections/ansible_collections/network/backup/roles/backup/meta/main.yml Failed to find main.yml for role in network.backup.
2026-10-08T14:21:14.861777+00:00 ERROR 'ansible_navigator.actions.collections._parse' /usr/share/ansible/collections/ansible_collections/network/backup/roles/restore/meta/argument_specs.yml Failed to find argument_specs.yml for role in network.backup.
2026-10-08T14:21:14.861826+00:00 ERROR 'ansible_navigator.actions.collections._parse' /usr/share/ansible/collections/ansible_collections/network/backup/roles/restore/meta/main.yml Failed to find main.yml for role in network.backup.
2026-10-08T14:21:14.861874+00:00 ERROR 'ansible_navigator.actions.collections._parse' /usr/share/ansible/collections/ansible_collections/network/base/roles/configure/meta/argument_specs.yml Failed to find argument_specs.yml for role in network.base.
2026-10-08T14:21:14.861906+00:00 ERROR 'ansible_navigator.actions.collections._parse' /usr/share/ansible/collections/ansible_collections/network/base/roles/configure/meta/main.yml Failed to find main.yml for role in network.base.
2026-10-08T14:21:14.861945+00:00 ERROR 'ansible_navigator.actions.collections._parse' /usr/share/ansible/collections/ansible_collections/network/base/roles/deploy/meta/argument_specs.yml Failed to find argument_specs.yml for role in network.base.
2026-10-08T14:21:14.861969+00:00 ERROR 'ansible_navigator.actions.collections._parse' /usr/share/ansible/collections/ansible_collections/network/base/roles/deploy/meta/main.yml Failed to find main.yml for role in network.base.
2026-10-08T14:21:14.861989+00:00 ERROR 'ansible_navigator.actions.collections._parse' /usr/share/ansible/collections/ansible_collections/network/base/roles/detect/meta/argument_specs.yml Failed to find argument_specs.yml for role in network.base.
2026-10-08T14:21:14.862007+00:00 ERROR 'ansible_navigator.actions.collections._parse' /usr/share/ansible/collections/ansible_collections/network/base/roles/detect/meta/main.yml Failed to find main.yml for role in network.base.
2026-10-08T14:21:14.862025+00:00 ERROR 'ansible_navigator.actions.collections._parse' /usr/share/ansible/collections/ansible_collections/network/base/roles/gather/meta/argument_specs.yml Failed to find argument_specs.yml for role in network.base.
2026-10-08T14:21:14.862053+00:00 ERROR 'ansible_navigator.actions.collections._parse' /usr/share/ansible/collections/ansible_collections/network/base/roles/gather/meta/main.yml Failed to find main.yml for role in network.base.
2026-10-08T14:21:14.862075+00:00 ERROR 'ansible_navigator.actions.collections._parse' /usr/share/ansible/collections/ansible_collections/network/base/roles/list/meta/argument_specs.yml Failed to find argument_specs.yml for role in network.base.
2026-10-08T14:21:14.862092+00:00 ERROR 'ansible_navigator.actions.collections._parse' /usr/share/ansible/collections/ansible_collections/network/base/roles/list/meta/main.yml Failed to find main.yml for role in network.base.
2026-10-08T14:21:14.862109+00:00 ERROR 'ansible_navigator.actions.collections._parse' /usr/share/ansible/collections/ansible_collections/network/base/roles/persist/meta/argument_specs.yml Failed to find argument_specs.yml for role in network.base.
2026-10-08T14:21:14.862126+00:00 ERROR 'ansible_navigator.actions.collections._parse' /usr/share/ansible/collections/ansible_collections/network/base/roles/persist/meta/main.yml Failed to find main.yml for role in network.base.
2026-10-08T14:21:14.862143+00:00 ERROR 'ansible_navigator.actions.collections._parse' /usr/share/ansible/collections/ansible_collections/network/base/roles/remediate/meta/argument_specs.yml Failed to find argument_specs.yml for role in network.base.
2026-10-08T14:21:14.862160+00:00 ERROR 'ansible_navigator.actions.collections._parse' /usr/share/ansible/collections/ansible_collections/network/base/roles/remediate/meta/main.yml Failed to find main.yml for role in network.base.
2026-10-08T14:21:14.862176+00:00 ERROR 'ansible_navigator.actions.collections._parse' /usr/share/ansible/collections/ansible_collections/network/base/roles/resource_manager/meta/argument_specs.yml Failed to find argument_specs.yml for role in network.base.
2026-10-08T14:21:14.862193+00:00 ERROR 'ansible_navigator.actions.collections._parse' /usr/share/ansible/collections/ansible_collections/network/base/roles/resource_manager/meta/main.yml Failed to find main.yml for role in network.base.
2026-10-08T14:21:14.862210+00:00 ERROR 'ansible_navigator.actions.collections._parse' /usr/share/ansible/collections/ansible_collections/network/base/roles/resource_manager/README.md Failed to find README.md for role in network.base.
2026-10-08T14:21:14.862230+00:00 ERROR 'ansible_navigator.actions.collections._parse' /usr/share/ansible/collections/ansible_collections/network/healthchecks/roles/bgp/meta/argument_specs.yml Failed to find argument_specs.yml for role in network.healthchecks.
2026-10-08T14:21:14.862248+00:00 ERROR 'ansible_navigator.actions.collections._parse' /usr/share/ansible/collections/ansible_collections/network/healthchecks/roles/bgp/meta/main.yml Failed to find main.yml for role in network.healthchecks.
2026-10-08T14:21:14.862265+00:00 ERROR 'ansible_navigator.actions.collections._parse' /usr/share/ansible/collections/ansible_collections/network/healthchecks/roles/cpu/meta/argument_specs.yml Failed to find argument_specs.yml for role in network.healthchecks.
2026-10-08T14:21:14.862282+00:00 ERROR 'ansible_navigator.actions.collections._parse' /usr/share/ansible/collections/ansible_collections/network/healthchecks/roles/cpu/meta/main.yml Failed to find main.yml for role in network.healthchecks.
2026-10-08T14:21:14.862299+00:00 ERROR 'ansible_navigator.actions.collections._parse' /usr/share/ansible/collections/ansible_collections/network/healthchecks/roles/crashfiles/meta/argument_specs.yml Failed to find argument_specs.yml for role in network.healthchecks.
2026-10-08T14:21:14.862315+00:00 ERROR 'ansible_navigator.actions.collections._parse' /usr/share/ansible/collections/ansible_collections/network/healthchecks/roles/crashfiles/meta/main.yml Failed to find main.yml for role in network.healthchecks.
2026-10-08T14:21:14.862332+00:00 ERROR 'ansible_navigator.actions.collections._parse' /usr/share/ansible/collections/ansible_collections/network/healthchecks/roles/environment/meta/argument_specs.yml Failed to find argument_specs.yml for role in network.healthchecks.
2026-10-08T14:21:14.862349+00:00 ERROR 'ansible_navigator.actions.collections._parse' /usr/share/ansible/collections/ansible_collections/network/healthchecks/roles/environment/meta/main.yml Failed to find main.yml for role in network.healthchecks.
2026-10-08T14:21:14.862366+00:00 ERROR 'ansible_navigator.actions.collections._parse' /usr/share/ansible/collections/ansible_collections/network/healthchecks/roles/filesystem/meta/argument_specs.yml Failed to find argument_specs.yml for role in network.healthchecks.
2026-10-08T14:21:14.862383+00:00 ERROR 'ansible_navigator.actions.collections._parse' /usr/share/ansible/collections/ansible_collections/network/healthchecks/roles/filesystem/meta/main.yml Failed to find main.yml for role in network.healthchecks.
2026-10-08T14:21:14.862400+00:00 ERROR 'ansible_navigator.actions.collections._parse' /usr/share/ansible/collections/ansible_collections/network/healthchecks/roles/interfaces/meta/argument_specs.yml Failed to find argument_specs.yml for role in network.healthchecks.
2026-10-08T14:21:14.862417+00:00 ERROR 'ansible_navigator.actions.collections._parse' /usr/share/ansible/collections/ansible_collections/network/healthchecks/roles/interfaces/meta/main.yml Failed to find main.yml for role in network.healthchecks.
2026-10-08T14:21:14.862433+00:00 ERROR 'ansible_navigator.actions.collections._parse' /usr/share/ansible/collections/ansible_collections/network/healthchecks/roles/ip_reachability/meta/argument_specs.yml Failed to find argument_specs.yml for role in network.healthchecks.
2026-10-08T14:21:14.862450+00:00 ERROR 'ansible_navigator.actions.collections._parse' /usr/share/ansible/collections/ansible_collections/network/healthchecks/roles/ip_reachability/meta/main.yml Failed to find main.yml for role in network.healthchecks.
2026-10-08T14:21:14.862467+00:00 ERROR 'ansible_navigator.actions.collections._parse' /usr/share/ansible/collections/ansible_collections/network/healthchecks/roles/memory/meta/argument_specs.yml Failed to find argument_specs.yml for role in network.healthchecks.
2026-10-08T14:21:14.862484+00:00 ERROR 'ansible_navigator.actions.collections._parse' /usr/share/ansible/collections/ansible_collections/network/healthchecks/roles/memory/meta/main.yml Failed to find main.yml for role in network.healthchecks.
2026-10-08T14:21:14.862503+00:00 ERROR 'ansible_navigator.actions.collections._parse' /usr/share/ansible/collections/ansible_collections/network/healthchecks/roles/ospf/meta/argument_specs.yml Failed to find argument_specs.yml for role in network.healthchecks.
2026-10-08T14:21:14.862520+00:00 ERROR 'ansible_navigator.actions.collections._parse' /usr/share/ansible/collections/ansible_collections/network/healthchecks/roles/ospf/meta/main.yml Failed to find main.yml for role in network.healthchecks.
2026-10-08T14:21:14.862537+00:00 ERROR 'ansible_navigator.actions.collections._parse' /usr/share/ansible/collections/ansible_collections/network/healthchecks/roles/uptime/meta/argument_specs.yml Failed to find argument_specs.yml for role in network.healthchecks.
2026-10-08T14:21:14.862554+00:00 ERROR 'ansible_navigator.actions.collections._parse' /usr/share/ansible/collections/ansible_collections/network/healthchecks/roles/uptime/meta/main.yml Failed to find main.yml for role in network.healthchecks.
2026-10-08T14:21:14.862571+00:00 ERROR 'ansible_navigator.actions.collections._parse' /usr/share/ansible/collections/ansible_collections/network/inventory_reports/roles/configure/meta/argument_specs.yml Failed to find argument_specs.yml for role in network.inventory_reports.
2026-10-08T14:21:14.862587+00:00 ERROR 'ansible_navigator.actions.collections._parse' /usr/share/ansible/collections/ansible_collections/network/inventory_reports/roles/configure/meta/main.yml Failed to find main.yml for role in network.inventory_reports.
2026-10-08T14:21:14.862615+00:00 ERROR 'ansible_navigator.actions.collections._parse' /usr/share/ansible/collections/ansible_collections/network/inventory_reports/roles/deploy/meta/argument_specs.yml Failed to find argument_specs.yml for role in network.inventory_reports.
2026-10-08T14:21:14.862633+00:00 ERROR 'ansible_navigator.actions.collections._parse' /usr/share/ansible/collections/ansible_collections/network/inventory_reports/roles/deploy/meta/main.yml Failed to find main.yml for role in network.inventory_reports.
2026-10-08T14:21:14.862650+00:00 ERROR 'ansible_navigator.actions.collections._parse' /usr/share/ansible/collections/ansible_collections/network/inventory_reports/roles/detect/meta/argument_specs.yml Failed to find argument_specs.yml for role in network.inventory_reports.
2026-10-08T14:21:14.862667+00:00 ERROR 'ansible_navigator.actions.collections._parse' /usr/share/ansible/collections/ansible_collections/network/inventory_reports/roles/detect/meta/main.yml Failed to find main.yml for role in network.inventory_reports.
2026-10-08T14:21:14.862684+00:00 ERROR 'ansible_navigator.actions.collections._parse' /usr/share/ansible/collections/ansible_collections/network/inventory_reports/roles/gather/meta/argument_specs.yml Failed to find argument_specs.yml for role in network.inventory_reports.
2026-10-08T14:21:14.862701+00:00 ERROR 'ansible_navigator.actions.collections._parse' /usr/share/ansible/collections/ansible_collections/network/inventory_reports/roles/gather/meta/main.yml Failed to find main.yml for role in network.inventory_reports.
2026-10-08T14:21:14.862718+00:00 ERROR 'ansible_navigator.actions.collections._parse' /usr/share/ansible/collections/ansible_collections/network/inventory_reports/roles/generate_report/meta/argument_specs.yml Failed to find argument_specs.yml for role in network.inventory_reports.
2026-10-08T14:21:14.862735+00:00 ERROR 'ansible_navigator.actions.collections._parse' /usr/share/ansible/collections/ansible_collections/network/inventory_reports/roles/generate_report/meta/main.yml Failed to find main.yml for role in network.inventory_reports.
2026-10-08T14:21:14.862751+00:00 ERROR 'ansible_navigator.actions.collections._parse' /usr/share/ansible/collections/ansible_collections/network/inventory_reports/roles/list/meta/argument_specs.yml Failed to find argument_specs.yml for role in network.inventory_reports.
2026-10-08T14:21:14.862771+00:00 ERROR 'ansible_navigator.actions.collections._parse' /usr/share/ansible/collections/ansible_collections/network/inventory_reports/roles/list/meta/main.yml Failed to find main.yml for role in network.inventory_reports.
2026-10-08T14:21:14.862787+00:00 ERROR 'ansible_navigator.actions.collections._parse' /usr/share/ansible/collections/ansible_collections/network/inventory_reports/roles/persist/meta/argument_specs.yml Failed to find argument_specs.yml for role in network.inventory_reports.
2026-10-08T14:21:14.862804+00:00 ERROR 'ansible_navigator.actions.collections._parse' /usr/share/ansible/collections/ansible_collections/network/inventory_reports/roles/persist/meta/main.yml Failed to find main.yml for role in network.inventory_reports.
2026-10-08T14:21:14.862821+00:00 ERROR 'ansible_navigator.actions.collections._parse' /usr/share/ansible/collections/ansible_collections/network/inventory_reports/roles/remediate/meta/argument_specs.yml Failed to find argument_specs.yml for role in network.inventory_reports.
2026-10-08T14:21:14.862838+00:00 ERROR 'ansible_navigator.actions.collections._parse' /usr/share/ansible/collections/ansible_collections/network/inventory_reports/roles/remediate/meta/main.yml Failed to find main.yml for role in network.inventory_reports.
2026-10-08T14:21:22.914364+00:00 ERROR 'ansible_navigator.actions.collections._build_collection_content_menu' error loading plugin doc {'path': 'plugins/connection/libssh.py', 'type': 'connection'}
Traceback (most recent call last):
  File "/usr/lib/python3.11/site-packages/ansible_navigator/actions/collections.py", line 331, in _build_collection_content_menu
    plugin = loaded["plugin"]
             ~~~~~~^^^^^^^^^^
KeyError: 'plugin'
